{"type":"FeatureCollection","features":[{"type":"Feature","properties":{"l":0},"geometry":{"type":"LineString","coordinates":[[47.98,8],[48.12,8.22],[48.28,8.44],[48.42,8.68],[48.62,8.96],[48.8,9.24],[48.94,9.46],[48.94,9.56],[48.94,9.8],[48.94,9.98],[48.94,10.44],[48.94,10.72],[48.94,10.98],[48.94,11.26]]}},{"type":"Feature","properties":{"l":0},"geometry":{"type":"LineString","coordinates":[[47.98,8],[47.74,7.76],[47.46,7.5],[47.16,7.2],[46.98,7.02],[46.68,6.74],[46.42,6.5],[46.16,6.24],[45.94,6],[45.64,5.66],[45.44,5.46],[45.14,5.12],[44.94,4.92],[44.64,4.92],[44.36,4.94],[44.02,4.96],[43.88,4.94],[43.82,4.92],[43.58,4.86],[43.34,4.76],[43.12,4.64],[43.02,4.56],[42.94,4.44],[42.9,4.36],[42.86,4.32],[42.8,4.3],[42.36,4.22],[42.22,4.2],[42.02,4.14],[41.92,4.04],[41.88,3.98]]}},{"type":"Feature","properties":{"l":0},"geometry":{"type":"LineString","coordinates":[[34.24,31.2],[34.34,31.3],[34.36,31.36],[34.52,31.52],[34.48,31.58]]}},{"type":"Feature","properties":{"l":0},"geometry":{"type":"LineString","coordinates":[[35.56,32.4],[35.48,32.4],[35.4,32.46],[35.36,32.5],[35.3,32.52],[35.2,32.54],[35.06,32.46],[35.02,32.34],[35,32.28],[34.96,32.16],[34.98,32.08],[34.98,32],[34.98,31.92],[34.96,31.84],[35.06,31.84],[35.12,31.82],[35.2,31.78],[35.16,31.74],[35.04,31.68],[34.96,31.6],[34.92,31.54],[34.88,31.4],[34.9,31.36],[35.1,31.36],[35.28,31.42],[35.4,31.48],[35.46,31.48]]}},{"type":"Feature","properties":{"l":0},"geometry":{"type":"LineString","coordinates":[[35.1,33.08],[35.22,33.1],[35.3,33.08],[35.42,33.08],[35.5,33.12],[35.54,33.26],[35.58,33.28],[35.6,33.24]]}},{"type":"Feature","properties":{"l":0},"geometry":{"type":"LineString","coordinates":[[35.78,32.74],[35.84,32.82],[35.84,32.88],[35.88,32.94],[35.86,32.98],[35.84,33.08],[35.82,33.14],[35.82,33.2],[35.8,33.26],[35.8,33.34],[35.84,33.42]]}},{"type":"Feature","properties":{"l":0},"geometry":{"type":"LineString","coordinates":[[34,35.06],[33.9,35.08],[33.84,35.06],[33.76,35.04],[33.68,35.02],[33.62,35.02],[33.52,35.04],[33.48,35],[33.46,35.1],[33.42,35.14],[33.32,35.16],[33.24,35.16],[33.2,35.18],[33.08,35.14],[32.98,35.12],[32.92,35.08],[32.86,35.08],[32.78,35.12],[32.72,35.14],[32.72,35.18]]}},{"type":"Feature","properties":{"l":0},"geometry":{"type":"LineString","coordinates":[[77.8,35.5],[77.86,35.46],[77.94,35.48],[78,35.5],[78.04,35.44],[78,35.3],[78.02,35.26],[78.08,35.14],[78.16,34.94],[78.24,34.76],[78.28,34.66],[78.32,34.6],[78.52,34.56],[78.68,34.52],[78.76,34.46],[78.86,34.4],[78.94,34.36],[78.98,34.3],[78.98,34.22],[78.94,34.18],[78.76,34.08],[78.72,34.02],[78.76,33.88],[78.78,33.8],[78.78,33.66],[78.8,33.5],[78.86,33.44],[78.92,33.38]]}},{"type":"Feature","properties":{"l":0},"geometry":{"type":"LineString","coordinates":[[77.04,35.1],[77.04,35.06],[77,35],[76.9,34.94],[76.78,34.9],[76.74,34.84],[76.7,34.78],[76.6,34.74],[76.5,34.74],[76.46,34.76],[76.18,34.66],[76.04,34.66],[75.94,34.62],[75.86,34.56],[75.7,34.5],[75.6,34.5],[75.46,34.54],[75.32,34.58]]}},{"type":"Feature","properties":{"l":0},"geometry":{"type":"LineString","coordinates":[[91.64,27.76],[91.72,27.76],[91.82,27.74],[91.9,27.72],[91.98,27.74],[92.1,27.8],[92.16,27.82],[92.22,27.82],[92.34,27.82],[92.42,27.82],[92.48,27.84],[92.54,27.88],[92.66,27.94],[92.68,28.02],[92.64,28.06],[92.7,28.14],[92.88,28.22],[93.04,28.32],[93.18,28.36],[93.18,28.44],[93.24,28.5],[93.32,28.6],[93.36,28.66],[93.66,28.7],[93.76,28.72],[93.9,28.74],[93.98,28.86],[94.06,28.9],[94.26,28.96],[94.3,29.06],[94.3,29.14],[94.46,29.22],[94.62,29.32],[94.68,29.3],[94.74,29.26],[94.76,29.2],[94.96,29.14],[95.14,29.1],[95.28,29.04],[95.36,29.04],[95.42,29.06],[95.46,29.1],[95.5,29.14],[95.52,29.2],[95.72,29.24],[95.76,29.34],[95.88,29.34],[96.04,29.36],[96.12,29.38],[96.2,29.28],[96.34,29.26],[96.34,29.2],[96.28,29.16],[96.18,29.12],[96.2,28.96],[96.34,29.02],[96.44,29.06],[96.48,28.96],[96.56,28.82],[96.58,28.76],[96.48,28.6],[96.32,28.5],[96.28,28.42],[96.32,28.38],[96.36,28.36],[96.42,28.4],[96.6,28.46],[96.66,28.44],[96.78,28.36],[96.84,28.36],[96.98,28.34],[97.08,28.36],[97.14,28.34],[97.28,28.24],[97.32,28.22]]}},{"type":"Feature","properties":{"l":0},"geometry":{"type":"LineString","coordinates":[[128.38,38.62],[128.28,38.52],[128.22,38.42],[128.16,38.36],[128.1,38.32],[128.04,38.3],[127.9,38.3],[127.78,38.3],[127.58,38.32],[127.3,38.32],[127.16,38.3],[127.1,38.28],[127,38.24],[126.94,38.18],[126.88,38.1],[126.76,37.98],[126.66,37.92],[126.66,37.82],[126.64,37.78]]}},{"type":"Feature","properties":{"l":0},"geometry":{"type":"LineString","coordinates":[[-8.68,27.66],[-8.82,27.66],[-8.78,27.54],[-8.78,27.46],[-8.8,27.36],[-8.8,27.3],[-8.78,27.26],[-8.76,27.2],[-8.8,27.12],[-8.88,27.1],[-9,27.1],[-9.08,27.1],[-9.2,27.1],[-9.28,27.1],[-9.36,27.1],[-9.42,27.08],[-9.48,27.06],[-9.56,27],[-9.68,26.92],[-9.74,26.86],[-9.82,26.86],[-9.9,26.86],[-9.98,26.9],[-10.04,26.92],[-10.12,26.88],[-10.18,26.86],[-10.26,26.86],[-10.36,26.9],[-10.48,26.96],[-10.56,27],[-10.66,27],[-10.76,27.02],[-10.84,27.02],[-10.92,27.02],[-11.04,26.98],[-11.16,26.94],[-11.26,26.92],[-11.4,26.88],[-11.36,26.8],[-11.32,26.74],[-11.32,26.68],[-11.34,26.64],[-11.4,26.58],[-11.48,26.52],[-11.52,26.48],[-11.56,26.4],[-11.58,26.36],[-11.64,26.3],[-11.68,26.22],[-11.7,26.16],[-11.72,26.1],[-11.88,26.08],[-11.96,26.06],[-12.04,26.04],[-12.06,26],[-12.08,25.92],[-12.1,25.84],[-12.14,25.74],[-12.18,25.64],[-12.2,25.52],[-12.24,25.42],[-12.28,25.26],[-12.32,25.12],[-12.36,24.98],[-12.4,24.88],[-12.44,24.84],[-12.5,24.78],[-12.56,24.74],[-12.64,24.68],[-12.72,24.64],[-12.82,24.58],[-12.92,24.52],[-13,24.48],[-13.06,24.4],[-13.12,24.3],[-13.16,24.22],[-13.24,24.1],[-13.28,24.02],[-13.4,23.94],[-13.48,23.92],[-13.58,23.88],[-13.66,23.84],[-13.78,23.8],[-13.84,23.76],[-13.9,23.7],[-13.94,23.62],[-13.98,23.52],[-14.02,23.42],[-14.04,23.34],[-14.1,23.1],[-14.12,22.96],[-14.14,22.88],[-14.18,22.76],[-14.2,22.6],[-14.2,22.46],[-14.22,22.38],[-14.22,22.32],[-14.28,22.24],[-14.32,22.2],[-14.38,22.12],[-14.44,22.08],[-14.52,22],[-14.58,21.92],[-14.64,21.86],[-14.62,21.76],[-14.64,21.68],[-14.68,21.6],[-14.76,21.5],[-14.84,21.46],[-14.98,21.44],[-15.16,21.44],[-15.3,21.46],[-15.46,21.46],[-15.62,21.48],[-15.76,21.5],[-15.92,21.5],[-16.04,21.5],[-16.2,21.48],[-16.58,21.48],[-16.74,21.48],[-16.96,21.44],[-17,21.42]]}},{"type":"Feature","properties":{"l":0},"geometry":{"type":"LineString","coordinates":[[35.92,4.62],[35.84,4.7],[35.76,4.8],[35.76,4.96],[35.78,5.1],[35.8,5.16],[35.78,5.2],[35.8,5.28],[35.74,5.34],[35.46,5.42],[35.38,5.38],[35.32,5.36],[35.26,5.42],[35.26,5.5]]}},{"type":"Feature","properties":{"l":0},"geometry":{"type":"LineString","coordinates":[[-124.76,48.5],[-124.58,48.44],[-124.42,48.4],[-124.22,48.36],[-124.02,48.3],[-123.86,48.26],[-123.64,48.22],[-123.54,48.22],[-123.38,48.24],[-123.2,48.34],[-123.14,48.4],[-123.16,48.46],[-123.22,48.54],[-123.24,48.64],[-123.22,48.68],[-123.02,48.76],[-123.02,48.82],[-123.18,48.92],[-123.32,49]]}},{"type":"Feature","properties":{"l":0},"geometry":{"type":"LineString","coordinates":[[91.64,27.76],[91.64,27.92],[91.5,27.98],[91.36,28.02],[91.3,28.06],[91.22,28.08],[91.14,28.02],[91.08,27.98],[91.02,27.98],[90.96,28],[90.9,28.02],[90.72,28.08],[90.64,28.08],[90.48,28.08],[90.36,28.08],[90.34,28.12]]}},{"type":"Feature","properties":{"l":0},"geometry":{"type":"LineString","coordinates":[[23.6,51.52],[23.6,51.62],[23.7,51.64],[23.8,51.64],[23.86,51.62],[23.96,51.58],[24.12,51.66],[24.28,51.78],[24.32,51.84],[24.5,51.88],[24.62,51.88],[24.68,51.88],[24.86,51.9],[24.98,51.92],[25.06,51.94],[25.26,51.94],[25.58,51.92],[25.78,51.92],[25.92,51.92],[26.26,51.86],[26.4,51.84],[26.46,51.82],[26.56,51.8],[26.78,51.78],[26.96,51.76],[27.08,51.76],[27.14,51.76],[27.28,51.62],[27.34,51.6],[27.46,51.6],[27.6,51.6],[27.68,51.58],[27.68,51.48],[27.74,51.48],[27.78,51.52],[27.82,51.58],[28.02,51.56],[28.08,51.56],[28.14,51.6],[28.3,51.58],[28.42,51.56],[28.54,51.56],[28.6,51.54],[28.64,51.46],[28.74,51.44],[28.8,51.52],[28.84,51.54],[28.92,51.56],[28.98,51.58],[29.06,51.62],[29.14,51.62],[29.18,51.58],[29.24,51.5],[29.3,51.42],[29.34,51.38],[29.46,51.4],[29.56,51.44],[29.7,51.44],[29.9,51.46],[30.06,51.48],[30.16,51.48],[30.22,51.46],[30.3,51.4],[30.34,51.32],[30.44,51.28],[30.54,51.26],[30.58,51.32],[30.64,51.36],[30.62,51.4],[30.6,51.48],[30.56,51.54],[30.54,51.6],[30.58,51.68],[30.64,51.78],[30.66,51.82],[30.76,51.9],[30.84,51.96],[30.98,52.04],[31.08,52.08],[31.16,52.06],[31.22,52.06],[31.34,52.1],[31.58,52.1],[31.76,52.1]]}},{"type":"Feature","properties":{"l":0},"geometry":{"type":"LineString","coordinates":[[35.84,33.42],[35.78,33.36],[35.74,33.34],[35.62,33.28],[35.6,33.24]]}},{"type":"Feature","properties":{"l":0},"geometry":{"type":"LineString","coordinates":[[35.84,33.42],[35.92,33.46],[35.96,33.54],[36.02,33.56],[35.98,33.62],[35.94,33.66],[35.96,33.74],[36.02,33.78],[36.1,33.84],[36.14,33.84],[36.28,33.84],[36.34,33.82],[36.28,33.9],[36.3,33.96],[36.36,34.02],[36.42,34.04],[36.54,34.14],[36.58,34.22],[36.5,34.44],[36.46,34.46],[36.38,34.5],[36.32,34.52],[36.38,34.56],[36.44,34.62],[36.38,34.66],[36.3,34.68],[36.26,34.64],[36.16,34.62],[35.98,34.62]]}},{"type":"Feature","properties":{"l":0},"geometry":{"type":"LineString","coordinates":[[34.68,-12],[34.74,-12.02],[34.74,-12.08],[34.68,-12.12],[34.66,-12.04],[34.68,-12]]}},{"type":"Feature","properties":{"l":0},"geometry":{"type":"LineString","coordinates":[[80.2,42.2],[80.26,42.24],[80.2,42.4],[80.18,42.52],[80.16,42.62],[80.2,42.74],[80.26,42.8],[80.42,42.86],[80.54,42.88],[80.46,42.94],[80.38,42.98],[80.4,43.04],[80.5,43.08],[80.62,43.12],[80.76,43.1],[80.78,43.16],[80.76,43.2],[80.72,43.28],[80.66,43.32],[80.7,43.42],[80.66,43.56],[80.6,43.68],[80.5,43.9],[80.44,43.96],[80.4,44.04],[80.36,44.1],[80.36,44.18],[80.36,44.22],[80.36,44.32],[80.34,44.44],[80.36,44.56],[80.4,44.62],[80.4,44.68],[80.46,44.68],[80.46,44.74],[80.36,44.78],[80.26,44.8],[80.12,44.8],[80,44.8],[79.94,44.82],[79.88,44.86],[79.96,44.94],[80.06,45],[80.22,45.04],[80.42,45.08],[80.5,45.1],[80.64,45.12],[80.78,45.14],[80.86,45.12],[81.04,45.16],[81.34,45.24],[81.6,45.32],[81.7,45.34],[81.76,45.32],[81.78,45.22],[81.86,45.18],[81.94,45.16],[82.12,45.2],[82.26,45.22],[82.32,45.2],[82.4,45.16],[82.48,45.12],[82.56,45.16],[82.6,45.22],[82.62,45.3],[82.62,45.38],[82.62,45.42],[82.46,45.48],[82.32,45.52],[82.32,45.6],[82.34,45.68],[82.42,45.82],[82.52,46],[82.56,46.16],[82.7,46.38],[82.8,46.62],[82.98,46.96],[83,47.04],[83.02,47.14],[83.1,47.2],[83.2,47.18],[83.44,47.1],[83.64,47.04],[83.72,47.02],[83.84,47],[84.02,46.98],[84.12,46.98],[84.22,47],[84.34,47],[84.54,46.98],[84.6,46.98],[84.66,46.98],[84.72,46.94],[84.74,46.86],[84.78,46.84],[84.86,46.84],[85.02,46.9],[85.12,46.96],[85.24,47.04],[85.36,47.04],[85.48,47.06],[85.52,47.1],[85.58,47.18],[85.66,47.26],[85.66,47.34],[85.64,47.4],[85.58,47.5],[85.58,47.56],[85.56,47.74],[85.52,47.92],[85.56,48.06],[85.62,48.2],[85.66,48.26],[85.7,48.32],[85.74,48.38],[85.82,48.4],[86.06,48.42],[86.26,48.46],[86.38,48.48],[86.48,48.5],[86.54,48.52],[86.66,48.64],[86.72,48.7],[86.76,48.86],[86.72,48.94],[86.76,49],[86.8,49.04],[86.88,49.1],[86.94,49.1],[87.04,49.1],[87.22,49.1],[87.32,49.08]]}},{"type":"Feature","properties":{"l":0},"geometry":{"type":"LineString","coordinates":[[23.48,53.94],[23.56,53.92],[23.74,53.92],[23.88,53.94],[23.94,53.94],[24,53.94],[24.1,53.94],[24.2,53.96],[24.24,53.92],[24.32,53.9],[24.48,53.94],[24.62,53.98],[24.76,53.98],[24.82,54.12],[24.86,54.14],[25.04,54.14],[25.12,54.16],[25.18,54.22],[25.28,54.26],[25.38,54.26],[25.46,54.3],[25.5,54.26],[25.52,54.22],[25.52,54.16],[25.58,54.14],[25.68,54.14],[25.74,54.16],[25.76,54.22],[25.7,54.3],[25.62,54.32],[25.56,54.32],[25.56,54.38],[25.62,54.46],[25.68,54.54],[25.74,54.6],[25.72,54.72],[25.78,54.84],[25.86,54.92],[25.96,54.94],[26.1,54.96],[26.18,55],[26.22,55.06],[26.26,55.12],[26.6,55.14],[26.64,55.2],[26.74,55.24],[26.76,55.3],[26.68,55.3],[26.5,55.32],[26.46,55.38],[26.52,55.44],[26.56,55.54],[26.6,55.62],[26.6,55.66]]}},{"type":"Feature","properties":{"l":0},"geometry":{"type":"LineString","coordinates":[[-53.38,-33.74],[-53.46,-33.7],[-53.52,-33.68],[-53.54,-33.62],[-53.54,-33.5],[-53.54,-33.18],[-53.52,-33.1],[-53.4,-33.02],[-53.32,-32.92],[-53.22,-32.82],[-53.12,-32.74],[-53.16,-32.68],[-53.24,-32.62],[-53.36,-32.58],[-53.48,-32.5],[-53.6,-32.4],[-53.66,-32.3],[-53.7,-32.18],[-53.74,-32.1],[-53.8,-32.04],[-53.88,-32],[-53.92,-31.96],[-53.98,-31.92],[-54.1,-31.9],[-54.22,-31.86],[-54.36,-31.74],[-54.48,-31.62],[-54.54,-31.54],[-54.58,-31.48],[-54.9,-31.4],[-55.04,-31.28],[-55.1,-31.32],[-55.18,-31.28],[-55.26,-31.22],[-55.32,-31.14],[-55.34,-31.1],[-55.36,-31.04],[-55.44,-30.96],[-55.56,-30.88],[-55.6,-30.86],[-55.66,-30.9],[-55.7,-30.94],[-55.76,-30.98],[-55.8,-31.04]]}},{"type":"Feature","properties":{"l":0},"geometry":{"type":"LineString","coordinates":[[116.68,49.82],[116.58,49.68],[116.4,49.4],[116.24,49.18],[116.16,49.04],[116.1,48.94],[116.04,48.84],[116.02,48.78],[115.96,48.68],[115.82,48.58],[115.8,48.46],[115.8,48.34],[115.78,48.24],[115.64,48.18],[115.52,48.14],[115.56,47.94],[115.62,47.88],[115.72,47.8],[115.82,47.74],[115.9,47.68],[116,47.72],[116.08,47.78],[116.24,47.86],[116.32,47.86],[116.38,47.84],[116.52,47.84],[116.66,47.86],[116.76,47.86],[116.9,47.86],[116.96,47.84],[117.06,47.8],[117.2,47.74],[117.28,47.66],[117.36,47.66],[117.46,47.74],[117.56,47.8],[117.68,47.9],[117.76,47.98],[117.84,48],[117.98,48],[118.04,48.02],[118.14,48.02],[118.24,48],[118.5,47.98],[118.56,47.94],[118.7,47.82],[118.76,47.76],[118.88,47.72],[118.96,47.7],[119.02,47.68],[119.08,47.66],[119.12,47.56],[119.16,47.52],[119.24,47.5],[119.3,47.48],[119.32,47.42],[119.38,47.38],[119.52,47.26],[119.6,47.22],[119.72,47.14],[119.76,47.1],[119.76,47.02],[119.78,46.98],[119.86,46.9],[119.9,46.86],[119.88,46.8],[119.9,46.74],[119.86,46.68],[119.74,46.62],[119.62,46.6],[119.48,46.62],[119.34,46.62],[119.16,46.64],[119.02,46.7],[118.96,46.74],[118.84,46.76],[118.8,46.74],[118.72,46.7],[118.64,46.7],[118.58,46.7],[118.4,46.7],[118.3,46.72],[118.16,46.68],[118.08,46.66],[117.92,46.62],[117.82,46.54],[117.74,46.52],[117.68,46.52],[117.62,46.56],[117.54,46.58],[117.44,46.58],[117.4,46.54],[117.36,46.44],[117.34,46.36],[117.26,46.36],[117.16,46.36],[116.98,46.36],[116.86,46.38],[116.78,46.38],[116.68,46.32],[116.62,46.32],[116.56,46.28],[116.52,46.2],[116.44,46.16],[116.36,46.1],[116.26,45.96],[116.22,45.88],[116.24,45.8],[116.2,45.74],[116.1,45.68],[116.04,45.68],[115.94,45.62],[115.78,45.54],[115.68,45.46],[115.54,45.44],[115.44,45.42],[115.22,45.4],[115.16,45.4],[114.92,45.38],[114.74,45.42],[114.64,45.42],[114.56,45.38],[114.5,45.32],[114.42,45.2],[114.28,45.12],[114.16,45.04],[114.08,44.98],[114.04,44.94],[113.94,44.92],[113.88,44.9],[113.76,44.82],[113.66,44.76],[113.58,44.74],[113.5,44.76],[113.46,44.76],[113.3,44.8],[113.2,44.8],[113.04,44.82],[112.7,44.88],[112.6,44.92],[112.5,45.02],[112.42,45.06],[112.3,45.06],[112.12,45.06],[112.04,45.08],[111.9,45.06],[111.76,44.96],[111.68,44.9],[111.62,44.82],[111.54,44.68],[111.52,44.56],[111.48,44.52],[111.42,44.42],[111.4,44.36],[111.42,44.32],[111.48,44.28],[111.52,44.2],[111.6,44.1],[111.68,44.04],[111.84,43.94],[111.88,43.88],[111.94,43.82],[111.94,43.76],[111.88,43.68],[111.78,43.66],[111.72,43.62],[111.64,43.56],[111.54,43.5],[111.46,43.48],[111.18,43.4],[111.08,43.36],[111,43.34],[110.92,43.26],[110.84,43.2],[110.74,43.12],[110.7,43.08],[110.62,43],[110.52,42.9],[110.46,42.84],[110.4,42.78],[110.28,42.74],[110.2,42.72],[110.06,42.66],[109.86,42.6],[109.7,42.56],[109.6,42.52],[109.44,42.46],[109.34,42.44],[109.14,42.44],[108.88,42.42],[108.68,42.42],[108.54,42.42],[108.34,42.44],[108.18,42.44],[108.06,42.42],[107.8,42.4],[107.74,42.4],[107.3,42.34],[107.1,42.32],[106.9,42.3],[106.78,42.28],[106.7,42.26],[106.58,42.22],[106.52,42.22],[106.32,42.14],[105.86,42],[105.56,41.88],[105.52,41.86],[105.32,41.78],[105.2,41.74],[105.12,41.66],[105.06,41.62],[104.98,41.6],[104.86,41.64],[104.78,41.64],[104.5,41.66],[104.5,41.88],[104.3,41.84],[104,41.8],[103.72,41.76],[103.44,41.86],[103.24,41.94],[103.08,42],[102.8,42.06],[102.58,42.1],[102.16,42.16],[101.98,42.22],[101.88,42.3],[101.72,42.46],[101.66,42.5],[101.58,42.52],[101.5,42.54],[101.32,42.54],[101.1,42.56],[100.78,42.58],[100.52,42.62],[100.08,42.68],[99.98,42.68],[99.76,42.62],[99.46,42.56],[98.94,42.62],[98.72,42.64],[98.24,42.68],[97.72,42.74],[97.2,42.78],[96.84,42.76],[96.62,42.74],[96.38,42.72],[96.34,42.84],[96.3,42.92],[96.16,43.02],[96.08,43.1],[95.92,43.2],[95.86,43.28],[95.84,43.38],[95.68,43.66],[95.6,43.86],[95.52,43.96],[95.48,43.98],[95.36,44],[95.32,44.1],[95.34,44.2],[95.36,44.26],[95.04,44.26],[94.86,44.3],[94.72,44.36],[94.5,44.48],[94.36,44.52],[94.2,44.64],[93.96,44.68],[93.86,44.72],[93.76,44.84],[93.66,44.9],[93.52,44.94],[93.3,44.98],[92.92,45.02],[92.78,45.04],[92.58,45.02],[92.42,45],[92.18,45.04],[92.02,45.06],[91.86,45.06],[91.74,45.06],[91.58,45.08],[91.52,45.1],[91.44,45.12],[91.32,45.12],[91.22,45.14],[91.14,45.2],[91.04,45.22],[90.96,45.22],[90.88,45.2],[90.86,45.26],[90.76,45.38],[90.74,45.42],[90.7,45.48],[90.66,45.52],[90.68,45.6],[90.7,45.74],[90.8,45.86],[90.86,45.88],[90.88,45.92],[90.96,45.98],[91,46.04],[91,46.1],[90.94,46.18],[90.92,46.28],[90.92,46.32],[90.98,46.38],[91.04,46.52],[91,46.6],[91,46.66],[90.98,46.74],[90.92,46.88],[90.86,46.96],[90.8,46.98],[90.72,47],[90.64,47.1],[90.56,47.22],[90.5,47.28],[90.46,47.4],[90.42,47.5],[90.38,47.56],[90.34,47.6],[90.34,47.66],[90.2,47.7],[90.1,47.74],[90.06,47.8],[90.02,47.88],[89.96,47.88],[89.92,47.84],[89.84,47.82],[89.78,47.82],[89.72,47.86],[89.64,47.9],[89.56,48],[89.48,48.02],[89.32,48.02],[89.2,47.98],[89.12,47.98],[89.04,48],[88.98,48.04],[88.92,48.08],[88.84,48.1],[88.68,48.18],[88.58,48.22],[88.56,48.32],[88.52,48.38],[88.42,48.4],[88.3,48.48],[88.16,48.5],[88.06,48.54],[87.98,48.56],[88.02,48.64],[88.06,48.68],[88.02,48.74],[87.94,48.76],[87.84,48.8],[87.74,48.88],[87.8,48.94],[87.86,48.96],[87.84,49.04],[87.82,49.08],[87.82,49.16]]}},{"type":"Feature","properties":{"l":0},"geometry":{"type":"LineString","coordinates":[[13.82,48.76],[13.76,48.82],[13.68,48.88],[13.54,48.96],[13.44,48.96],[13.38,49],[13.34,49.06],[13.28,49.1],[13.22,49.12],[13.14,49.16],[13.02,49.26],[12.92,49.34],[12.82,49.32],[12.74,49.36],[12.68,49.42],[12.64,49.46],[12.56,49.58],[12.5,49.64],[12.46,49.68],[12.4,49.72],[12.46,49.8],[12.5,49.86],[12.46,49.96],[12.38,50],[12.28,50.04],[12.2,50.1],[12.18,50.14],[12.12,50.22],[12.08,50.26],[12.14,50.32],[12.24,50.24],[12.28,50.18],[12.36,50.28],[12.46,50.34],[12.54,50.4],[12.64,50.4],[12.7,50.4],[12.76,50.44],[12.86,50.42],[12.94,50.4],[13,50.46],[13.18,50.52],[13.24,50.58],[13.3,50.58],[13.38,50.62],[13.44,50.6],[13.52,50.7],[13.7,50.72],[13.9,50.76],[14,50.8],[14.1,50.82],[14.2,50.86],[14.36,50.9],[14.3,50.96],[14.26,51],[14.32,51.04],[14.5,51],[14.56,50.96],[14.6,50.92],[14.62,50.86],[14.66,50.84],[14.72,50.82],[14.8,50.84],[14.8,50.86]]}},{"type":"Feature","properties":{"l":0},"geometry":{"type":"LineString","coordinates":[[27.36,57.52],[27.18,57.54],[27.04,57.58],[26.96,57.6],[26.9,57.6],[26.82,57.58],[26.54,57.54],[26.46,57.54],[26.3,57.6],[26.22,57.66],[26.04,57.78],[26,57.84],[25.8,57.86],[25.72,57.92],[25.66,57.92],[25.58,57.94],[25.34,58.04],[25.28,58.04],[25.26,58],[25.18,58.04],[25.12,58.06],[24.92,58],[24.84,57.98],[24.78,57.98],[24.46,57.9],[24.36,57.86],[24.32,57.88]]}},{"type":"Feature","properties":{"l":0},"geometry":{"type":"LineString","coordinates":[[27.36,57.52],[27.46,57.52],[27.54,57.42],[27.68,57.36],[27.8,57.32],[27.84,57.24],[27.84,57.2],[27.76,57.14],[27.72,57.06],[27.72,56.98],[27.64,56.84],[27.8,56.86],[27.88,56.82],[27.9,56.74],[27.94,56.7],[28,56.64],[28.1,56.54],[28.16,56.38],[28.2,56.32],[28.2,56.26],[28.18,56.2],[28.14,56.14]]}},{"type":"Feature","properties":{"l":0},"geometry":{"type":"LineString","coordinates":[[21.04,56.08],[21.32,56.18],[21.66,56.32],[21.74,56.32],[22.04,56.4],[22.36,56.4],[22.58,56.38],[22.78,56.38],[22.88,56.4],[22.96,56.38],[23.04,56.32],[23.12,56.34],[23.2,56.36],[23.62,56.34],[23.7,56.34],[23.82,56.32],[24,56.3],[24.12,56.26],[24.36,56.28],[24.48,56.28],[24.52,56.3],[24.7,56.38],[24.78,56.4],[24.84,56.42],[24.9,56.4],[24.94,56.32],[25.06,56.2],[25.2,56.18],[25.58,56.14],[25.66,56.1],[25.88,56],[26,55.94],[26.08,55.9],[26.2,55.82],[26.28,55.76],[26.4,55.7],[26.54,55.68],[26.6,55.66]]}},{"type":"Feature","properties":{"l":0},"geometry":{"type":"LineString","coordinates":[[20.62,69.04],[20.5,69.04],[20.12,69.02],[20.28,68.94],[20.34,68.9],[20.34,68.84],[20.32,68.76],[20.24,68.68],[20.14,68.6],[19.96,68.54],[20.24,68.48],[20.06,68.4],[19.96,68.36],[19.88,68.36],[19.7,68.4],[19.26,68.46],[19.06,68.5],[18.86,68.5],[18.76,68.5],[18.38,68.56],[18.3,68.56],[18.16,68.52],[18.14,68.46],[18.16,68.32],[18.18,68.2],[18.12,68.14],[18.08,68.08],[17.92,67.96],[17.56,68.04],[17.32,68.1],[17.18,68.04],[16.78,67.9],[16.58,67.62],[16.46,67.56],[16.3,67.52],[16.2,67.5],[16.12,67.42],[16.28,67.32],[16.36,67.26],[16.44,67.16],[16.42,67.1],[16.24,66.98],[15.88,66.76],[15.56,66.56],[15.42,66.48],[15.48,66.3],[15.38,66.26],[15.16,66.2],[15.04,66.16],[14.92,66.16],[14.54,66.12],[14.6,65.94],[14.64,65.84],[14.64,65.8],[14.6,65.74],[14.54,65.64],[14.48,65.3],[14.42,65.26],[14.36,65.18],[14.12,64.94],[13.92,64.8],[13.66,64.58],[13.88,64.52],[14.08,64.46],[14.12,64.38],[14.14,64.26],[14.14,64.18],[14.06,64.1],[14,64.04],[13.68,64.04],[13.3,64.08],[13.2,64.08],[12.98,64.06],[12.8,64],[12.7,63.96],[12.54,63.84],[12.3,63.68],[12.18,63.6],[12.22,63.5],[12,63.3],[12.14,63.08],[12.22,63],[12.14,62.94],[12.12,62.82],[12.14,62.72],[12.12,62.66],[12.12,62.6],[12.3,62.28],[12.3,62.22],[12.24,61.98],[12.16,61.72],[12.3,61.66],[12.48,61.58],[12.6,61.54],[12.76,61.44],[12.88,61.36],[12.86,61.3],[12.82,61.22],[12.78,61.18],[12.72,61.1],[12.7,61.06],[12.46,61.04],[12.36,61.02],[12.3,61],[12.32,60.9],[12.44,60.68],[12.56,60.54],[12.58,60.46],[12.56,60.36],[12.52,60.3],[12.52,60.24],[12.48,60.1],[12.4,60.04],[12.3,59.96],[12.16,59.92],[12.08,59.9],[11.98,59.9],[11.94,59.86],[11.88,59.78],[11.84,59.7],[11.68,59.6],[11.74,59.44],[11.8,59.28],[11.76,59.16],[11.72,59.02],[11.64,58.92],[11.54,58.9],[11.48,58.9],[11.38,59.04],[11.34,59.08],[11.24,59.1],[11.14,59.08],[11.12,59.02],[11.06,58.96],[10.92,58.94]]}},{"type":"Feature","properties":{"l":0},"geometry":{"type":"LineString","coordinates":[[20.62,69.04],[20.68,69.06],[20.88,69.08],[21.06,69.04],[21.12,69.08],[21.06,69.18],[21.14,69.24],[21.26,69.28],[21.46,69.28],[21.6,69.28],[21.82,69.16],[21.98,69.04],[22.08,69],[22.3,68.86],[22.38,68.78],[22.42,68.72],[22.5,68.72],[22.82,68.7],[23.08,68.68],[23.14,68.64],[23.32,68.64],[23.46,68.68],[23.7,68.72],[23.78,68.76],[23.86,68.8],[24,68.8],[24.16,68.76],[24.34,68.72],[24.5,68.68],[24.7,68.66],[24.8,68.6],[24.94,68.6],[25.08,68.64],[25.18,68.76],[25.24,68.82],[25.36,68.86],[25.48,68.88],[25.58,68.88],[25.64,68.92],[25.74,69],[25.76,69.08],[25.74,69.24],[25.76,69.28],[25.86,69.36],[25.96,69.58],[26.02,69.66],[26.08,69.7],[26.16,69.72],[26.3,69.78],[26.52,69.92],[26.58,69.92],[26.74,69.94],[26.94,69.92],[27.1,69.9],[27.2,69.92],[27.34,69.96],[27.6,70.04],[27.74,70.06],[27.88,70.06],[28.04,69.98],[28.26,69.88],[28.42,69.82],[28.8,69.74],[29.14,69.68],[29.34,69.48],[29.24,69.4],[29.2,69.36],[29.02,69.28],[28.84,69.18],[28.84,69.12],[28.9,69.06],[28.96,69.02]]}},{"type":"Feature","properties":{"l":0},"geometry":{"type":"LineString","coordinates":[[104.42,10.42],[104.52,10.46],[104.56,10.52],[104.68,10.52],[104.82,10.52],[104.9,10.6],[104.98,10.66],[105.04,10.7],[105.04,10.8],[105.02,10.88],[105.16,10.9],[105.28,10.86],[105.38,10.94],[105.46,10.96],[105.58,10.96],[105.7,11],[105.76,10.98],[105.82,10.92],[105.86,10.86],[105.94,10.88],[106,10.86],[106.1,10.8],[106.16,10.8],[106.14,10.92],[106.16,11.02],[106.1,11.08],[105.9,11.24],[105.86,11.3],[105.86,11.38],[105.86,11.48],[105.84,11.56],[105.86,11.64],[105.92,11.66],[106,11.76],[106.1,11.76],[106.24,11.7],[106.34,11.68],[106.4,11.68],[106.42,11.74],[106.42,11.92],[106.5,11.96],[106.64,11.96],[106.7,11.98],[106.76,12.06],[106.94,12.08],[107.06,12.18],[107.16,12.28],[107.22,12.3],[107.28,12.32],[107.34,12.32],[107.4,12.26],[107.44,12.3],[107.5,12.36],[107.54,12.44],[107.56,12.54],[107.54,12.7],[107.52,12.84],[107.48,12.94],[107.48,13.04],[107.54,13.22],[107.6,13.44],[107.6,13.52],[107.52,13.66],[107.46,13.82],[107.38,14],[107.34,14.06],[107.34,14.12],[107.36,14.3],[107.36,14.36],[107.44,14.46],[107.5,14.54],[107.54,14.64],[107.52,14.7]]}},{"type":"Feature","properties":{"l":0},"geometry":{"type":"LineString","coordinates":[[-69.52,-17.5],[-69.5,-17.62],[-69.36,-17.78],[-69.32,-17.94],[-69.1,-18.06],[-69.12,-18.1],[-69.12,-18.2],[-69.1,-18.28],[-69.08,-18.36],[-69.06,-18.44],[-69.04,-18.56],[-69.02,-18.66],[-68.98,-18.82],[-68.96,-18.9],[-68.96,-18.96],[-68.94,-19.02],[-68.86,-19.1],[-68.76,-19.16],[-68.68,-19.24],[-68.62,-19.3],[-68.54,-19.34],[-68.5,-19.38],[-68.46,-19.44],[-68.58,-19.56],[-68.7,-19.72],[-68.58,-19.86],[-68.56,-19.96],[-68.6,-20.04],[-68.72,-20.06],[-68.76,-20.12],[-68.74,-20.22],[-68.68,-20.32],[-68.76,-20.38],[-68.74,-20.46],[-68.7,-20.5],[-68.5,-20.62],[-68.56,-20.72],[-68.56,-20.84],[-68.56,-20.9],[-68.44,-20.94],[-68.32,-21.12],[-68.2,-21.3],[-68.2,-21.44],[-68.18,-21.62],[-68.12,-21.76],[-68.1,-21.86],[-68.08,-21.98],[-67.98,-22.06],[-67.96,-22.2],[-67.94,-22.28],[-67.96,-22.34],[-67.88,-22.5],[-67.88,-22.64],[-67.88,-22.72],[-67.88,-22.78],[-67.82,-22.86],[-67.7,-22.88],[-67.58,-22.9],[-67.36,-22.86],[-67.2,-22.82]]}},{"type":"Feature","properties":{"l":0},"geometry":{"type":"LineString","coordinates":[[-69.52,-17.5],[-69.58,-17.58],[-69.68,-17.64],[-69.8,-17.66],[-69.86,-17.7],[-69.84,-17.78],[-69.8,-17.9],[-69.8,-18],[-69.84,-18.1],[-69.92,-18.2],[-70.06,-18.28],[-70.18,-18.32],[-70.28,-18.32],[-70.38,-18.34],[-70.42,-18.34]]}},{"type":"Feature","properties":{"l":0},"geometry":{"type":"LineString","coordinates":[[6.34,49.46],[6.34,49.52],[6.38,49.6],[6.4,49.64],[6.44,49.68],[6.5,49.76],[6.44,49.8],[6.32,49.84],[6.26,49.88],[6.2,49.92],[6.14,49.98],[6.1,50.04],[6.1,50.1],[6.12,50.12]]}},{"type":"Feature","properties":{"l":0},"geometry":{"type":"LineString","coordinates":[[2.52,51.1],[2.58,50.98],[2.58,50.92],[2.66,50.82],[2.76,50.76],[2.84,50.72],[2.92,50.72],[3.02,50.76],[3.1,50.78],[3.16,50.74],[3.24,50.66],[3.24,50.6],[3.28,50.54],[3.48,50.5],[3.6,50.48],[3.66,50.32],[3.72,50.32],[3.78,50.34],[3.86,50.34],[3.94,50.34],[4.04,50.32],[4.18,50.24],[4.14,50.18],[4.16,50.12],[4.18,50.06],[4.14,50],[4.18,49.96],[4.36,49.94],[4.54,49.96],[4.66,50],[4.7,50.1],[4.78,50.14],[4.86,50.14],[4.8,49.96],[4.84,49.92],[4.84,49.84],[4.86,49.78],[4.94,49.78],[5,49.78],[5.06,49.76],[5.12,49.72],[5.22,49.68],[5.28,49.68],[5.36,49.62],[5.44,49.56],[5.5,49.52],[5.62,49.52],[5.72,49.54],[5.78,49.54]]}},{"type":"Feature","properties":{"l":0},"geometry":{"type":"LineString","coordinates":[[6.12,50.12],[6.06,50.16],[5.98,50.16],[5.86,50.08],[5.82,50.02],[5.78,49.96],[5.74,49.92],[5.74,49.86],[5.72,49.8],[5.78,49.76],[5.88,49.64],[5.84,49.58],[5.78,49.54]]}},{"type":"Feature","properties":{"l":0},"geometry":{"type":"LineString","coordinates":[[46.42,41.9],[46.26,41.96],[46.22,41.98],[46.16,42],[46.04,42],[45.96,42.04],[45.92,42.08],[45.84,42.1],[45.72,42.16],[45.64,42.2],[45.68,42.36],[45.72,42.48],[45.66,42.52],[45.56,42.54],[45.34,42.52],[45.2,42.64],[45.16,42.68],[45.08,42.7],[44.94,42.74],[44.88,42.76],[44.78,42.62],[44.7,42.7],[44.64,42.74],[44.58,42.74],[44.5,42.74],[44.32,42.7],[44.2,42.66],[44.1,42.62],[44,42.6],[43.96,42.56],[43.82,42.58],[43.76,42.6],[43.74,42.66],[43.8,42.7],[43.62,42.8],[43.56,42.84],[43.34,42.9],[43.08,42.98],[43,43.04],[42.9,43.14],[42.76,43.16],[42.66,43.16],[42.56,43.16],[42.42,43.22],[42.28,43.22],[42.12,43.2],[42.04,43.2],[41.58,43.22],[41.46,43.28],[41.36,43.34],[41.08,43.38],[40.94,43.42],[40.8,43.48],[40.64,43.54],[40.52,43.52],[40.34,43.54],[40.16,43.56],[40.08,43.56],[40.02,43.48],[39.98,43.42]]}},{"type":"Feature","properties":{"l":0},"geometry":{"type":"LineString","coordinates":[[20.96,40.84],[20.94,40.9],[20.88,40.92],[20.74,40.9],[20.66,41.06],[20.56,41.12],[20.48,41.28],[20.48,41.34],[20.5,41.4],[20.44,41.52],[20.52,41.58],[20.52,41.62],[20.5,41.7],[20.56,41.86],[20.56,41.88]]}},{"type":"Feature","properties":{"l":0},"geometry":{"type":"LineString","coordinates":[[20.56,41.88],[20.58,42.02],[20.52,42.18],[20.48,42.22],[20.4,42.28],[20.34,42.3],[20.24,42.34],[20.18,42.42],[20.1,42.52],[20.06,42.54]]}},{"type":"Feature","properties":{"l":0},"geometry":{"type":"LineString","coordinates":[[41.52,41.52],[41.58,41.5],[41.7,41.48],[41.78,41.44],[41.92,41.5],[42.08,41.5],[42.22,41.48],[42.28,41.48],[42.36,41.46],[42.46,41.44],[42.5,41.48],[42.56,41.56],[42.68,41.58],[42.76,41.58],[42.82,41.5],[42.9,41.46],[43.06,41.36],[43.14,41.3],[43.16,41.24],[43.2,41.2],[43.28,41.18],[43.36,41.2],[43.44,41.16],[43.44,41.1]]}},{"type":"Feature","properties":{"l":0},"geometry":{"type":"LineString","coordinates":[[101.14,21.56],[101.2,21.52],[101.18,21.4],[101.22,21.34],[101.22,21.28],[101.22,21.22],[101.28,21.18],[101.44,21.24],[101.54,21.24],[101.58,21.2],[101.66,21.16],[101.72,21.16],[101.78,21.2],[101.76,21.28],[101.72,21.32],[101.72,21.4],[101.74,21.54],[101.74,21.6],[101.74,21.78],[101.7,21.88],[101.6,21.98],[101.58,22.06],[101.56,22.12],[101.54,22.2],[101.56,22.28],[101.62,22.32],[101.64,22.4],[101.68,22.46],[101.74,22.5],[101.84,22.38],[101.94,22.44],[102.02,22.44],[102.1,22.42],[102.12,22.38]]}},{"type":"Feature","properties":{"l":0},"geometry":{"type":"LineString","coordinates":[[73.64,39.44],[73.72,39.46],[73.82,39.48],[73.88,39.54],[73.9,39.58],[73.88,39.72],[73.84,39.76],[73.86,39.82],[73.88,39.88],[73.94,39.98],[74,40.04],[74.08,40.08],[74.24,40.1],[74.42,40.14],[74.62,40.28],[74.68,40.32],[74.76,40.32],[74.84,40.32],[74.8,40.42],[74.84,40.48],[75,40.44],[75.12,40.46],[75.24,40.48],[75.52,40.62],[75.58,40.6],[75.62,40.52],[75.66,40.32],[75.88,40.3],[76,40.38],[76.06,40.38],[76.16,40.38],[76.2,40.4],[76.26,40.44],[76.32,40.36],[76.4,40.38],[76.48,40.44],[76.52,40.52],[76.58,40.58],[76.62,40.66],[76.64,40.74],[76.7,40.82],[76.82,40.98],[76.9,41.02],[76.98,41.04],[77.18,41.02],[77.28,41.02],[77.58,41],[77.72,41.02],[77.82,41.06],[77.96,41.06],[78.12,41.08],[78.34,41.28],[78.36,41.38],[78.44,41.42],[78.54,41.46],[78.74,41.56],[79.14,41.72],[79.3,41.78],[79.36,41.78],[79.5,41.82],[79.76,41.9],[79.84,42],[79.9,42.02],[80.22,42.04],[80.22,42.12],[80.2,42.2]]}},{"type":"Feature","properties":{"l":0},"geometry":{"type":"LineString","coordinates":[[43.44,41.1],[43.5,41.12],[43.64,41.12],[43.8,41.14],[43.9,41.16],[44.08,41.18],[44.14,41.2],[44.22,41.22],[44.48,41.2],[44.56,41.2],[44.84,41.22],[44.82,41.26],[44.98,41.28],[45,41.3]]}},{"type":"Feature","properties":{"l":0},"geometry":{"type":"LineString","coordinates":[[80.2,42.2],[80.08,42.3],[79.92,42.42],[79.8,42.44],[79.6,42.46],[79.5,42.46],[79.42,42.48],[79.36,42.54],[79.3,42.6],[79.2,42.66],[79.16,42.76],[79.06,42.76],[78.94,42.76],[78.88,42.78],[78.8,42.8],[78.64,42.82],[78.52,42.86],[78.38,42.88],[78.3,42.86],[78.02,42.86],[77.8,42.9],[77.62,42.9],[77.52,42.9],[77.46,42.9],[77.36,42.9],[77.24,42.92],[77.06,42.98],[76.98,42.98],[76.64,42.92],[76.5,42.92],[76.22,42.92],[75.94,42.92],[75.84,42.94],[75.78,42.94],[75.68,42.84],[75.36,42.84],[75.04,42.9],[74.82,42.98],[74.62,43.06],[74.36,43.18],[74.2,43.24],[74.14,43.2],[74.08,43.18],[73.94,43.2],[73.88,43.14],[73.72,43.08],[73.62,43.04],[73.56,43],[73.46,42.7],[73.42,42.6],[73.5,42.4],[73.42,42.42],[73.32,42.46],[73.2,42.52],[72.86,42.56],[72.8,42.6],[72.76,42.64],[72.66,42.66],[72.54,42.68],[72.28,42.76],[72.16,42.76],[71.82,42.82],[71.76,42.82],[71.6,42.78],[71.52,42.76],[71.42,42.78],[71.26,42.74],[71.16,42.66],[71.1,42.58],[71.02,42.54],[71,42.46],[70.96,42.42],[70.9,42.34],[70.94,42.24]]}},{"type":"Feature","properties":{"l":0},"geometry":{"type":"LineString","coordinates":[[-56.48,1.94],[-56.56,1.9],[-56.62,1.92],[-56.68,1.92],[-56.76,1.9],[-56.84,1.88],[-56.96,1.92],[-57.04,1.94],[-57.1,2],[-57.18,1.98],[-57.28,1.96],[-57.36,1.94],[-57.42,1.9],[-57.5,1.78],[-57.54,1.72],[-57.6,1.7],[-57.7,1.7],[-57.8,1.7],[-57.88,1.66],[-57.94,1.66],[-58,1.58],[-58.04,1.52],[-58.1,1.52],[-58.14,1.52],[-58.24,1.56],[-58.28,1.58],[-58.34,1.58],[-58.38,1.54],[-58.4,1.48],[-58.48,1.46],[-58.48,1.34],[-58.52,1.28],[-58.6,1.28],[-58.68,1.28],[-58.74,1.24],[-58.78,1.2],[-58.86,1.2],[-58.92,1.24],[-58.96,1.3],[-59.1,1.34],[-59.24,1.38],[-59.32,1.46],[-59.38,1.52],[-59.48,1.64],[-59.54,1.7],[-59.6,1.72],[-59.66,1.74],[-59.66,1.84],[-59.74,1.88],[-59.76,1.96],[-59.74,2.12],[-59.76,2.28],[-59.84,2.32],[-59.88,2.36],[-59.96,2.58],[-60,2.68],[-60,2.76],[-59.98,3],[-59.94,3.08],[-59.88,3.28],[-59.84,3.34],[-59.84,3.46],[-59.86,3.58],[-59.74,3.66],[-59.68,3.7],[-59.68,3.76],[-59.6,3.82],[-59.58,3.88],[-59.56,3.94],[-59.58,3.98],[-59.62,4.02],[-59.7,4.16],[-59.74,4.22],[-59.72,4.28],[-59.7,4.36],[-59.74,4.42],[-59.84,4.48],[-59.9,4.48],[-59.96,4.5],[-60.04,4.5],[-60.12,4.52],[-60.14,4.56],[-60.06,4.66],[-60.04,4.74],[-60.02,4.82],[-60.02,4.9],[-60,4.98],[-60,5.08],[-60.08,5.14],[-60.1,5.2],[-60.14,5.24],[-60.24,5.26],[-60.34,5.2],[-60.4,5.22],[-60.46,5.18],[-60.58,5.2],[-60.66,5.22],[-60.74,5.2]]}},{"type":"Feature","properties":{"l":0},"geometry":{"type":"LineString","coordinates":[[8.4,55.1],[8.46,55.08],[8.54,54.96],[8.6,54.92],[8.68,54.9],[8.86,54.9],[9.18,54.84],[9.26,54.8],[9.34,54.8],[9.5,54.84],[9.62,54.86],[9.66,54.84],[9.72,54.82],[9.74,54.82]]}},{"type":"Feature","properties":{"l":0},"geometry":{"type":"LineString","coordinates":[[9.52,30.22],[9.64,30.28],[9.8,30.34],[9.9,30.38],[9.94,30.42],[10.06,30.58],[10.12,30.66],[10.22,30.78],[10.26,30.86],[10.26,30.94],[10.24,31.04],[10.18,31.26],[10.12,31.46],[10.16,31.54],[10.2,31.58],[10.28,31.68],[10.48,31.74],[10.54,31.8],[10.6,31.88],[10.68,31.98],[10.78,32.02],[10.82,32.08],[11,32.18],[11.16,32.26],[11.36,32.34],[11.5,32.42],[11.54,32.48],[11.54,32.52],[11.46,32.64],[11.46,32.78],[11.46,32.9],[11.46,32.96],[11.5,33.16],[11.5,33.18]]}},{"type":"Feature","properties":{"l":0},"geometry":{"type":"LineString","coordinates":[[45,41.3],[45.02,41.24],[45.08,41.2],[45.16,41.18],[45.2,41.12],[45.08,41.1],[45.28,41],[45.36,41],[45.42,40.98],[45.52,40.9],[45.58,40.84],[45.4,40.7],[45.38,40.64],[45.46,40.54],[45.56,40.42],[45.74,40.32],[45.96,40.24],[45.96,40.18],[45.94,40.1],[45.9,40.06],[45.86,40.02],[45.64,40.02],[45.58,39.98],[45.66,39.96],[45.78,39.88],[45.86,39.8],[45.94,39.78],[46.02,39.72],[46.1,39.66],[46.2,39.6],[46.32,39.62],[46.48,39.56],[46.48,39.48],[46.38,39.44],[46.38,39.38],[46.44,39.34],[46.5,39.3],[46.58,39.22],[46.48,39.2],[46.42,39.2],[46.48,39.12],[46.48,39],[46.5,38.9]]}},{"type":"Feature","properties":{"l":0},"geometry":{"type":"LineString","coordinates":[[44.76,39.7],[44.86,39.72],[45.04,39.76],[45.08,39.74],[45.12,39.7],[45.16,39.58],[45.26,39.6],[45.34,39.52],[45.46,39.5],[45.62,39.54],[45.68,39.56],[45.76,39.56],[45.8,39.48],[45.78,39.42],[45.8,39.36],[45.92,39.28],[45.98,39.24],[45.96,39.18],[46.04,39.02],[46.08,38.96],[46.12,38.88]]}},{"type":"Feature","properties":{"l":0},"geometry":{"type":"LineString","coordinates":[[20.24,46.1],[20.5,46.16],[20.62,46.14],[20.7,46.18],[20.74,46.22],[20.84,46.26],[21.04,46.24],[21.12,46.28],[21.18,46.36],[21.26,46.42],[21.26,46.48],[21.3,46.58],[21.36,46.62],[21.42,46.64],[21.5,46.7],[21.48,46.76],[21.58,46.88],[21.66,46.96],[21.66,47.04],[21.72,47.08],[21.78,47.14],[21.86,47.3],[21.96,47.36],[22,47.4],[22,47.5],[22.12,47.58],[22.18,47.62],[22.24,47.7],[22.3,47.72],[22.36,47.74],[22.42,47.76],[22.5,47.78],[22.56,47.76],[22.68,47.8],[22.86,47.92],[22.88,47.94]]}},{"type":"Feature","properties":{"l":0},"geometry":{"type":"LineString","coordinates":[[70.96,40.24],[71.1,40.28],[71.3,40.28],[71.38,40.28],[71.46,40.24],[71.52,40.2],[71.58,40.22],[71.66,40.2],[71.7,40.16],[71.78,40.18],[71.84,40.24],[71.9,40.24],[71.96,40.26],[72.02,40.34],[72.14,40.44],[72.2,40.46],[72.26,40.42],[72.36,40.4],[72.4,40.46],[72.36,40.52],[72.4,40.58],[72.56,40.52],[72.68,40.56],[72.74,40.6],[73.12,40.78],[72.98,40.86],[72.92,40.84],[72.86,40.84],[72.66,40.86],[72.5,40.98],[72.42,41.02],[72.36,41.04],[72.3,41.04],[72.22,41.02],[72.18,41.06],[72.18,41.12],[72.16,41.18],[72.12,41.18],[72.06,41.16],[71.96,41.18],[71.88,41.2],[71.86,41.32],[71.82,41.36],[71.8,41.42],[71.7,41.46],[71.7,41.52],[71.64,41.54],[71.62,41.44],[71.6,41.36],[71.54,41.3],[71.42,41.34],[71.4,41.14],[71.3,41.16],[71.22,41.14],[71.12,41.16],[71.02,41.18],[70.96,41.2],[70.86,41.22],[70.78,41.26],[70.74,41.4],[70.68,41.44],[70.48,41.42],[70.4,41.44],[70.3,41.5],[70.2,41.52],[70.18,41.58],[70.46,41.72],[70.56,41.84],[70.64,41.88],[70.72,41.9],[70.8,41.92],[70.84,42.02],[70.92,42.04],[71.04,42.08],[71.22,42.16],[71.12,42.26],[71.04,42.28],[70.98,42.26],[70.94,42.24]]}},{"type":"Feature","properties":{"l":0},"geometry":{"type":"LineString","coordinates":[[18.84,49.52],[18.94,49.5],[18.96,49.44],[18.96,49.4],[19.14,49.4],[19.26,49.52],[19.3,49.52],[19.38,49.56],[19.44,49.6],[19.54,49.5],[19.6,49.44],[19.64,49.4],[19.74,49.38],[19.78,49.32],[19.76,49.24],[19.8,49.2],[19.86,49.2],[19.92,49.22],[20.06,49.18],[20.1,49.28],[20.16,49.32],[20.24,49.34],[20.3,49.36],[20.36,49.38],[20.42,49.4],[20.48,49.4],[20.54,49.38],[20.62,49.4],[20.72,49.36],[20.8,49.32],[20.86,49.32],[20.94,49.32],[21,49.34],[21.08,49.42],[21.14,49.42],[21.22,49.42],[21.36,49.42],[21.64,49.42],[21.72,49.38],[21.9,49.34],[21.96,49.3],[22,49.24],[22.2,49.16],[22.48,49.08],[22.54,49.08]]}},{"type":"Feature","properties":{"l":0},"geometry":{"type":"LineString","coordinates":[[-7.22,55.1],[-7.38,55.02],[-7.44,54.9],[-7.5,54.82],[-7.56,54.76],[-7.6,54.74],[-7.68,54.72],[-7.74,54.72],[-7.8,54.72],[-7.88,54.72],[-7.88,54.66],[-7.82,54.64],[-7.74,54.62],[-7.8,54.58],[-8.04,54.52],[-8.12,54.48],[-8.12,54.42],[-7.92,54.3],[-7.86,54.22],[-7.68,54.18],[-7.6,54.14],[-7.54,54.14],[-7.4,54.14],[-7.36,54.12],[-7.3,54.16],[-7.2,54.22],[-7.18,54.28],[-7.14,54.36],[-7.04,54.4],[-6.94,54.38],[-6.88,54.32],[-6.86,54.26],[-6.8,54.22],[-6.66,54.18],[-6.66,54.08],[-6.54,54.06],[-6.44,54.06],[-6.36,54.08],[-6.3,54.1],[-6.22,54.08]]}},{"type":"Feature","properties":{"l":0},"geometry":{"type":"LineString","coordinates":[[18.84,49.52],[18.8,49.62],[18.6,49.76],[18.56,49.82],[18.56,49.88],[18.52,49.9],[18.34,49.92],[18.26,49.94],[18.2,49.96],[18.1,50],[18.04,50.04],[17.98,50],[17.88,49.98],[17.8,50],[17.74,50.06],[17.68,50.1],[17.62,50.12],[17.58,50.16],[17.7,50.2],[17.72,50.3],[17.66,50.28],[17.56,50.26],[17.46,50.26],[17.16,50.38],[16.98,50.42],[16.88,50.42],[16.92,50.34],[17,50.26],[16.9,50.2],[16.84,50.18],[16.78,50.16],[16.72,50.12],[16.64,50.1],[16.48,50.24],[16.36,50.34],[16.3,50.38],[16.24,50.4],[16.24,50.46],[16.28,50.48],[16.36,50.5],[16.4,50.54],[16.36,50.62],[16.28,50.66],[16.06,50.62],[16,50.62],[15.94,50.68],[15.9,50.68],[15.82,50.7],[15.74,50.74],[15.64,50.74],[15.46,50.8],[15.4,50.8],[15.32,50.84],[15.28,50.88],[15.26,50.96],[15.12,51],[15,51.02],[14.98,50.92],[14.9,50.86],[14.8,50.86]]}},{"type":"Feature","properties":{"l":0},"geometry":{"type":"LineString","coordinates":[[70.96,40.24],[70.94,40.18],[70.74,40.14],[70.64,40.08],[70.62,40],[70.56,39.96],[70.46,40.04],[70.38,40.06],[70.28,40.1],[70.08,40.18],[69.96,40.2],[69.76,40.16],[69.54,40.1],[69.5,40.06],[69.48,40],[69.48,39.92],[69.36,39.94],[69.3,39.96],[69.28,39.92],[69.24,39.82],[69.22,39.76],[69.28,39.66],[69.3,39.52],[69.4,39.54],[69.46,39.54],[69.6,39.58],[69.66,39.58],[69.78,39.56],[69.96,39.56],[70.1,39.56],[70.18,39.58],[70.24,39.54],[70.4,39.58],[70.5,39.58],[70.56,39.58],[70.68,39.48],[70.74,39.42],[70.8,39.4],[71,39.42],[71.06,39.5],[71.12,39.52],[71.2,39.52],[71.28,39.54],[71.32,39.56],[71.4,39.6],[71.48,39.6],[71.52,39.56],[71.5,39.48],[71.54,39.46],[71.68,39.44],[71.74,39.42],[71.72,39.3],[71.78,39.28],[72,39.36],[72.04,39.36],[72.08,39.32],[72.14,39.26],[72.22,39.2],[72.28,39.28],[72.36,39.34],[72.5,39.36],[72.56,39.38],[72.64,39.38],[72.88,39.36],[72.94,39.36],[73.1,39.36],[73.24,39.38],[73.34,39.42],[73.38,39.44],[73.48,39.46],[73.58,39.46],[73.64,39.44]]}},{"type":"Feature","properties":{"l":0},"geometry":{"type":"LineString","coordinates":[[20,39.7],[20.06,39.7],[20.14,39.66],[20.2,39.66],[20.28,39.7],[20.3,39.78],[20.36,39.8],[20.38,39.84],[20.34,39.9],[20.32,39.96],[20.38,40.02],[20.46,40.06],[20.52,40.06],[20.6,40.08],[20.66,40.12],[20.7,40.24],[20.72,40.3],[20.76,40.34],[20.78,40.4],[20.8,40.44],[20.88,40.46],[20.96,40.5],[21,40.56],[21.04,40.62],[20.98,40.72],[20.96,40.78],[20.96,40.84]]}},{"type":"Feature","properties":{"l":0},"geometry":{"type":"LineString","coordinates":[[33.2,-14.02],[33.14,-13.94],[33.04,-14.02],[33,-14.02],[32.96,-13.98],[32.92,-13.88],[32.86,-13.82],[32.82,-13.8],[32.76,-13.76],[32.8,-13.72],[32.78,-13.66],[32.68,-13.62],[32.76,-13.56],[32.82,-13.5],[32.86,-13.46],[32.9,-13.36],[32.94,-13.26],[32.98,-13.16],[32.98,-13.08],[33,-12.98],[33,-12.9],[32.94,-12.8],[32.98,-12.7],[33.02,-12.64],[33.24,-12.56],[33.4,-12.48],[33.48,-12.4],[33.52,-12.34],[33.36,-12.32],[33.26,-12.12],[33.3,-11.88],[33.3,-11.8],[33.3,-11.7],[33.28,-11.62],[33.24,-11.58],[33.24,-11.42],[33.34,-11.24],[33.38,-11.16],[33.34,-11.08],[33.3,-10.98],[33.28,-10.92],[33.3,-10.86],[33.34,-10.82],[33.4,-10.8],[33.46,-10.78],[33.66,-10.6],[33.62,-10.48],[33.56,-10.4],[33.52,-10.24],[33.4,-10.12],[33.32,-10.04],[33.34,-9.96],[33.36,-9.86],[33.32,-9.82],[33.26,-9.76],[33.22,-9.68],[33.2,-9.62],[33.14,-9.6],[33.08,-9.64],[33,-9.62],[32.98,-9.58],[32.98,-9.52],[32.92,-9.44],[32.92,-9.4]]}},{"type":"Feature","properties":{"l":0},"geometry":{"type":"LineString","coordinates":[[22.14,48.4],[22.14,48.56],[22.3,48.68],[22.34,48.74],[22.38,48.88],[22.44,48.94],[22.48,48.98],[22.52,49.04],[22.54,49.08]]}},{"type":"Feature","properties":{"l":0},"geometry":{"type":"LineString","coordinates":[[-11.5,6.9],[-11.46,6.96],[-11.38,7.1],[-11.26,7.24],[-11.16,7.32],[-11.08,7.4],[-11,7.46],[-10.88,7.54],[-10.7,7.74],[-10.62,7.9],[-10.58,8.08],[-10.52,8.12],[-10.38,8.16],[-10.32,8.32],[-10.28,8.46],[-10.28,8.48]]}},{"type":"Feature","properties":{"l":0},"geometry":{"type":"LineString","coordinates":[[24.14,8.66],[24.22,8.6],[24.18,8.46],[24.2,8.36],[24.3,8.3],[24.38,8.26],[24.46,8.24],[24.74,8.2],[24.86,8.14],[25,7.96],[25.2,7.8],[25.24,7.72],[25.24,7.64],[25.18,7.56],[25.28,7.42],[25.38,7.34],[25.56,7.22],[25.88,7.06],[26.04,6.96],[26.08,6.88],[26.16,6.78],[26.28,6.7],[26.36,6.64],[26.3,6.46],[26.32,6.4],[26.36,6.34],[26.42,6.28],[26.44,6.18],[26.52,6.06],[26.6,6.02],[26.72,6],[26.8,5.94],[26.94,5.86],[27.08,5.78],[27.14,5.72],[27.18,5.68],[27.22,5.62],[27.22,5.56],[27.24,5.44],[27.26,5.28],[27.34,5.18],[27.34,5.18]]}},{"type":"Feature","properties":{"l":0},"geometry":{"type":"LineString","coordinates":[[42.92,11],[43.04,11.2],[43.16,11.36],[43.24,11.5]]}},{"type":"Feature","properties":{"l":0},"geometry":{"type":"LineString","coordinates":[[42.92,11],[42.84,11],[42.78,11],[42.74,11.04],[42.66,11.08],[42.56,11.08],[42.46,11.04],[42.3,11],[42.16,11],[42.06,10.96],[41.96,10.94],[41.88,10.96],[41.8,10.98],[41.78,11.18],[41.76,11.42],[41.76,11.58],[41.8,11.68],[41.94,11.86],[42,11.92],[42.14,12.14],[42.28,12.32],[42.38,12.46]]}},{"type":"Feature","properties":{"l":0},"geometry":{"type":"LineString","coordinates":[[29.4,-4.44],[29.36,-4.66],[29.32,-4.84],[29.32,-4.9],[29.34,-4.98],[29.42,-5.18],[29.48,-5.32],[29.5,-5.4],[29.54,-5.5],[29.6,-5.66],[29.6,-5.72],[29.6,-5.78],[29.5,-5.96],[29.48,-6.02],[29.5,-6.18],[29.54,-6.32],[29.6,-6.4],[29.7,-6.62],[29.8,-6.7],[29.96,-6.8],[30.1,-6.92],[30.16,-6.98],[30.22,-7.04],[30.32,-7.2],[30.38,-7.34],[30.4,-7.46],[30.48,-7.62],[30.56,-7.78],[30.66,-7.98],[30.72,-8.1],[30.76,-8.2]]}},{"type":"Feature","properties":{"l":0},"geometry":{"type":"LineString","coordinates":[[42.38,12.46],[42.44,12.52],[42.68,12.38],[42.76,12.42],[42.82,12.56],[42.86,12.62],[43,12.66],[43.12,12.7]]}},{"type":"Feature","properties":{"l":0},"geometry":{"type":"LineString","coordinates":[[13.82,48.76],[13.92,48.72],[13.98,48.7],[14.04,48.6],[14.18,48.58],[14.36,48.58],[14.44,48.62],[14.48,48.62],[14.56,48.62],[14.7,48.6],[14.7,48.68],[14.78,48.74],[14.92,48.78],[14.94,48.82],[14.98,48.98],[15.06,49],[15.14,48.96],[15.2,48.94],[15.26,48.96],[15.32,48.98],[15.4,48.96],[15.6,48.88],[15.7,48.86],[15.76,48.86],[15.82,48.86],[16.06,48.76],[16.22,48.74],[16.36,48.74],[16.42,48.78],[16.48,48.8],[16.54,48.8],[16.6,48.78],[16.72,48.74],[16.76,48.72],[16.84,48.72],[16.88,48.7],[16.92,48.62],[16.96,48.6]]}},{"type":"Feature","properties":{"l":0},"geometry":{"type":"LineString","coordinates":[[42.36,37.1],[42.46,37.12],[42.64,37.24],[42.74,37.36],[42.86,37.34],[42.94,37.32],[43.1,37.36],[43.18,37.34],[43.26,37.32],[43.52,37.24],[43.56,37.24],[43.68,37.22],[43.84,37.22],[43.94,37.26],[44.02,37.32],[44.06,37.32],[44.12,37.3],[44.2,37.24],[44.2,37.2],[44.2,37.06],[44.24,36.98],[44.32,37.02],[44.4,37.06],[44.5,37.12],[44.56,37.16],[44.66,37.18],[44.74,37.16],[44.76,37.14]]}},{"type":"Feature","properties":{"l":0},"geometry":{"type":"LineString","coordinates":[[16.1,46.86],[16.26,46.98],[16.34,47],[16.42,47],[16.48,47.06],[16.5,47.12],[16.44,47.14],[16.42,47.22],[16.46,47.28],[16.44,47.36],[16.52,47.4],[16.58,47.42],[16.62,47.44],[16.68,47.54],[16.64,47.6],[16.44,47.66],[16.46,47.7],[16.52,47.72],[16.6,47.76],[16.64,47.74],[16.74,47.68],[16.82,47.7],[16.98,47.7],[17.06,47.7],[17.04,47.76],[17.04,47.84],[17.08,47.9],[17.08,47.96],[17.14,48]]}},{"type":"Feature","properties":{"l":0},"geometry":{"type":"LineString","coordinates":[[7.02,45.92],[7.12,45.88],[7.32,45.92],[7.46,45.94],[7.54,45.98],[7.6,45.98],[7.78,45.92],[7.86,45.94],[8,46.02],[8.12,46.16],[8.08,46.26],[8.24,46.34],[8.3,46.4],[8.38,46.44],[8.42,46.44],[8.44,46.28],[8.56,46.16],[8.64,46.12],[8.82,46.08],[8.78,46],[8.88,45.92],[8.9,45.86],[8.96,45.84],[9.02,45.84],[9.02,45.92],[9,45.98],[9.02,46.06],[9.08,46.1],[9.2,46.22],[9.26,46.28],[9.26,46.4],[9.26,46.48],[9.4,46.48],[9.44,46.44],[9.48,46.34],[9.52,46.3],[9.58,46.3],[9.64,46.3],[9.78,46.34],[9.88,46.36],[9.94,46.36],[10.04,46.24],[10.12,46.24],[10.1,46.36],[10.08,46.42],[10.04,46.48],[10.06,46.54],[10.08,46.6],[10.14,46.62],[10.2,46.62],[10.28,46.56],[10.36,46.54],[10.44,46.56],[10.44,46.62],[10.4,46.66],[10.4,46.74],[10.46,46.86]]}},{"type":"Feature","properties":{"l":0},"geometry":{"type":"LineString","coordinates":[[10.46,46.86],[10.42,46.96],[10.34,46.98],[10.18,46.86],[10,46.88],[9.88,46.94],[9.84,47],[9.74,47.04],[9.62,47.06],[9.58,47.06]]}},{"type":"Feature","properties":{"l":0},"geometry":{"type":"LineString","coordinates":[[44.76,37.14],[44.76,37.22],[44.8,37.26],[44.72,37.36],[44.6,37.42],[44.58,37.5],[44.58,37.56],[44.54,37.64],[44.58,37.72],[44.4,37.82],[44.34,37.88],[44.22,37.88],[44.22,37.96],[44.26,38.04],[44.32,38.1],[44.38,38.2],[44.44,38.32],[44.38,38.36],[44.32,38.38],[44.3,38.42],[44.3,38.56],[44.28,38.64],[44.26,38.7],[44.28,38.84],[44.18,38.94],[44.14,39],[44.18,39.06],[44.18,39.1],[44.12,39.18],[44.08,39.22],[44.06,39.32],[44.02,39.38],[44.12,39.4],[44.24,39.4],[44.34,39.4],[44.38,39.42],[44.46,39.66],[44.52,39.74],[44.58,39.76],[44.72,39.68],[44.78,39.66],[44.82,39.66]]}},{"type":"Feature","properties":{"l":0},"geometry":{"type":"LineString","coordinates":[[23.48,53.94],[23.48,54],[23.48,54.08],[23.46,54.14],[23.38,54.2],[23.28,54.24],[23.18,54.28],[23.08,54.3],[23.04,54.32],[22.98,54.36],[22.9,54.4],[22.82,54.4],[22.76,54.36]]}},{"type":"Feature","properties":{"l":0},"geometry":{"type":"LineString","coordinates":[[30.76,-8.2],[30.78,-8.26],[30.84,-8.38],[30.9,-8.48],[30.96,-8.56],[31.04,-8.6],[31.36,-8.6],[31.44,-8.66],[31.54,-8.72],[31.56,-8.8],[31.62,-8.86],[31.68,-8.9],[31.74,-8.9],[31.82,-8.9],[31.88,-8.92],[31.92,-9.02],[32.04,-9.06],[32.12,-9.08],[32.22,-9.12],[32.32,-9.14],[32.44,-9.16],[32.48,-9.22],[32.6,-9.28],[32.76,-9.32],[32.86,-9.38],[32.92,-9.4]]}},{"type":"Feature","properties":{"l":0},"geometry":{"type":"LineString","coordinates":[[7.2,53.28],[7.18,53.18],[7.18,53],[7.12,52.88],[7.06,52.74],[7.04,52.66],[6.74,52.64],[6.7,52.6],[6.7,52.54],[6.74,52.46],[6.84,52.44],[6.92,52.44],[7,52.42],[7.04,52.38],[7.02,52.26],[6.98,52.2],[6.86,52.14],[6.8,52.12],[6.74,52.1],[6.72,52.06],[6.8,51.98],[6.74,51.92],[6.52,51.86],[6.42,51.86],[6.38,51.84],[6.3,51.86],[6.16,51.88],[6.12,51.88],[6,51.84],[5.94,51.8],[6.06,51.66],[6.1,51.6],[6.14,51.56],[6.2,51.48],[6.2,51.42],[6.16,51.36],[6.08,51.22],[6.12,51.18],[5.96,51.06],[5.86,51.04],[5.9,50.98],[5.96,50.98],[6,50.94],[6.04,50.9],[6,50.76]]}},{"type":"Feature","properties":{"l":0},"geometry":{"type":"LineString","coordinates":[[9.58,47.06],[9.62,47.1],[9.58,47.16],[9.56,47.22],[9.52,47.28]]}},{"type":"Feature","properties":{"l":0},"geometry":{"type":"LineString","coordinates":[[-8.48,7.56],[-8.42,7.6],[-8.36,7.6],[-8.24,7.56],[-8.12,7.76],[-8.12,7.82],[-8.08,7.98],[-8.04,8.02],[-8,8.08],[-8.02,8.14],[-8.1,8.16],[-8.14,8.18],[-8.22,8.22],[-8.26,8.26],[-8.24,8.4],[-8.2,8.48],[-8.04,8.5],[-7.96,8.48],[-7.86,8.46],[-7.78,8.42],[-7.74,8.38],[-7.68,8.42],[-7.7,8.56],[-7.72,8.64],[-7.78,8.72],[-7.96,8.78],[-7.96,8.88],[-7.94,8.98],[-7.9,9.02],[-7.78,9.08],[-7.84,9.16],[-7.92,9.18],[-7.9,9.3],[-7.9,9.42],[-7.96,9.4],[-8.04,9.4],[-8.08,9.44],[-8.14,9.5],[-8.14,9.68],[-8.14,9.88],[-8.16,9.98],[-8.14,10.02],[-8.08,10.06],[-8.02,10.12],[-8,10.16]]}},{"type":"Feature","properties":{"l":0},"geometry":{"type":"LineString","coordinates":[[7.5,43.76],[7.5,43.82],[7.52,43.92],[7.58,43.96],[7.66,44.04],[7.68,44.08],[7.64,44.16],[7.38,44.12],[7.32,44.14],[7.14,44.2],[6.96,44.28],[6.9,44.34],[6.88,44.4],[6.88,44.46],[6.84,44.52],[6.88,44.56],[6.94,44.64],[6.96,44.68],[7.04,44.72],[7,44.82],[6.94,44.86],[6.88,44.86],[6.8,44.88],[6.74,44.92],[6.72,44.98],[6.7,45.02],[6.64,45.06],[6.62,45.12],[6.7,45.14],[6.78,45.14],[6.84,45.14],[6.98,45.22],[7.04,45.22],[7.12,45.34],[7.16,45.4],[7.02,45.5],[6.96,45.58],[6.88,45.68],[6.8,45.72],[6.78,45.78],[6.94,45.86],[7.02,45.92]]}},{"type":"Feature","properties":{"l":0},"geometry":{"type":"LineString","coordinates":[[28.96,69.02],[28.9,69],[28.7,68.96],[28.56,68.92],[28.42,68.9],[28.46,68.88],[28.7,68.86],[28.78,68.84],[28.76,68.78],[28.48,68.54],[28.56,68.36],[28.68,68.18],[29.06,68.12],[29.34,68.06],[29.52,67.92],[29.82,67.76],[29.98,67.68],[29.94,67.54],[29.76,67.42],[29.58,67.32],[29.38,67.2],[29.24,67.1],[29.08,66.98],[29.06,66.9],[29.1,66.84],[29.3,66.7],[29.38,66.62],[29.46,66.54],[29.54,66.44],[29.6,66.36],[29.68,66.28],[29.72,66.24],[29.8,66.18],[29.9,66.1],[29.94,66.02],[30.08,65.78],[30.1,65.72],[30.02,65.68],[29.88,65.66],[29.72,65.64],[29.82,65.56],[29.72,65.48],[29.72,65.34],[29.62,65.26],[29.82,65.2],[29.82,65.14],[29.72,65.08],[29.62,65.04],[29.6,64.96],[29.64,64.92],[29.7,64.84],[29.78,64.8],[30.08,64.76],[30.12,64.68],[29.98,64.56],[30.04,64.44],[30.1,64.36],[30.4,64.28],[30.48,64.24],[30.52,64.14],[30.52,64.08],[30.5,64.02],[30.42,63.94],[30.22,63.8],[30,63.74],[30.06,63.68],[30.42,63.5],[30.66,63.42],[30.98,63.3],[31.18,63.2],[31.24,63.14],[31.34,63.06],[31.44,63],[31.5,62.96],[31.54,62.88],[31.44,62.78],[31.38,62.7],[31.28,62.56],[31.18,62.48],[30.94,62.32],[30.56,62.12],[30.48,62.06],[30.3,61.96],[30,61.76],[29.94,61.72],[29.7,61.54],[29.58,61.5],[29.5,61.44],[29.26,61.28],[29,61.16],[28.74,61.06],[28.66,61],[28.56,60.96],[28.46,60.92],[28.4,60.9],[28.16,60.74],[27.8,60.54],[27.74,60.46]]}},{"type":"Feature","properties":{"l":0},"geometry":{"type":"LineString","coordinates":[[30.86,69.78],[30.92,69.66],[30.9,69.56],[30.78,69.52],[30.62,69.54],[30.38,69.58],[30.22,69.64],[30.16,69.62],[30.2,69.58],[30.16,69.5],[30.08,69.44],[30,69.4],[29.84,69.36],[29.38,69.3],[29.2,69.1],[29.12,69.04],[28.96,69.02]]}},{"type":"Feature","properties":{"l":0},"geometry":{"type":"LineString","coordinates":[[55.18,22.7],[55.2,22.84],[55.2,22.92],[55.2,23.04],[55.28,23.18],[55.36,23.38],[55.42,23.52],[55.46,23.64],[55.5,23.72],[55.54,23.82],[55.52,23.88],[55.46,23.94],[55.54,24],[55.7,24.02],[55.78,24.02],[55.9,24.04],[55.98,24.06],[55.96,24.14],[55.92,24.22],[55.8,24.22],[55.8,24.34],[55.78,24.42],[55.76,24.5],[55.78,24.58],[55.8,24.64],[55.8,24.78],[55.8,24.86],[55.82,24.92],[55.88,24.96],[55.96,24.98],[56.02,24.9],[55.98,24.88],[56,24.8],[56.06,24.74],[56.16,24.8],[56.2,24.84],[56.26,24.86],[56.32,24.94],[56.36,24.98],[56.38,24.98]]}},{"type":"Feature","properties":{"l":0},"geometry":{"type":"LineString","coordinates":[[48.58,41.84],[48.52,41.78],[48.44,41.66],[48.4,41.6],[48.3,41.54],[48.14,41.48],[48.06,41.46],[47.96,41.34],[47.86,41.22],[47.8,41.2],[47.6,41.22],[47.52,41.22],[47.32,41.28],[47.26,41.32],[47.2,41.46],[47.14,41.52],[47.06,41.56],[47.02,41.58],[46.94,41.68],[46.82,41.74],[46.74,41.82],[46.7,41.84],[46.62,41.8],[46.56,41.82],[46.54,41.88],[46.42,41.9]]}},{"type":"Feature","properties":{"l":0},"geometry":{"type":"LineString","coordinates":[[-54.62,2.32],[-54.7,2.36],[-54.72,2.44],[-54.86,2.44],[-54.92,2.5],[-54.96,2.54],[-54.98,2.6],[-55.08,2.54],[-55.14,2.56],[-55.28,2.5],[-55.34,2.48],[-55.38,2.44],[-55.66,2.42],[-55.74,2.4],[-55.9,2.48],[-55.94,2.52],[-56,2.5],[-56.02,2.4],[-56.08,2.34],[-56.12,2.3],[-56.08,2.24],[-56.02,2.16],[-55.96,2.1],[-55.92,2.04],[-55.92,1.98],[-55.92,1.88],[-56.02,1.84],[-56.22,1.88],[-56.38,1.92],[-56.46,1.94],[-56.48,1.94]]}},{"type":"Feature","properties":{"l":0},"geometry":{"type":"LineString","coordinates":[[46.42,41.9],[46.34,41.8],[46.3,41.76],[46.26,41.76],[46.2,41.74],[46.18,41.66],[46.26,41.6],[46.3,41.5],[46.38,41.46],[46.5,41.4],[46.62,41.34],[46.68,41.28],[46.62,41.16],[46.54,41.08],[46.46,41.08],[46.38,41.1],[46.28,41.16],[46.18,41.2],[46.08,41.18],[46.04,41.16],[45.92,41.18],[45.8,41.22],[45.72,41.26],[45.72,41.34],[45.42,41.42],[45.28,41.44],[45.22,41.42],[45,41.3]]}},{"type":"Feature","properties":{"l":0},"geometry":{"type":"LineString","coordinates":[[-11.38,12.4],[-11.38,12.48],[-11.44,12.54],[-11.44,12.62],[-11.42,12.78],[-11.42,12.84],[-11.4,12.94],[-11.44,13],[-11.5,13.08],[-11.54,13.18],[-11.56,13.24],[-11.58,13.3],[-11.64,13.36],[-11.76,13.4],[-11.8,13.32],[-11.88,13.36],[-11.9,13.44],[-11.96,13.52],[-12.06,13.64],[-12.04,13.74],[-11.98,13.78],[-11.96,13.88],[-11.98,13.94],[-12.02,13.98],[-12.02,14.08],[-12.02,14.2],[-12.06,14.28],[-12.12,14.32],[-12.18,14.38],[-12.22,14.46],[-12.2,14.58],[-12.18,14.64],[-12.28,14.8]]}},{"type":"Feature","properties":{"l":0},"geometry":{"type":"LineString","coordinates":[[-54.62,2.32],[-54.56,2.3],[-54.52,2.24],[-54.44,2.2],[-54.3,2.16],[-54.22,2.16],[-54.16,2.14],[-54.08,2.16],[-53.94,2.24],[-53.88,2.28],[-53.82,2.32],[-53.76,2.36],[-53.74,2.3],[-53.68,2.3],[-53.56,2.26],[-53.5,2.26],[-53.44,2.28],[-53.36,2.32],[-53.28,2.3],[-53.26,2.24],[-53.18,2.22],[-53.08,2.2],[-53,2.18],[-52.9,2.22],[-52.88,2.26],[-52.78,2.32],[-52.7,2.36],[-52.66,2.42],[-52.58,2.52],[-52.56,2.58],[-52.56,2.64],[-52.46,2.86],[-52.42,2.9],[-52.4,2.98],[-52.36,3.06],[-52.36,3.12],[-52.32,3.18],[-52.28,3.24],[-52.22,3.28],[-52.16,3.36],[-52.12,3.46],[-52,3.64],[-52,3.7],[-51.94,3.74],[-51.88,3.82],[-51.82,3.86],[-51.8,3.92],[-51.76,4],[-51.68,4.04],[-51.66,4.06]]}},{"type":"Feature","properties":{"l":0},"geometry":{"type":"LineString","coordinates":[[2.7,6.36],[2.7,6.42],[2.74,6.6],[2.76,6.66],[2.78,6.72],[2.76,6.78],[2.74,6.86],[2.72,6.98],[2.76,7.06],[2.76,7.14],[2.76,7.4],[2.78,7.44],[2.76,7.54],[2.72,7.62],[2.72,7.72],[2.7,7.82],[2.68,7.88],[2.7,8.04],[2.72,8.28],[2.7,8.38],[2.72,8.44],[2.74,8.62],[2.74,8.78],[2.78,9.04],[2.9,9.06],[3.04,9.08],[3.12,9.18],[3.14,9.32],[3.14,9.46],[3.16,9.5],[3.22,9.56],[3.32,9.66],[3.32,9.78],[3.4,9.84],[3.48,9.86],[3.56,9.9],[3.6,10],[3.64,10.16],[3.58,10.26],[3.6,10.36],[3.64,10.4],[3.76,10.42],[3.84,10.6],[3.76,10.76],[3.74,10.86],[3.74,10.98],[3.72,11.08],[3.66,11.16],[3.48,11.4],[3.5,11.5],[3.56,11.64],[3.6,11.7]]}},{"type":"Feature","properties":{"l":0},"geometry":{"type":"LineString","coordinates":[[13.08,-4.64],[12.98,-4.56],[12.88,-4.44],[12.8,-4.44],[12.72,-4.46],[12.64,-4.54],[12.5,-4.58],[12.38,-4.62],[12.34,-4.72],[12.3,-4.76],[12.2,-4.78],[12.16,-4.84],[12.08,-4.96],[12.02,-5]]}},{"type":"Feature","properties":{"l":0},"geometry":{"type":"LineString","coordinates":[[16.52,46.5],[16.42,46.52],[16.32,46.54],[16.26,46.5],[16.26,46.38],[16.1,46.38],[16,46.3],[15.94,46.28],[15.84,46.26],[15.78,46.24],[15.7,46.22],[15.64,46.2],[15.6,46.14],[15.66,46.04],[15.68,45.98],[15.66,45.9],[15.62,45.84],[15.46,45.8],[15.28,45.74],[15.36,45.66],[15.3,45.62],[15.3,45.54],[15.32,45.5],[15.24,45.44],[15.12,45.46],[14.96,45.5],[14.9,45.5],[14.84,45.46],[14.8,45.48],[14.74,45.5],[14.64,45.58],[14.6,45.62],[14.56,45.66],[14.5,45.6],[14.42,45.5],[14.36,45.48],[14.28,45.48],[14.16,45.48],[14.08,45.48],[14,45.5],[13.94,45.44],[13.88,45.42],[13.62,45.48],[13.58,45.52]]}},{"type":"Feature","properties":{"l":0},"geometry":{"type":"LineString","coordinates":[[18.9,45.94],[18.84,45.92],[18.72,45.9],[18.66,45.9],[18.56,45.82],[18.44,45.76],[18.36,45.76],[18.3,45.76],[17.96,45.78],[17.8,45.8],[17.7,45.82],[17.64,45.86],[17.6,45.92],[17.52,45.94],[17.4,45.96],[17.32,46],[17.24,46.08],[17.14,46.14],[17.04,46.18],[16.94,46.26],[16.88,46.34],[16.74,46.42],[16.56,46.48],[16.52,46.5]]}},{"type":"Feature","properties":{"l":0},"geometry":{"type":"LineString","coordinates":[[20.24,46.1],[20.16,46.14],[19.94,46.16],[19.84,46.14],[19.72,46.16],[19.62,46.16],[19.54,46.16],[19.46,46.08],[19.4,46.04],[19.34,46.02],[19.28,46],[19.2,45.98],[19.14,45.98],[19.08,46.02],[19.04,45.98],[18.92,45.94],[18.9,45.94]]}},{"type":"Feature","properties":{"l":0},"geometry":{"type":"LineString","coordinates":[[16.52,46.5],[16.42,46.6],[16.38,46.68],[16.34,46.72],[16.32,46.78],[16.28,46.86],[16.1,46.86]]}},{"type":"Feature","properties":{"l":0},"geometry":{"type":"LineString","coordinates":[[51.26,24.6],[51.18,24.58],[51.1,24.56],[51.02,24.56],[50.96,24.58],[50.86,24.68],[50.8,24.78]]}},{"type":"Feature","properties":{"l":0},"geometry":{"type":"LineString","coordinates":[[25.26,-17.8],[25.24,-17.84],[25.22,-17.92],[25.24,-17.96],[25.28,-18.04],[25.34,-18.1],[25.38,-18.14],[25.44,-18.24],[25.48,-18.36],[25.56,-18.44],[25.76,-18.64],[25.78,-18.72],[25.82,-18.8],[25.94,-18.94],[25.96,-18.98],[25.96,-19.08],[26.08,-19.36],[26.16,-19.54],[26.24,-19.56],[26.48,-19.74],[26.68,-19.9],[26.92,-20],[27.1,-20.06],[27.18,-20.1],[27.22,-20.14],[27.26,-20.24],[27.28,-20.38],[27.28,-20.48],[27.46,-20.48],[27.62,-20.48],[27.68,-20.5],[27.7,-20.6],[27.7,-20.68],[27.7,-20.76],[27.68,-20.84],[27.68,-20.94],[27.66,-21.06],[27.7,-21.12],[27.84,-21.26],[27.9,-21.36],[27.98,-21.5],[28.02,-21.56],[28.18,-21.58],[28.54,-21.66],[28.74,-21.7],[28.92,-21.76],[29,-21.78],[29.04,-21.82],[29.02,-21.94],[29.04,-22.02],[29.1,-22.06],[29.24,-22.08],[29.32,-22.16],[29.36,-22.2]]}},{"type":"Feature","properties":{"l":0},"geometry":{"type":"LineString","coordinates":[[77.8,35.5],[77.72,35.48],[77.58,35.48],[77.52,35.48],[77.44,35.48],[77.3,35.5],[77.1,35.56],[76.88,35.62],[76.76,35.66],[76.76,35.66]]}},{"type":"Feature","properties":{"l":0},"geometry":{"type":"LineString","coordinates":[[28.02,41.96],[27.88,41.98],[27.8,41.96],[27.74,41.96],[27.66,41.96],[27.58,41.94],[27.48,41.94],[27.36,42.02],[27.3,42.08],[27.24,42.1],[27.2,42.08],[27.02,42.06],[26.96,42.02],[26.88,42],[26.8,41.98],[26.68,41.96],[26.62,41.96],[26.54,41.9],[26.52,41.84],[26.36,41.8],[26.32,41.74],[26.32,41.72]]}},{"type":"Feature","properties":{"l":0},"geometry":{"type":"LineString","coordinates":[[102.94,11.7],[102.74,12.08],[102.7,12.26],[102.74,12.38],[102.7,12.5],[102.62,12.56],[102.5,12.66],[102.5,12.82],[102.46,13.02],[102.42,13.08],[102.36,13.2],[102.34,13.28],[102.32,13.54],[102.42,13.56],[102.54,13.58],[102.54,13.66],[102.62,13.72],[102.72,13.84],[102.82,13.98],[102.88,14.06],[102.9,14.14],[103.04,14.26],[103.2,14.34],[103.32,14.36],[103.44,14.38],[103.54,14.42],[103.6,14.42],[103.74,14.38],[103.82,14.36],[103.9,14.36],[103.98,14.36],[104.06,14.36],[104.22,14.4],[104.42,14.36],[104.58,14.4],[104.78,14.42],[104.88,14.4],[104.96,14.36],[104.98,14.28],[105.04,14.22],[105.12,14.28],[105.16,14.34],[105.18,14.34]]}},{"type":"Feature","properties":{"l":0},"geometry":{"type":"LineString","coordinates":[[88.9,27.32],[88.76,27.22],[88.76,27.14],[88.82,27.1],[88.86,26.96],[88.92,26.94],[89.04,26.86],[89.14,26.82],[89.34,26.84],[89.38,26.82],[89.48,26.8],[89.54,26.8],[89.6,26.76],[89.72,26.72],[89.76,26.7],[89.94,26.72],[90.12,26.76],[90.2,26.84],[90.34,26.9],[90.44,26.86],[90.56,26.8],[90.62,26.78],[90.74,26.78],[90.86,26.78],[91.14,26.8],[91.28,26.78],[91.42,26.86],[91.52,26.8],[91.68,26.8],[91.76,26.84],[91.84,26.86],[91.9,26.86],[92,26.86],[92.04,26.88],[92.06,26.98],[92.04,27.04],[92,27.08],[92,27.14],[92.04,27.22],[92.08,27.3],[92.04,27.36],[92,27.46],[91.86,27.44],[91.74,27.44],[91.66,27.5],[91.6,27.56],[91.58,27.62],[91.6,27.68],[91.62,27.74],[91.64,27.76]]}},{"type":"Feature","properties":{"l":0},"geometry":{"type":"LineString","coordinates":[[104.06,1.28],[104.06,1.34],[104.06,1.4],[103.9,1.44],[103.82,1.46],[103.7,1.44],[103.64,1.34],[103.58,1.26],[103.6,1.2]]}},{"type":"Feature","properties":{"l":0},"geometry":{"type":"LineString","coordinates":[[100.12,6.44],[100.14,6.48],[100.16,6.64],[100.22,6.68],[100.34,6.54],[100.56,6.46],[100.62,6.44],[100.72,6.48],[100.8,6.42],[100.82,6.34],[100.88,6.24],[100.98,6.26],[101.06,6.24],[101.08,6.16],[101.08,6.04],[101.08,5.96],[101,5.84],[100.98,5.78],[101.02,5.72],[101.08,5.68],[101.14,5.64],[101.2,5.66],[101.22,5.74],[101.26,5.78],[101.4,5.86],[101.56,5.9],[101.6,5.88],[101.64,5.8],[101.72,5.78],[101.8,5.78],[101.88,5.82],[101.92,5.92],[101.94,5.98],[102.06,6.1],[102.06,6.18],[102.1,6.24]]}},{"type":"Feature","properties":{"l":0},"geometry":{"type":"LineString","coordinates":[[6,50.76],[6.12,50.68],[6.16,50.64],[6.24,50.6],[6.16,50.54],[6.2,50.5],[6.3,50.48],[6.34,50.46],[6.34,50.4],[6.36,50.32],[6.18,50.24],[6.12,50.14],[6.12,50.12]]}},{"type":"Feature","properties":{"l":0},"geometry":{"type":"LineString","coordinates":[[-71.78,19.72],[-71.72,19.48],[-71.7,19.42],[-71.76,19.32],[-71.64,19.2],[-71.66,19.14],[-71.74,19.04],[-71.8,18.98],[-71.78,18.92],[-71.74,18.86],[-71.72,18.8],[-71.74,18.74],[-71.82,18.64],[-71.86,18.62],[-71.98,18.62],[-71.94,18.52],[-71.88,18.42],[-71.76,18.34],[-71.74,18.28],[-71.76,18.2],[-71.76,18.04]]}},{"type":"Feature","properties":{"l":0},"geometry":{"type":"LineString","coordinates":[[14.06,13.08],[13.94,13.26],[13.76,13.48],[13.6,13.7]]}},{"type":"Feature","properties":{"l":0},"geometry":{"type":"LineString","coordinates":[[46.54,29.1],[46.7,29.26],[46.76,29.34],[46.9,29.54],[46.98,29.68],[47.04,29.82],[47.1,29.94],[47.14,30],[47.22,30.04],[47.34,30.08],[47.52,30.1],[47.64,30.1],[47.76,30.08],[47.98,29.98]]}},{"type":"Feature","properties":{"l":0},"geometry":{"type":"LineString","coordinates":[[88.1,27.88],[88.1,27.94],[88.28,27.96],[88.42,28.02],[88.48,28.04],[88.54,28.06],[88.58,28.1],[88.76,28.04],[88.8,28],[88.82,27.9],[88.82,27.76],[88.74,27.52],[88.76,27.42],[88.84,27.36],[88.9,27.32]]}},{"type":"Feature","properties":{"l":0},"geometry":{"type":"LineString","coordinates":[[-90.1,13.74],[-90.1,13.84],[-90.04,13.9],[-89.94,14],[-89.88,14.04],[-89.8,14.06],[-89.74,14.08],[-89.72,14.14],[-89.68,14.18],[-89.58,14.22],[-89.56,14.28],[-89.58,14.34],[-89.54,14.4],[-89.42,14.44],[-89.36,14.42]]}},{"type":"Feature","properties":{"l":0},"geometry":{"type":"LineString","coordinates":[[124.04,-9.34],[124.1,-9.42],[124.28,-9.42],[124.38,-9.34],[124.42,-9.32],[124.44,-9.24],[124.44,-9.2]]}},{"type":"Feature","properties":{"l":0},"geometry":{"type":"LineString","coordinates":[[124.92,-8.94],[124.92,-9.04],[124.98,-9.06],[125.1,-9],[125.14,-9.04],[125.14,-9.12],[125.1,-9.18],[124.98,-9.2],[124.96,-9.26],[125,-9.32],[125.04,-9.38],[125.06,-9.52]]}},{"type":"Feature","properties":{"l":0},"geometry":{"type":"LineString","coordinates":[[115.14,4.9],[115.22,4.76],[115.26,4.64],[115.28,4.46],[115.32,4.38],[115.24,4.34],[115.18,4.36],[115.1,4.4],[115.06,4.58],[115.02,4.7],[115.02,4.82],[115.02,4.9]]}},{"type":"Feature","properties":{"l":0},"geometry":{"type":"LineString","coordinates":[[109.62,2.02],[109.54,1.9],[109.58,1.8],[109.64,1.78],[109.66,1.62],[109.74,1.52],[109.82,1.44],[109.88,1.4],[109.94,1.34],[110,1.28],[110.04,1.24],[110.12,1.2],[110.32,1],[110.4,0.94],[110.46,0.88],[110.62,0.88],[110.94,1.02],[111,1.02],[111.1,1.06],[111.28,1.04],[111.48,1],[111.54,1],[111.6,1.02],[111.7,1.02],[111.76,1],[111.92,1.12],[112.08,1.14],[112.12,1.24],[112.16,1.34],[112.18,1.44],[112.26,1.48],[112.34,1.52],[112.48,1.56],[112.94,1.56],[113,1.5],[113,1.44],[113.06,1.44],[113.12,1.4],[113.36,1.32],[113.46,1.3],[113.52,1.3],[113.62,1.24],[113.68,1.26],[113.76,1.32],[113.84,1.38],[113.9,1.44],[114,1.46],[114.12,1.46],[114.28,1.48],[114.38,1.5],[114.52,1.46],[114.56,1.52],[114.64,1.62],[114.66,1.68],[114.68,1.82],[114.76,1.86],[114.8,1.9],[114.84,1.98],[114.78,2.06],[114.76,2.16],[114.76,2.22],[114.84,2.26],[114.96,2.36],[115.08,2.44],[115.16,2.5],[115.18,2.56],[115.12,2.62],[115.08,2.64],[115.08,2.68],[115.1,2.76],[115.08,2.84],[115.12,2.9],[115.18,2.98],[115.24,3.02],[115.32,3],[115.38,3],[115.46,3.04],[115.5,3.12],[115.48,3.2],[115.52,3.34],[115.56,3.44],[115.58,3.5],[115.54,3.64],[115.56,3.74],[115.56,3.94],[115.62,4.08],[115.68,4.2],[115.78,4.26],[115.84,4.34],[115.9,4.34],[116.02,4.3],[116.14,4.36],[116.24,4.36],[116.32,4.36],[116.36,4.32],[116.42,4.3],[116.52,4.38],[116.58,4.34],[116.7,4.36],[116.84,4.34],[117.1,4.34],[117.28,4.3],[117.46,4.2],[117.54,4.18],[117.74,4.16],[117.88,4.18]]}},{"type":"Feature","properties":{"l":0},"geometry":{"type":"LineString","coordinates":[[10.46,46.86],[10.58,46.86],[10.68,46.84],[10.76,46.8],[10.82,46.78],[10.92,46.76],[11,46.78],[11.06,46.86],[11.14,46.94],[11.24,46.98],[11.44,46.98],[11.52,47],[11.62,47],[11.7,46.98],[11.78,46.98],[11.96,47.04],[12.16,47.08],[12.16,47.02],[12.14,46.98],[12.16,46.94],[12.26,46.84],[12.34,46.76],[12.38,46.7],[12.48,46.68],[12.6,46.66],[12.7,46.64],[12.8,46.62],[13.16,46.58],[13.36,46.56],[13.5,46.56],[13.7,46.52]]}},{"type":"Feature","properties":{"l":0},"geometry":{"type":"LineString","coordinates":[[13.7,46.52],[13.68,46.46],[13.56,46.42],[13.48,46.36],[13.4,46.32],[13.38,46.26],[13.42,46.22],[13.5,46.22],[13.54,46.2],[13.64,46.18],[13.54,46.08],[13.48,46.04],[13.48,45.98],[13.6,45.98],[13.56,45.84],[13.66,45.8],[13.72,45.76],[13.84,45.68],[13.88,45.62],[13.78,45.58],[13.72,45.58]]}},{"type":"Feature","properties":{"l":0},"geometry":{"type":"LineString","coordinates":[[29.02,-2.72],[29.02,-2.66],[29.06,-2.6],[29.2,-2.62],[29.3,-2.68],[29.34,-2.8],[29.46,-2.8],[29.66,-2.8],[29.78,-2.76],[29.86,-2.72],[29.9,-2.66],[29.92,-2.54],[29.94,-2.34],[30.1,-2.42],[30.14,-2.42],[30.18,-2.38],[30.24,-2.34],[30.4,-2.32],[30.48,-2.38],[30.52,-2.4],[30.56,-2.4]]}},{"type":"Feature","properties":{"l":0},"geometry":{"type":"LineString","coordinates":[[92.58,21.98],[92.58,21.6],[92.6,21.46],[92.62,21.36],[92.6,21.28],[92.54,21.32],[92.48,21.36],[92.38,21.4],[92.34,21.44],[92.28,21.42],[92.2,21.36],[92.18,21.3],[92.2,21.2],[92.22,21.12],[92.26,21.06],[92.26,21],[92.28,20.94],[92.32,20.86],[92.32,20.8]]}},{"type":"Feature","properties":{"l":0},"geometry":{"type":"LineString","coordinates":[[1.42,42.6],[1.34,42.7],[1.3,42.7],[1.2,42.72],[1.12,42.74],[1.02,42.78],[0.76,42.84],[0.7,42.84],[0.66,42.8],[0.64,42.7],[0.52,42.68],[0.38,42.7],[0.32,42.7],[0.26,42.7],[0.2,42.72],[-0.04,42.68],[-0.14,42.74],[-0.2,42.78],[-0.26,42.8],[-0.34,42.82],[-0.4,42.8],[-0.48,42.8],[-0.54,42.8],[-0.74,42.9],[-0.84,42.94],[-0.94,42.94],[-1.18,43.02],[-1.28,43.06],[-1.32,43.1],[-1.38,43.04],[-1.42,43.04],[-1.48,43.08],[-1.42,43.14],[-1.4,43.2],[-1.48,43.26],[-1.56,43.28],[-1.62,43.28],[-1.72,43.3],[-1.8,43.38],[-1.8,43.4]]}},{"type":"Feature","properties":{"l":0},"geometry":{"type":"LineString","coordinates":[[1.42,42.6],[1.5,42.64],[1.56,42.64],[1.7,42.6],[1.74,42.56],[1.7,42.5]]}},{"type":"Feature","properties":{"l":0},"geometry":{"type":"LineString","coordinates":[[1.7,42.5],[1.86,42.46],[1.92,42.42],[1.98,42.36],[2.1,42.38],[2.2,42.42],[2.38,42.4],[2.56,42.34],[2.66,42.34],[2.66,42.4],[2.74,42.42],[2.82,42.42],[2.9,42.46],[2.98,42.46],[3.06,42.44],[3.16,42.44],[3.22,42.44]]}},{"type":"Feature","properties":{"l":0},"geometry":{"type":"LineString","coordinates":[[1.42,42.6],[1.42,42.54],[1.42,42.46],[1.48,42.44],[1.58,42.46],[1.68,42.5],[1.7,42.5]]}},{"type":"Feature","properties":{"l":0},"geometry":{"type":"LineString","coordinates":[[74.9,37.24],[75,37.3],[75.08,37.34],[75.12,37.38],[75.1,37.46],[74.98,37.54],[74.92,37.58],[74.92,37.68],[74.94,37.78],[74.9,37.84],[74.9,37.92],[74.84,38.04],[74.78,38.1],[74.78,38.2],[74.78,38.28],[74.84,38.4],[74.82,38.46],[74.74,38.52],[74.52,38.6],[74.28,38.66],[74.18,38.66],[74.14,38.66],[74.06,38.6],[74.02,38.54],[73.98,38.54],[73.86,38.56],[73.8,38.6],[73.76,38.7],[73.72,38.82],[73.7,38.88],[73.8,38.94],[73.8,39],[73.74,39.04],[73.7,39.1],[73.6,39.22],[73.62,39.3],[73.64,39.4],[73.64,39.44]]}},{"type":"Feature","properties":{"l":0},"geometry":{"type":"LineString","coordinates":[[74.9,37.24],[74.84,37.22],[74.76,37.24],[74.72,37.3],[74.66,37.26],[74.56,37.24],[74.38,37.16],[74.5,37.06],[74.54,37.02]]}},{"type":"Feature","properties":{"l":0},"geometry":{"type":"LineString","coordinates":[[20.96,40.84],[21.1,40.86],[21.32,40.86],[21.4,40.9],[21.46,40.9],[21.58,40.86],[21.62,40.9],[21.78,40.96],[21.92,41.1],[22,41.14],[22.14,41.14],[22.24,41.16],[22.4,41.12],[22.5,41.12],[22.6,41.14],[22.72,41.18],[22.76,41.32],[22.86,41.34],[22.92,41.34]]}},{"type":"Feature","properties":{"l":0},"geometry":{"type":"LineString","coordinates":[[21.56,42.24],[21.38,42.22],[21.34,42.18],[21.3,42.14],[21.26,42.1],[21.2,42.12],[21.14,42.18],[21.06,42.18],[20.78,42.08],[20.76,42.02],[20.74,41.9],[20.7,41.86],[20.58,41.86],[20.56,41.88]]}},{"type":"Feature","properties":{"l":0},"geometry":{"type":"LineString","coordinates":[[22.34,42.32],[22.28,42.34],[22.14,42.32],[22.06,42.3],[21.98,42.32],[21.9,42.32],[21.86,42.3],[21.74,42.26],[21.62,42.24],[21.56,42.24]]}},{"type":"Feature","properties":{"l":0},"geometry":{"type":"LineString","coordinates":[[22.34,42.32],[22.42,42.32],[22.52,42.44],[22.52,42.5],[22.48,42.54],[22.44,42.62],[22.46,42.7],[22.44,42.8],[22.46,42.84],[22.52,42.88],[22.7,42.88],[22.8,42.98],[22.86,43.02],[22.92,43.08],[22.96,43.14],[22.86,43.26],[22.82,43.3],[22.76,43.36],[22.7,43.4],[22.56,43.46],[22.5,43.52],[22.48,43.6],[22.44,43.66],[22.4,43.7],[22.36,43.78],[22.36,43.86],[22.4,43.96],[22.46,44.02],[22.6,44.08],[22.6,44.14],[22.62,44.2],[22.7,44.24]]}},{"type":"Feature","properties":{"l":0},"geometry":{"type":"LineString","coordinates":[[22.92,41.34],[22.96,41.6],[23,41.72],[22.94,41.78],[22.9,41.84],[22.84,42],[22.8,42.02],[22.68,42.06],[22.58,42.1],[22.5,42.16],[22.34,42.32]]}},{"type":"Feature","properties":{"l":0},"geometry":{"type":"LineString","coordinates":[[18.44,42.56],[18.48,42.48],[18.52,42.44]]}},{"type":"Feature","properties":{"l":0},"geometry":{"type":"LineString","coordinates":[[18.44,42.56],[18.34,42.58],[18.12,42.7],[18.04,42.74],[17.92,42.8],[17.84,42.84],[17.8,42.9],[17.74,42.92],[17.66,42.9]]}},{"type":"Feature","properties":{"l":0},"geometry":{"type":"LineString","coordinates":[[78.92,33.38],[78.94,33.34],[79.02,33.3],[79.06,33.26],[79.12,33.22],[79.12,33.22]]}},{"type":"Feature","properties":{"l":0},"geometry":{"type":"LineString","coordinates":[[20.34,42.82],[20.46,42.86],[20.46,42.92],[20.62,43.04],[20.66,43.1],[20.6,43.18],[20.7,43.22],[20.76,43.26],[20.82,43.24],[20.84,43.18],[20.9,43.16],[20.96,43.12],[21.06,43.1],[21.12,43.04],[21.22,42.96],[21.32,42.88],[21.4,42.84],[21.4,42.76],[21.66,42.68],[21.72,42.68],[21.74,42.6],[21.62,42.42],[21.52,42.36],[21.54,42.28],[21.56,42.24]]}},{"type":"Feature","properties":{"l":0},"geometry":{"type":"LineString","coordinates":[[20.34,42.82],[20.22,42.8],[20.14,42.76],[20.06,42.76],[20.06,42.68],[20.08,42.64],[20.08,42.56],[20.06,42.54]]}},{"type":"Feature","properties":{"l":0},"geometry":{"type":"LineString","coordinates":[[19.2,43.54],[19.22,43.44],[19.3,43.42],[19.42,43.34],[19.56,43.22],[19.62,43.18],[19.68,43.16],[19.78,43.1],[19.86,43.1],[19.94,43.08],[20.16,42.96],[20.26,42.94],[20.34,42.9],[20.34,42.82]]}},{"type":"Feature","properties":{"l":0},"geometry":{"type":"LineString","coordinates":[[-89.36,14.42],[-89.18,14.36],[-89.12,14.38],[-89.06,14.32],[-89,14.26],[-88.86,14.16],[-88.74,14.08],[-88.7,14.04],[-88.58,14],[-88.52,13.98],[-88.5,13.9],[-88.48,13.86],[-88.4,13.88],[-88.28,13.94],[-88.16,13.98],[-88.08,13.96],[-88.04,13.9],[-88,13.88],[-87.9,13.9],[-87.8,13.88],[-87.74,13.84],[-87.76,13.64],[-87.78,13.58],[-87.78,13.52],[-87.74,13.48],[-87.82,13.4]]}},{"type":"Feature","properties":{"l":0},"geometry":{"type":"LineString","coordinates":[[-87.34,12.98],[-87.06,13],[-87,13],[-86.96,13.06],[-86.94,13.12],[-86.92,13.18],[-86.88,13.26],[-86.8,13.28],[-86.72,13.28],[-86.72,13.4],[-86.76,13.64],[-86.78,13.7],[-86.74,13.76],[-86.62,13.78],[-86.38,13.76],[-86.24,13.9],[-86.16,14],[-86.08,14.04],[-86.04,14.06],[-85.98,13.96],[-85.78,13.84],[-85.74,13.86],[-85.74,13.94],[-85.68,13.98],[-85.58,14.02],[-85.48,14.1],[-85.38,14.22],[-85.28,14.3],[-85.2,14.32],[-85.2,14.38],[-85.2,14.44],[-85.16,14.52],[-85.12,14.58],[-85.06,14.58],[-85.04,14.64],[-84.98,14.76],[-84.86,14.8],[-84.78,14.8],[-84.72,14.72],[-84.64,14.66],[-84.54,14.64],[-84.46,14.64],[-84.4,14.7],[-84.34,14.7],[-84.3,14.68],[-84.26,14.74],[-84.2,14.72],[-84.12,14.74],[-84.06,14.78],[-83.98,14.78],[-83.86,14.8],[-83.76,14.86],[-83.68,14.88],[-83.58,14.9],[-83.54,14.98],[-83.42,15],[-83.16,15]]}},{"type":"Feature","properties":{"l":0},"geometry":{"type":"LineString","coordinates":[[-75.28,-0.1],[-75.46,-0.04],[-75.62,0.06],[-75.78,0.08],[-75.88,0.16],[-75.98,0.24],[-76.02,0.32],[-76.06,0.34],[-76.28,0.44],[-76.38,0.4],[-76.42,0.3],[-76.5,0.24],[-76.6,0.24],[-76.68,0.26],[-76.72,0.28],[-76.82,0.24],[-76.92,0.26],[-77,0.3],[-77.12,0.36],[-77.16,0.34],[-77.3,0.36],[-77.4,0.4],[-77.46,0.64],[-77.52,0.66],[-77.6,0.68],[-77.64,0.72],[-77.68,0.78],[-77.7,0.84],[-77.82,0.82],[-78.04,0.9],[-78.18,0.96],[-78.32,1.04],[-78.52,1.2],[-78.58,1.24],[-78.68,1.28],[-78.74,1.36],[-78.82,1.44],[-78.86,1.46]]}},{"type":"Feature","properties":{"l":0},"geometry":{"type":"LineString","coordinates":[[-57.6,3.36],[-57.64,3.4],[-57.64,3.52],[-57.72,3.58],[-57.84,3.68],[-57.86,3.78],[-57.9,3.86],[-58.04,4],[-58.06,4.1],[-58.06,4.18],[-58.02,4.24],[-57.94,4.34],[-57.92,4.46],[-57.9,4.5],[-57.88,4.58],[-57.84,4.66],[-57.86,4.72],[-57.9,4.78],[-57.88,4.88],[-57.84,4.92],[-57.76,4.96],[-57.72,5],[-57.64,5],[-57.58,5],[-57.42,5],[-57.34,5.02],[-57.3,5.1],[-57.26,5.16],[-57.2,5.2],[-57.24,5.24],[-57.32,5.34],[-57.26,5.44],[-57.2,5.54]]}},{"type":"Feature","properties":{"l":0},"geometry":{"type":"LineString","coordinates":[[-54.08,3.32],[-54,3.44],[-54,3.54],[-54,3.58],[-54.04,3.62],[-54.08,3.7],[-54.12,3.76],[-54.2,3.84],[-54.26,3.9],[-54.36,4.06],[-54.34,4.14],[-54.4,4.2],[-54.42,4.34],[-54.44,4.42],[-54.44,4.48],[-54.42,4.58],[-54.44,4.7],[-54.48,4.74],[-54.48,4.84],[-54.48,4.92],[-54.44,4.96],[-54.46,5.02],[-54.34,5.18],[-54.24,5.28],[-54.16,5.36]]}},{"type":"Feature","properties":{"l":0},"geometry":{"type":"LineString","coordinates":[[-58.42,-33.94],[-58.44,-33.86],[-58.48,-33.74],[-58.48,-33.66],[-58.46,-33.52],[-58.42,-33.36],[-58.4,-33.24],[-58.38,-33.14],[-58.24,-33.1],[-58.16,-33.02],[-58.14,-32.98],[-58.14,-32.92],[-58.14,-32.82],[-58.18,-32.64],[-58.2,-32.48]]}},{"type":"Feature","properties":{"l":0},"geometry":{"type":"LineString","coordinates":[[-57.6,-30.18],[-57.64,-30.22],[-57.66,-30.3],[-57.72,-30.38],[-57.84,-30.5],[-57.88,-30.6],[-57.82,-30.72],[-57.82,-30.86],[-57.84,-30.92],[-57.88,-30.94],[-57.88,-31.04],[-57.86,-31.1],[-57.9,-31.2],[-57.94,-31.3],[-58.04,-31.42],[-58.06,-31.5],[-58,-31.54],[-57.98,-31.62],[-58,-31.68],[-58.04,-31.76],[-58.1,-31.84],[-58.16,-31.88],[-58.18,-31.92],[-58.16,-31.98],[-58.16,-32.06],[-58.18,-32.12],[-58.16,-32.18],[-58.12,-32.24],[-58.12,-32.32],[-58.2,-32.48]]}},{"type":"Feature","properties":{"l":0},"geometry":{"type":"LineString","coordinates":[[-54.62,-25.58],[-54.54,-25.58],[-54.44,-25.62],[-54.38,-25.58],[-54.34,-25.58],[-54.26,-25.58],[-54.2,-25.52],[-54.16,-25.52],[-54.08,-25.58],[-54.02,-25.58],[-53.96,-25.64],[-53.9,-25.66],[-53.86,-25.74],[-53.82,-25.96],[-53.74,-26.08],[-53.68,-26.22],[-53.66,-26.28],[-53.72,-26.36],[-53.72,-26.44],[-53.74,-26.66],[-53.76,-26.74],[-53.72,-26.8],[-53.72,-26.88],[-53.76,-26.98],[-53.84,-27.12],[-53.92,-27.16],[-54.04,-27.24],[-54.12,-27.28],[-54.2,-27.28],[-54.26,-27.38],[-54.32,-27.42],[-54.44,-27.44],[-54.56,-27.46],[-54.62,-27.48],[-54.66,-27.52],[-54.72,-27.54],[-54.78,-27.54],[-54.82,-27.56],[-54.88,-27.6],[-54.9,-27.66],[-54.92,-27.7],[-54.96,-27.74],[-55.04,-27.76],[-55.06,-27.84],[-55.24,-27.9],[-55.34,-27.96],[-55.4,-28.04],[-55.48,-28.08],[-55.58,-28.12],[-55.72,-28.2],[-55.74,-28.26],[-55.7,-28.3],[-55.68,-28.38],[-55.8,-28.36],[-55.86,-28.36],[-55.9,-28.4],[-55.94,-28.48],[-55.98,-28.48],[-56.02,-28.52],[-56.04,-28.58],[-56.1,-28.66],[-56.22,-28.74],[-56.32,-28.86],[-56.4,-29],[-56.48,-29.1],[-56.58,-29.14],[-56.64,-29.2],[-56.68,-29.28],[-56.78,-29.42],[-56.94,-29.6],[-57.08,-29.72],[-57.22,-29.78],[-57.3,-29.86],[-57.32,-29.94],[-57.4,-30.04],[-57.56,-30.14],[-57.6,-30.18]]}},{"type":"Feature","properties":{"l":0},"geometry":{"type":"LineString","coordinates":[[20.62,69.04],[20.9,68.98],[20.92,68.9],[21.18,68.82],[21.26,68.78],[21.42,68.72],[21.46,68.7],[21.62,68.66],[21.72,68.6],[21.86,68.58],[22,68.52],[22.2,68.48],[22.36,68.46],[22.78,68.4],[22.86,68.36],[22.98,68.32],[23.1,68.26],[23.18,68.14],[23.32,68.14],[23.36,68.08],[23.48,68.02],[23.64,67.96],[23.5,67.88],[23.48,67.8],[23.5,67.7],[23.54,67.62],[23.5,67.56],[23.46,67.52],[23.46,67.46],[23.54,67.44],[23.66,67.44],[23.74,67.42],[23.78,67.32],[23.66,67.26],[23.62,67.18],[23.64,67.12],[23.68,67.06],[23.76,67],[23.86,66.94],[23.94,66.88],[23.98,66.84],[23.94,66.78],[23.9,66.7],[23.88,66.62],[23.86,66.58],[23.76,66.5],[23.7,66.48],[23.68,66.38],[23.7,66.3],[23.7,66.26],[23.76,66.2],[23.9,66.14],[24,66.06],[24.04,65.98],[24.16,65.8],[24.14,65.76],[24.18,65.66],[24.12,65.5]]}},{"type":"Feature","properties":{"l":0},"geometry":{"type":"LineString","coordinates":[[4.22,51.38],[4.18,51.3],[4.04,51.24],[3.9,51.2],[3.84,51.22],[3.78,51.24],[3.68,51.28],[3.58,51.28],[3.52,51.26],[3.44,51.24],[3.38,51.3],[3.36,51.38]]}},{"type":"Feature","properties":{"l":0},"geometry":{"type":"LineString","coordinates":[[6,50.76],[5.8,50.76],[5.74,50.76],[5.7,50.78],[5.64,50.84],[5.74,50.94],[5.74,50.98],[5.82,51.08],[5.8,51.16],[5.6,51.2],[5.54,51.24],[5.48,51.28],[5.32,51.26],[5.22,51.28],[5.1,51.34],[5.08,51.4],[5.04,51.46],[4.94,51.4],[4.84,51.4],[4.82,51.46],[4.76,51.5],[4.64,51.42],[4.54,51.44],[4.44,51.46],[4.38,51.42],[4.4,51.36],[4.3,51.36],[4.22,51.38]]}},{"type":"Feature","properties":{"l":0},"geometry":{"type":"LineString","coordinates":[[6.34,49.46],[6.46,49.44],[6.54,49.4],[6.56,49.34],[6.6,49.3],[6.74,49.16],[6.82,49.18],[6.9,49.2],[6.96,49.2],[7.02,49.12],[7.12,49.12],[7.2,49.12],[7.32,49.12],[7.4,49.16],[7.52,49.08],[7.62,49.06],[7.8,49.04],[8,49.02],[8.08,48.98],[8.14,48.98],[8.14,48.88],[7.92,48.7],[7.84,48.64],[7.8,48.54],[7.76,48.42],[7.7,48.28],[7.62,48.16],[7.58,48.06],[7.6,48],[7.6,47.9],[7.54,47.78],[7.52,47.68],[7.56,47.6],[7.62,47.6]]}},{"type":"Feature","properties":{"l":0},"geometry":{"type":"LineString","coordinates":[[9.52,47.52],[9.34,47.6],[9.18,47.68],[9.12,47.68],[8.88,47.66],[8.84,47.7],[8.78,47.7],[8.62,47.76],[8.5,47.76],[8.44,47.74],[8.4,47.68],[8.46,47.66],[8.56,47.66],[8.48,47.62],[8.44,47.6],[8.32,47.6],[8.2,47.6],[8.1,47.58],[7.92,47.56],[7.7,47.56],[7.62,47.6]]}},{"type":"Feature","properties":{"l":0},"geometry":{"type":"LineString","coordinates":[[9.52,47.28],[9.6,47.4],[9.62,47.46],[9.56,47.52],[9.52,47.52]]}},{"type":"Feature","properties":{"l":0},"geometry":{"type":"LineString","coordinates":[[9.58,47.06],[9.5,47.06],[9.48,47.18],[9.52,47.28]]}},{"type":"Feature","properties":{"l":0},"geometry":{"type":"LineString","coordinates":[[7.02,45.92],[6.96,46.02],[6.9,46.06],[6.86,46.08],[6.8,46.14],[6.82,46.28],[6.78,46.32],[6.76,46.36],[6.58,46.44],[6.42,46.44],[6.32,46.4],[6.24,46.34],[6.28,46.26],[6.2,46.2],[6.08,46.14],[6,46.14],[5.98,46.22],[6.04,46.24],[6.1,46.28],[6.12,46.34],[6.06,46.42],[6.1,46.52],[6.12,46.56],[6.16,46.62],[6.28,46.68],[6.42,46.76],[6.42,46.84],[6.44,46.92],[6.62,47],[6.68,47.06],[6.82,47.16],[6.96,47.26],[7,47.32],[6.92,47.36],[6.96,47.46],[7.06,47.48],[7.14,47.48],[7.2,47.44],[7.26,47.42],[7.34,47.44],[7.42,47.46],[7.46,47.5],[7.62,47.6]]}},{"type":"Feature","properties":{"l":0},"geometry":{"type":"LineString","coordinates":[[-7.4,37.18],[-7.46,37.42],[-7.5,37.52],[-7.5,37.58],[-7.44,37.72],[-7.38,37.78],[-7.3,37.9],[-7.18,38],[-7.08,38.04],[-7.02,38.04],[-6.98,38.12],[-6.96,38.18],[-7.1,38.18],[-7.34,38.46],[-7.3,38.56],[-7.28,38.64],[-7.28,38.72],[-7.22,38.78],[-7.12,38.82],[-7.04,38.9],[-7,38.98],[-7,39.06],[-7.04,39.1],[-7.18,39.14],[-7.3,39.34],[-7.34,39.46],[-7.44,39.54],[-7.52,39.64],[-7.46,39.68],[-7.12,39.68],[-7.04,39.7],[-6.98,39.8],[-6.92,39.94],[-6.9,40.02],[-7.02,40.14],[-7.02,40.2],[-6.94,40.26],[-6.86,40.3],[-6.82,40.34],[-6.84,40.42],[-6.84,40.48],[-6.82,40.62],[-6.84,40.78],[-6.86,40.88],[-6.92,41],[-6.88,41.06],[-6.78,41.1],[-6.7,41.22],[-6.56,41.3],[-6.4,41.38],[-6.28,41.46],[-6.24,41.52],[-6.24,41.6],[-6.3,41.64],[-6.4,41.66],[-6.48,41.66],[-6.54,41.68],[-6.56,41.78],[-6.56,41.88],[-6.62,41.94],[-6.7,41.94],[-6.78,41.96],[-6.84,41.96],[-7.04,41.96],[-7.1,41.96],[-7.14,41.98],[-7.2,41.96],[-7.2,41.9],[-7.26,41.86],[-7.4,41.84],[-7.52,41.84],[-7.62,41.86],[-7.7,41.88],[-7.9,41.88],[-8,41.86],[-8.1,41.82],[-8.16,41.82],[-8.22,41.9],[-8.12,42.02],[-8.18,42.06],[-8.2,42.12],[-8.26,42.14],[-8.32,42.12],[-8.54,42.06],[-8.58,42.06],[-8.68,42],[-8.78,41.94]]}},{"type":"Feature","properties":{"l":0},"geometry":{"type":"LineString","coordinates":[[13.82,48.76],[13.8,48.68],[13.8,48.62],[13.72,48.54],[13.68,48.52],[13.48,48.58],[13.4,48.4],[13.32,48.34],[13.22,48.3],[13.14,48.28],[13.08,48.28],[12.9,48.2],[12.82,48.16],[12.76,48.1],[12.84,47.98],[12.96,47.9],[12.96,47.8],[12.9,47.74],[12.98,47.7],[13.06,47.66],[13.04,47.58],[13.04,47.5],[12.96,47.48],[12.88,47.5],[12.8,47.54],[12.78,47.6],[12.68,47.66],[12.6,47.66],[12.52,47.64],[12.44,47.66],[12.36,47.68],[12.26,47.7],[12.2,47.72],[12.2,47.64],[11.72,47.58],[11.58,47.54],[11.46,47.5],[11.4,47.48],[11.3,47.42],[11.22,47.42],[11.14,47.4],[11.04,47.4],[10.98,47.4],[10.9,47.48],[10.88,47.52],[10.74,47.52],[10.66,47.54],[10.48,47.54],[10.44,47.54],[10.4,47.42],[10.36,47.36],[10.32,47.32],[10.24,47.28],[10.18,47.28],[10.2,47.36],[10.1,47.38],[10.08,47.42],[10.04,47.48],[9.98,47.5],[9.84,47.56],[9.74,47.58],[9.66,47.52],[9.54,47.54],[9.52,47.52]]}},{"type":"Feature","properties":{"l":0},"geometry":{"type":"LineString","coordinates":[[16.1,46.86],[16.04,46.84],[15.98,46.8],[15.98,46.7],[15.76,46.72],[15.64,46.7],[15.54,46.66],[15.44,46.62],[15.22,46.64],[15,46.62],[14.94,46.62],[14.9,46.6],[14.84,46.58],[14.76,46.5],[14.68,46.46],[14.6,46.44],[14.54,46.4],[14.46,46.42],[14.26,46.44],[14.1,46.46],[14.02,46.48],[13.92,46.5],[13.84,46.52],[13.74,46.52],[13.7,46.52]]}},{"type":"Feature","properties":{"l":0},"geometry":{"type":"LineString","coordinates":[[18.44,42.56],[18.54,42.62],[18.54,42.68],[18.46,42.78],[18.46,42.84],[18.44,42.96],[18.48,43.02],[18.62,43.02],[18.62,43.12],[18.66,43.2],[18.74,43.28],[18.86,43.34],[18.94,43.34],[18.98,43.28],[19.04,43.36],[18.98,43.44],[18.94,43.5],[18.98,43.54],[19.02,43.54],[19.08,43.52],[19.16,43.54],[19.2,43.54]]}},{"type":"Feature","properties":{"l":0},"geometry":{"type":"LineString","coordinates":[[19.2,43.54],[19.26,43.58],[19.36,43.6],[19.46,43.56],[19.5,43.64],[19.48,43.7],[19.36,43.84],[19.26,43.94],[19.3,44],[19.44,43.98],[19.54,43.98],[19.58,44.04],[19.44,44.16],[19.34,44.22],[19.24,44.28],[19.16,44.3],[19.12,44.36],[19.12,44.42],[19.14,44.48],[19.22,44.6],[19.3,44.7],[19.34,44.78],[19.36,44.86],[19.32,44.9],[19.24,44.92],[19.14,44.9],[19.04,44.88],[18.94,44.86],[18.84,44.88],[18.78,44.92],[18.78,44.98],[18.74,45.02],[18.66,45.08],[18.48,45.08],[18.42,45.1],[18.36,45.12],[18.28,45.14],[18.22,45.14],[18.14,45.12],[18,45.14],[17.94,45.12],[17.88,45.08],[17.82,45.08],[17.7,45.16],[17.54,45.12],[17.46,45.14],[17.32,45.16],[17.26,45.18],[17.22,45.16],[17.12,45.18],[16.92,45.28],[16.8,45.2],[16.54,45.22],[16.46,45.16],[16.36,45.06],[16.3,45],[16.24,45.02],[16.16,45.08],[16.02,45.18],[15.96,45.22],[15.88,45.22],[15.82,45.2],[15.76,45],[15.74,44.86],[15.74,44.76],[15.88,44.68],[16.04,44.54],[16.1,44.52],[16.14,44.48],[16.16,44.36],[16.22,44.22],[16.3,44.12],[16.38,44.06],[16.48,44],[16.6,43.92],[16.68,43.82],[16.9,43.64],[17.08,43.52],[17.24,43.48],[17.28,43.34],[17.4,43.2],[17.62,43.04],[17.66,42.98],[17.58,42.94]]}},{"type":"Feature","properties":{"l":0},"geometry":{"type":"LineString","coordinates":[[19,44.86],[19,44.92],[19.06,44.92],[19.1,44.98],[19.06,45.14],[19.12,45.16],[19.2,45.16],[19.3,45.16],[19.38,45.18],[19.38,45.24],[19.34,45.26],[19.28,45.28],[19.1,45.34],[19,45.4],[19,45.46],[19.06,45.52],[18.96,45.56],[18.92,45.6],[18.94,45.66],[18.9,45.76],[18.84,45.84],[18.9,45.86],[18.9,45.94]]}},{"type":"Feature","properties":{"l":0},"geometry":{"type":"LineString","coordinates":[[16.96,48.6],[16.98,48.68],[17.06,48.78],[17.14,48.84],[17.18,48.86],[17.3,48.84],[17.48,48.82],[17.62,48.84],[17.76,48.88],[17.84,48.92],[17.9,48.98],[17.94,49.02],[18.06,49.04],[18.1,49.12],[18.1,49.18],[18.14,49.22],[18.36,49.34],[18.42,49.4],[18.48,49.42],[18.54,49.46],[18.6,49.5],[18.68,49.48],[18.74,49.5],[18.8,49.5],[18.84,49.52]]}},{"type":"Feature","properties":{"l":0},"geometry":{"type":"LineString","coordinates":[[17.14,48],[17.08,48.04],[16.98,48.2],[16.86,48.38],[16.86,48.44],[16.9,48.5],[16.94,48.56],[16.96,48.6]]}},{"type":"Feature","properties":{"l":0},"geometry":{"type":"LineString","coordinates":[[17.14,48],[17.28,48],[17.48,47.88],[17.64,47.8],[17.76,47.78],[17.94,47.76],[18.14,47.76],[18.48,47.78],[18.72,47.78],[18.78,47.86],[18.76,47.94],[18.8,48],[18.92,48.06],[19.26,48.08],[19.46,48.12],[19.5,48.16],[19.56,48.22],[19.62,48.22],[19.7,48.2],[19.82,48.16],[19.9,48.14],[19.96,48.14],[20.12,48.22],[20.34,48.3],[20.48,48.5],[20.64,48.54],[20.86,48.54],[20.98,48.52],[21.06,48.5],[21.2,48.52],[21.38,48.56],[21.46,48.56],[21.5,48.52],[21.56,48.5],[21.6,48.46],[21.64,48.42],[21.68,48.38],[21.72,48.34],[22.12,48.4],[22.14,48.4]]}},{"type":"Feature","properties":{"l":0},"geometry":{"type":"LineString","coordinates":[[14.8,50.86],[14.92,51],[14.96,51.1],[15.02,51.26],[14.96,51.38],[14.94,51.44],[14.72,51.52],[14.74,51.62],[14.68,51.7],[14.62,51.78],[14.6,51.84],[14.68,51.9],[14.7,51.96],[14.72,52.04],[14.76,52.08],[14.7,52.12],[14.7,52.2],[14.62,52.28],[14.58,52.32],[14.56,52.44],[14.62,52.52],[14.52,52.64],[14.26,52.78],[14.12,52.88],[14.14,52.94],[14.2,52.98],[14.3,53.02],[14.36,53.1],[14.42,53.2],[14.42,53.28],[14.3,53.56],[14.28,53.62],[14.26,53.7],[14.2,53.92],[14.22,53.96]]}},{"type":"Feature","properties":{"l":0},"geometry":{"type":"LineString","coordinates":[[22.88,47.94],[22.84,48],[22.84,48.06],[22.78,48.1],[22.7,48.1],[22.58,48.14],[22.52,48.2],[22.42,48.24],[22.36,48.26],[22.3,48.32],[22.26,48.4],[22.14,48.4]]}},{"type":"Feature","properties":{"l":0},"geometry":{"type":"LineString","coordinates":[[28.58,43.74],[28.42,43.74],[28.22,43.78],[28.04,43.82],[27.94,43.92],[27.88,43.98],[27.74,43.96],[27.68,44],[27.56,44.02],[27.42,44.02],[27.12,44.14],[26.84,44.14],[26.48,44.08],[26.22,44],[25.94,43.88],[25.82,43.76],[25.68,43.72],[25.5,43.68],[25.16,43.68],[24.8,43.74],[24.44,43.8],[24.22,43.76],[23.96,43.78],[23.54,43.86],[23.22,43.88],[22.92,43.84],[22.86,43.86],[22.86,43.94],[22.92,43.98],[22.98,44.02],[23.02,44.08],[22.94,44.12],[22.78,44.2],[22.7,44.24]]}},{"type":"Feature","properties":{"l":0},"geometry":{"type":"LineString","coordinates":[[20.24,46.1],[20.3,46.06],[20.36,45.98],[20.44,45.94],[20.54,45.9],[20.58,45.86],[20.66,45.78],[20.7,45.74],[20.76,45.76],[20.78,45.66],[20.76,45.6],[20.78,45.54],[20.78,45.48],[20.88,45.42],[20.94,45.36],[21.02,45.32],[21.1,45.3],[21.22,45.24],[21.38,45.2],[21.44,45.2],[21.5,45.14],[21.44,45.08],[21.4,45.02],[21.38,44.98],[21.48,44.94],[21.54,44.92],[21.44,44.88],[21.38,44.88],[21.36,44.82]]}},{"type":"Feature","properties":{"l":0},"geometry":{"type":"LineString","coordinates":[[22.92,41.34],[23.02,41.32],[23.16,41.32],[23.24,41.38],[23.38,41.38],[23.44,41.4],[23.54,41.38],[23.64,41.38],[23.76,41.42],[23.88,41.46],[23.98,41.46],[24.04,41.46],[24.06,41.52],[24.24,41.54],[24.28,41.52],[24.38,41.52],[24.48,41.56],[24.56,41.46],[24.66,41.42],[24.78,41.36],[24.84,41.4],[25,41.36],[25.14,41.32],[25.26,41.24],[25.38,41.26],[25.52,41.3],[25.62,41.32],[25.72,41.32],[25.78,41.34],[25.92,41.32],[26.06,41.36],[26.14,41.38],[26.16,41.44],[26.14,41.52],[26.12,41.6],[26.06,41.68],[26.1,41.72],[26.2,41.74],[26.32,41.72],[26.42,41.7],[26.46,41.66],[26.54,41.6],[26.6,41.52],[26.62,41.4],[26.6,41.36],[26.54,41.34],[26.34,41.24],[26.32,41.14],[26.34,41.06],[26.36,41],[26.24,40.88],[26.18,40.82],[26.1,40.74],[26.04,40.72]]}},{"type":"Feature","properties":{"l":0},"geometry":{"type":"LineString","coordinates":[[20.06,42.54],[19.94,42.5],[19.86,42.48],[19.78,42.48],[19.74,42.52],[19.74,42.6],[19.7,42.64],[19.66,42.62],[19.6,42.56],[19.54,42.5],[19.46,42.42],[19.4,42.34],[19.32,42.24],[19.28,42.18],[19.34,42.12],[19.36,42.06],[19.36,42],[19.34,41.92],[19.34,41.86]]}},{"type":"Feature","properties":{"l":0},"geometry":{"type":"LineString","coordinates":[[26.62,48.26],[26.72,48.26],[26.78,48.26],[26.9,48.22],[26.98,48.16],[27.02,48.12],[27.08,48.04],[27.16,47.96],[27.24,47.84],[27.24,47.78],[27.28,47.72],[27.34,47.64],[27.44,47.56],[27.52,47.48],[27.62,47.34],[27.7,47.28],[27.76,47.22],[27.8,47.16],[27.86,47.12],[27.98,47.04],[28.08,46.98],[28.14,46.8],[28.2,46.7],[28.24,46.64],[28.22,46.5],[28.24,46.46],[28.2,46.34],[28.12,46.14],[28.1,45.98],[28.12,45.88],[28.12,45.82],[28.16,45.72],[28.16,45.64],[28.1,45.62],[28.16,45.52],[28.22,45.46]]}},{"type":"Feature","properties":{"l":0},"geometry":{"type":"LineString","coordinates":[[22.88,47.94],[23.06,48],[23.1,48.04],[23.14,48.08],[23.2,48.08],[23.4,47.98],[23.62,48],[23.68,48],[24,47.94],[24.06,47.94],[24.18,47.9],[24.28,47.92],[24.38,47.94],[24.48,47.94],[24.58,47.94],[24.66,47.88],[24.84,47.76],[24.9,47.72],[24.98,47.72],[25.08,47.74],[25.16,47.82],[25.46,47.92],[25.68,47.94],[25.9,47.96],[26.16,48],[26.24,48.06],[26.28,48.12],[26.3,48.2],[26.44,48.22],[26.58,48.24],[26.62,48.26]]}},{"type":"Feature","properties":{"l":0},"geometry":{"type":"LineString","coordinates":[[22.54,49.08],[22.7,49.04],[22.8,49.02],[22.86,49.06],[22.76,49.14],[22.7,49.18],[22.72,49.24],[22.74,49.3],[22.72,49.36],[22.66,49.48],[22.64,49.54],[22.7,49.6],[22.9,49.76],[22.96,49.82],[23.04,49.9],[23.26,50.08],[23.4,50.18],[23.5,50.22],[23.64,50.32],[23.72,50.38],[23.98,50.42],[24,50.46],[24.06,50.5],[24.1,50.62],[24.04,50.72],[24,50.76],[24,50.8],[24.06,50.82],[24.1,50.84],[23.98,50.94],[23.94,51],[23.86,51.12],[23.72,51.26],[23.66,51.32],[23.68,51.4],[23.66,51.44],[23.6,51.52]]}},{"type":"Feature","properties":{"l":0},"geometry":{"type":"LineString","coordinates":[[20.9,55.28],[21.08,55.26],[21.3,55.26],[21.38,55.28],[21.44,55.24],[21.56,55.2],[21.68,55.16],[21.88,55.1],[22.08,55.06],[22.14,55.06],[22.34,55.06],[22.56,55.06],[22.62,54.98],[22.74,54.92],[22.82,54.88],[22.7,54.64],[22.68,54.56],[22.68,54.5],[22.72,54.4],[22.76,54.36]]}},{"type":"Feature","properties":{"l":0},"geometry":{"type":"LineString","coordinates":[[31.76,52.1],[31.7,52.22],[31.64,52.26],[31.6,52.28],[31.58,52.42],[31.58,52.54],[31.52,52.64],[31.52,52.7],[31.56,52.74],[31.54,52.8],[31.44,52.86],[31.36,52.94],[31.3,52.98],[31.3,53.06],[31.36,53.14],[31.38,53.18],[31.56,53.2],[31.66,53.2],[31.74,53.18],[31.84,53.1],[32.06,53.08],[32.14,53.1],[32.26,53.12],[32.42,53.22],[32.46,53.28],[32.58,53.32],[32.64,53.32],[32.7,53.34],[32.7,53.42],[32.46,53.54],[32.42,53.62],[32.46,53.7],[32.2,53.78],[32,53.8],[31.82,53.8],[31.76,53.82],[31.78,53.86],[31.82,53.94],[31.84,54],[31.8,54.06],[31.62,54.12],[31.4,54.2],[31.3,54.3],[31.24,54.4],[31.18,54.46],[31.08,54.5],[31.16,54.62],[31.12,54.64],[30.98,54.7],[30.8,54.78],[30.8,54.86],[30.82,54.92],[30.98,55.06],[30.96,55.14],[30.88,55.22],[30.82,55.28],[30.82,55.34],[30.86,55.36],[30.9,55.4],[30.9,55.52],[30.88,55.6],[30.8,55.6],[30.72,55.62],[30.66,55.66],[30.58,55.7],[30.48,55.76],[30.24,55.84],[30.04,55.84],[29.94,55.84],[29.88,55.84],[29.82,55.8],[29.74,55.78],[29.68,55.76],[29.64,55.76],[29.48,55.68],[29.42,55.72],[29.36,55.78],[29.38,55.84],[29.4,55.88],[29.38,55.94],[29.28,55.96],[29.08,56.02],[29.04,56.02],[28.94,56],[28.8,55.94],[28.74,55.96],[28.7,56],[28.64,56.06],[28.56,56.1],[28.4,56.08],[28.32,56.06],[28.14,56.14]]}},{"type":"Feature","properties":{"l":0},"geometry":{"type":"LineString","coordinates":[[31.76,52.1],[31.88,52.08],[31.98,52.04],[32.04,52.04],[32.12,52.06],[32.22,52.08],[32.28,52.12],[32.36,52.28],[32.44,52.3],[32.5,52.3],[32.64,52.28],[32.8,52.26],[32.9,52.26],[33.14,52.34],[33.28,52.36],[33.46,52.34],[33.62,52.34],[33.74,52.34],[33.82,52.32],[33.92,52.26],[34.02,52.16],[34.12,51.98],[34.4,51.78],[34.38,51.72],[34.24,51.7],[34.12,51.68],[34.14,51.6],[34.2,51.56],[34.2,51.48],[34.2,51.42],[34.22,51.36],[34.28,51.34],[34.22,51.28],[34.5,51.24],[34.62,51.2],[34.72,51.18],[34.86,51.18],[35,51.2],[35.06,51.2],[35.12,51.12],[35.16,51.06],[35.26,51.04],[35.34,51.02],[35.32,50.94],[35.34,50.9],[35.38,50.8],[35.44,50.72],[35.42,50.64],[35.42,50.54],[35.48,50.46],[35.54,50.44],[35.6,50.36],[35.68,50.34],[35.8,50.4],[35.9,50.44],[36,50.42],[36.12,50.4],[36.18,50.36],[36.24,50.32],[36.3,50.28],[36.36,50.3],[36.5,50.28],[36.56,50.24],[36.62,50.2],[36.7,50.24],[36.76,50.3],[36.98,50.34],[37.14,50.36],[37.26,50.4],[37.34,50.42],[37.42,50.42],[37.5,50.34],[37.58,50.3],[37.6,50.22],[37.7,50.1],[37.96,49.96],[38.04,49.92],[38.12,49.92],[38.16,49.96],[38.18,50.02],[38.26,50.06],[38.46,49.96],[38.56,49.96],[38.64,49.96],[38.78,49.88],[38.92,49.82],[39.02,49.82],[39.12,49.84],[39.18,49.86],[39.24,49.78],[39.3,49.74],[39.36,49.74],[39.46,49.72],[39.62,49.66],[39.78,49.58],[39.88,49.56],[39.96,49.6],[40.04,49.6],[40.08,49.58],[40.06,49.5],[40.06,49.44],[40.12,49.36],[40.12,49.3],[40.1,49.26],[40.06,49.2],[39.98,49.12],[39.88,49.06],[39.76,49.04],[39.68,49],[39.7,48.96],[39.76,48.92],[39.86,48.88],[39.98,48.86],[39.9,48.8],[39.8,48.8],[39.7,48.74],[39.68,48.66],[39.64,48.6],[39.76,48.58],[39.84,48.54],[39.86,48.48],[39.88,48.42],[39.88,48.36],[39.84,48.3],[39.92,48.28],[39.96,48.24],[39.88,48.16],[39.82,48.04],[39.78,47.96],[39.78,47.88],[39.74,47.84],[39.66,47.84],[39.4,47.84],[39.16,47.84],[39.06,47.84],[38.9,47.86],[38.82,47.84],[38.72,47.72],[38.64,47.66],[38.52,47.62],[38.36,47.6],[38.28,47.56],[38.26,47.48],[38.26,47.4],[38.22,47.34],[38.24,47.28],[38.26,47.24],[38.22,47.22],[38.2,47.14],[38.22,47.1]]}},{"type":"Feature","properties":{"l":0},"geometry":{"type":"LineString","coordinates":[[43.44,41.1],[43.52,41],[43.6,40.96],[43.64,40.92],[43.7,40.8],[43.72,40.72],[43.72,40.64],[43.66,40.58],[43.56,40.48],[43.62,40.4],[43.68,40.24],[43.7,40.16],[43.66,40.12],[43.8,40.08],[43.94,40.02],[44,40.02],[44.18,40.04],[44.28,40.04],[44.4,40],[44.56,39.88],[44.74,39.74],[44.76,39.7],[44.78,39.68]]}},{"type":"Feature","properties":{"l":0},"geometry":{"type":"LineString","coordinates":[[87.82,49.16],[87.94,49.16],[87.98,49.18],[88.02,49.22],[88.12,49.26],[88.14,49.38],[88.2,49.46],[88.34,49.48],[88.4,49.48],[88.46,49.48],[88.54,49.48],[88.64,49.48],[88.68,49.46],[88.74,49.44],[88.84,49.44],[88.86,49.52],[88.94,49.5],[89,49.48],[89.1,49.5],[89.18,49.54],[89.2,49.6],[89.24,49.62],[89.3,49.62],[89.4,49.62],[89.48,49.66],[89.58,49.7],[89.66,49.72],[89.64,49.82],[89.64,49.9],[89.74,49.94],[89.88,49.96],[89.98,49.98],[90,50.06],[90.06,50.1],[90.1,50.1],[90.22,50.12],[90.32,50.16],[90.36,50.16],[90.52,50.22],[90.66,50.22],[90.72,50.26],[90.76,50.3],[90.84,50.32],[90.92,50.36],[91.02,50.42],[91.24,50.46],[91.3,50.46],[91.42,50.46],[91.44,50.52],[91.52,50.56],[91.6,50.58],[91.64,50.62],[91.7,50.66],[91.8,50.7],[91.96,50.7],[92.1,50.7],[92.2,50.7],[92.26,50.78],[92.3,50.84],[92.36,50.86],[92.42,50.8],[92.48,50.76],[92.58,50.72],[92.62,50.68],[92.68,50.68],[92.74,50.72],[92.78,50.78],[92.86,50.78],[92.94,50.78],[92.98,50.72],[93,50.66],[93.1,50.6],[93.22,50.6],[93.38,50.6],[93.5,50.6],[93.62,50.58],[93.8,50.58],[93.98,50.56],[94.08,50.58],[94.26,50.56],[94.28,50.52],[94.32,50.4],[94.34,50.3],[94.36,50.22],[94.4,50.18],[94.46,50.16],[94.5,50.14],[94.56,50.08],[94.62,50.02],[94.68,50.02],[94.82,50.04],[94.94,50.04],[95.02,50],[95.04,49.96],[95.12,49.94],[95.16,49.94],[95.32,49.94],[95.38,49.94],[95.44,49.92],[95.52,49.92],[95.56,49.94],[95.7,49.96],[95.78,50.02],[95.86,50.02],[95.9,50],[95.98,49.98],[96.06,50],[96.22,49.96],[96.32,49.9],[96.38,49.9],[96.46,49.92],[96.54,49.9],[96.6,49.88],[96.72,49.92],[96.98,49.88],[97.04,49.82],[97.1,49.8],[97.14,49.76],[97.2,49.74],[97.36,49.74],[97.42,49.78],[97.54,49.84],[97.58,49.92],[97.66,49.94],[97.72,49.94],[97.78,49.94],[97.86,49.94],[97.94,50],[98,50.02],[98.1,50.08],[98.18,50.18],[98.2,50.22],[98.26,50.3],[98.28,50.42],[98.3,50.48],[98.22,50.56],[98.14,50.56],[98.08,50.6],[98.02,50.64],[98,50.7],[97.96,50.76],[97.96,50.86],[97.86,50.94],[97.82,50.98],[97.84,51.06],[97.92,51.16],[97.92,51.22],[97.92,51.28],[97.94,51.34],[97.98,51.38],[98.04,51.44],[98.1,51.48],[98.18,51.48],[98.24,51.58],[98.28,51.64],[98.36,51.72],[98.64,51.8],[98.76,51.9],[98.8,51.96],[98.84,52.08],[98.9,52.12],[98.96,52.1],[99.04,52.04],[99.1,52.04],[99.18,52],[99.4,51.92],[99.54,51.9],[99.62,51.9],[99.72,51.88],[99.78,51.82],[99.92,51.76],[100.04,51.74],[100.24,51.72],[100.46,51.72],[100.54,51.72],[100.72,51.66],[100.9,51.6],[101.08,51.56],[101.22,51.52],[101.3,51.48],[101.38,51.46],[101.46,51.48],[101.58,51.46],[101.82,51.42],[101.98,51.38],[102.12,51.36],[102.16,51.32],[102.16,51.26],[102.16,51.1],[102.2,51.06],[102.22,50.98],[102.22,50.9],[102.22,50.82],[102.28,50.76],[102.32,50.72],[102.3,50.66],[102.28,50.58],[102.34,50.54],[102.4,50.54],[102.46,50.52],[102.54,50.46],[102.68,50.38],[102.76,50.36],[102.86,50.34],[103.04,50.3],[103.16,50.3],[103.24,50.26],[103.3,50.2],[103.42,50.18],[103.5,50.16],[103.64,50.14],[103.72,50.16],[103.8,50.18],[103.86,50.18],[103.96,50.16],[104.08,50.16],[104.18,50.16],[104.26,50.22],[104.36,50.28],[104.46,50.3],[104.6,50.32],[104.68,50.34],[104.98,50.38],[105.1,50.38],[105.18,50.42],[105.26,50.46],[105.38,50.48],[105.54,50.44],[105.7,50.42],[105.88,50.4],[106,50.36],[106.08,50.34],[106.22,50.3],[106.36,50.32],[106.58,50.32],[106.72,50.32],[106.86,50.24],[106.94,50.2],[107.04,50.08],[107.14,50.04],[107.24,49.98],[107.34,49.98],[107.64,49.98],[107.78,49.96],[107.92,49.94],[107.94,49.84],[107.94,49.74],[107.96,49.66],[108.04,49.6],[108.1,49.56],[108.22,49.52],[108.4,49.4],[108.52,49.34],[108.62,49.32],[108.74,49.34],[108.92,49.34],[109.24,49.34],[109.46,49.3],[109.52,49.26],[109.76,49.24],[110,49.2],[110.2,49.18],[110.32,49.22],[110.42,49.22],[110.52,49.18],[110.64,49.14],[110.7,49.14],[110.82,49.16],[111.2,49.3],[111.34,49.36],[111.42,49.34],[111.52,49.36],[111.58,49.38],[111.74,49.4],[111.84,49.4],[111.94,49.42],[112.08,49.42],[112.38,49.52],[112.5,49.54],[112.7,49.5],[112.8,49.52],[112.92,49.56],[113.06,49.62],[113.1,49.7],[113.16,49.8],[113.32,49.88],[113.44,49.94],[113.58,50],[113.74,50.06],[113.88,50.1],[114.08,50.2],[114.22,50.26],[114.3,50.28],[114.38,50.26],[114.56,50.24],[114.68,50.24],[114.74,50.24],[114.88,50.18],[115,50.14],[115.1,50.06],[115.28,49.94],[115.36,49.92],[115.42,49.9],[115.58,49.88],[115.72,49.88],[115.8,49.9],[115.92,49.96],[116.14,50.02],[116.22,50],[116.36,49.98],[116.56,49.92],[116.64,49.88],[116.68,49.82]]}},{"type":"Feature","properties":{"l":0},"geometry":{"type":"LineString","coordinates":[[116.68,49.82],[116.88,49.74],[117.02,49.7],[117.24,49.62],[117.48,49.6],[117.7,49.54],[117.82,49.52],[117.88,49.52],[118.18,49.7],[118.46,49.84],[118.76,49.96],[118.98,49.98],[119.14,50.02],[119.26,50.06],[119.32,50.16],[119.34,50.28],[119.3,50.36],[119.2,50.38],[119.22,50.44],[119.26,50.48],[119.28,50.56],[119.34,50.64],[119.44,50.7],[119.5,50.78],[119.52,50.86],[119.58,50.94],[119.68,51.04],[119.74,51.1],[119.76,51.18],[119.82,51.26],[119.96,51.42],[120.06,51.6],[120.24,51.72],[120.52,51.84],[120.68,51.98],[120.74,52.1],[120.74,52.2],[120.66,52.3],[120.66,52.4],[120.7,52.5],[120.66,52.56],[120.52,52.62],[120.36,52.62],[120.18,52.6],[120.06,52.64],[120.04,52.72],[120.1,52.78],[120.22,52.84],[120.42,52.96],[120.7,53.18],[120.98,53.28],[121.4,53.32],[121.74,53.38],[122.08,53.46],[122.34,53.48],[122.52,53.46],[122.74,53.46],[122.96,53.5],[123.16,53.54],[123.3,53.56],[123.42,53.54],[123.48,53.52],[123.56,53.52],[123.6,53.54],[123.74,53.52],[124,53.4],[124.16,53.36],[124.22,53.38],[124.3,53.34],[124.36,53.28],[124.46,53.22],[124.64,53.22],[124.82,53.14],[124.88,53.12],[124.98,53.2],[125.08,53.2],[125.22,53.16],[125.42,53.08],[125.54,53.04],[125.6,53.06],[125.64,53.04],[125.7,53],[125.68,52.94],[125.72,52.9],[125.78,52.9],[125.88,52.88],[125.94,52.8],[126,52.76],[126.04,52.74],[126.04,52.68],[126.02,52.62],[126.16,52.54],[126.2,52.48],[126.24,52.44],[126.32,52.4],[126.32,52.34],[126.38,52.28],[126.4,52.22],[126.46,52.12],[126.46,52.04],[126.52,51.92],[126.66,51.78],[126.7,51.7],[126.68,51.6],[126.78,51.54],[126.8,51.5],[126.8,51.44],[126.84,51.38],[126.84,51.32],[126.86,51.26],[126.92,51.18],[126.92,51.1],[127.02,50.98],[127.2,50.82],[127.3,50.7],[127.34,50.62],[127.34,50.56],[127.3,50.5],[127.34,50.42],[127.34,50.36],[127.4,50.3],[127.6,50.2],[127.52,50.08],[127.5,49.98],[127.5,49.88],[127.56,49.8],[127.64,49.76],[127.7,49.72],[127.82,49.62],[128,49.56],[128.24,49.56],[128.52,49.6],[128.7,49.6],[128.76,49.58],[128.78,49.5],[128.82,49.46],[128.94,49.44],[129.02,49.42],[129.06,49.38],[129.12,49.36],[129.18,49.38],[129.24,49.38],[129.3,49.36],[129.38,49.38],[129.44,49.38],[129.5,49.38],[129.54,49.32],[129.6,49.28],[129.68,49.28],[129.8,49.2],[130.04,48.98],[130.2,48.9],[130.36,48.86],[130.56,48.86],[130.62,48.78],[130.56,48.68],[130.56,48.6],[130.6,48.58],[130.66,48.48],[130.74,48.44],[130.8,48.34],[130.78,48.26],[130.72,48.12],[130.74,48.02],[130.84,47.92],[130.92,47.84],[130.94,47.76],[130.96,47.7],[131.12,47.7],[131.32,47.72],[131.46,47.72],[131.56,47.68],[131.78,47.68],[132.14,47.72],[132.38,47.72],[132.48,47.72],[132.56,47.76],[132.64,47.9],[132.7,47.94],[132.78,47.94],[132.88,47.98],[133.02,48.06],[133.14,48.1],[133.3,48.1],[133.46,48.1],[133.58,48.14],[133.68,48.2],[133.84,48.28],[134.2,48.36],[134.3,48.38],[134.46,48.36],[134.56,48.32],[134.66,48.26],[134.66,48.16],[134.6,48.08],[134.56,48.02],[134.6,47.98],[134.66,47.88],[134.7,47.8],[134.76,47.72],[134.7,47.62],[134.6,47.52],[134.54,47.48],[134.48,47.44],[134.38,47.44],[134.3,47.42],[134.22,47.36],[134.16,47.3],[134.18,47.2],[134.2,47.12],[134.14,47.06],[134.08,46.98],[134.04,46.88],[134.02,46.72],[133.96,46.62],[133.86,46.5],[133.88,46.44],[133.9,46.36],[133.88,46.3],[133.86,46.24],[133.76,46.18],[133.7,46.14],[133.72,46.06],[133.68,46],[133.64,45.96],[133.6,45.92],[133.56,45.9],[133.48,45.82],[133.48,45.76],[133.44,45.7],[133.46,45.66],[133.44,45.6],[133.36,45.58],[133.26,45.54],[133.18,45.5],[133.12,45.32],[133.1,45.22],[133.12,45.14],[133.02,45.08],[132.94,45.02],[132.84,45.06],[132.72,45.08],[132.66,45.1],[132.54,45.12],[132.36,45.16],[132.18,45.2],[132.06,45.22],[131.98,45.24],[131.9,45.28],[131.86,45.32],[131.8,45.3],[131.74,45.24],[131.66,45.2],[131.62,45.14],[131.58,45.08],[131.48,45.02],[131.26,44.94],[131.08,44.92],[131.04,44.88],[130.98,44.84],[131,44.76],[131.06,44.66],[131.08,44.6],[131.12,44.46],[131.26,44.08],[131.22,44],[131.18,43.7],[131.18,43.66],[131.18,43.56],[131.18,43.5],[131.24,43.46],[131.26,43.38],[131.22,43.26],[131.18,43.14],[131.14,43.1],[131.08,43.04],[131.08,42.96],[131.06,42.9],[131,42.88],[130.94,42.86],[130.86,42.86],[130.8,42.86],[130.72,42.84],[130.58,42.82],[130.5,42.78],[130.42,42.72],[130.52,42.68],[130.58,42.62],[130.58,42.56],[130.52,42.54]]}},{"type":"Feature","properties":{"l":0},"geometry":{"type":"LineString","coordinates":[[130.52,42.54],[130.46,42.58],[130.36,42.64],[130.3,42.68],[130.24,42.74],[130.24,42.88],[130.16,42.92],[130.08,42.98],[130.02,42.96],[129.94,43],[129.86,42.96],[129.84,42.9],[129.78,42.78],[129.78,42.7],[129.74,42.6],[129.72,42.48],[129.62,42.44],[129.56,42.4],[129.48,42.42],[129.42,42.44],[129.36,42.44],[129.32,42.42],[129.26,42.36],[129.22,42.32],[129.2,42.22],[129.14,42.16],[129.08,42.14],[128.96,42.06],[128.84,42.04],[128.74,42.04],[128.62,42.02],[128.42,42.02],[128.3,42.02],[128.16,42.02],[128.04,41.98],[128.04,41.9],[128.08,41.84],[128.14,41.76],[128.18,41.7],[128.26,41.66],[128.28,41.6],[128.26,41.5],[128.2,41.44],[128.14,41.38],[128.06,41.42],[128.02,41.44],[127.92,41.46],[127.68,41.44],[127.58,41.46],[127.52,41.48],[127.42,41.48],[127.28,41.52],[127.18,41.54],[127.12,41.6],[127.08,41.64],[127,41.74],[126.96,41.76],[126.9,41.78],[126.84,41.74],[126.78,41.72],[126.72,41.72],[126.6,41.64],[126.58,41.6],[126.54,41.5],[126.52,41.4],[126.46,41.36],[126.32,41.22],[126.26,41.14],[126.14,41.08],[126.1,41.02],[126.06,40.98],[125.98,40.9],[125.88,40.9],[125.78,40.88],[125.72,40.86],[125.66,40.8],[125.6,40.78],[125.54,40.74],[125.42,40.66],[125.32,40.64],[125.18,40.58],[125.08,40.54],[125.02,40.52],[125,40.46],[124.94,40.46],[124.88,40.46],[124.78,40.38],[124.72,40.32],[124.48,40.18],[124.38,40.1],[124.36,40]]}},{"type":"Feature","properties":{"l":0},"geometry":{"type":"LineString","coordinates":[[130.52,42.54],[130.56,42.48],[130.62,42.42],[130.66,42.38],[130.68,42.3]]}},{"type":"Feature","properties":{"l":0},"geometry":{"type":"LineString","coordinates":[[70.96,40.24],[70.9,40.24],[70.66,40.2],[70.6,40.22],[70.56,40.26],[70.54,40.32],[70.46,40.34],[70.4,40.36],[70.36,40.42],[70.54,40.56],[70.7,40.66],[70.76,40.72],[70.64,40.78],[70.66,40.84],[70.58,40.92],[70.44,41.02],[70.38,41.02],[70.32,40.92],[70.14,40.82],[70,40.78],[69.78,40.68],[69.72,40.66],[69.62,40.68],[69.5,40.76],[69.42,40.8],[69.36,40.76],[69.3,40.72],[69.32,40.64],[69.26,40.58],[69.2,40.56],[69.3,40.32],[69.22,40.28],[69.28,40.2],[69.12,40.2],[68.96,40.22],[68.66,40.18],[68.64,40.12],[68.78,40.12],[68.92,40.14],[68.98,40.08],[68.9,40.06],[68.8,40.06],[68.82,39.96],[68.86,39.92],[68.84,39.88],[68.78,39.9],[68.76,39.86],[68.68,39.84],[68.62,39.74],[68.58,39.64],[68.5,39.56],[68.46,39.54],[68.4,39.52],[68.3,39.54],[68.24,39.54],[68.08,39.56],[67.9,39.6],[67.72,39.62],[67.54,39.56],[67.5,39.52],[67.42,39.46],[67.34,39.24],[67.4,39.2],[67.62,39.16],[67.66,39.1],[67.68,39],[67.76,38.98],[67.88,38.98],[67.96,39],[68.04,38.98],[68.1,38.96],[68.14,38.9],[68.04,38.66],[68.06,38.58],[68.08,38.48],[68.14,38.38],[68.26,38.3],[68.34,38.24],[68.36,38.16],[68.34,38.12],[68.3,38.04],[68.24,37.96],[68.18,37.92],[68.08,37.84],[68.02,37.72],[67.86,37.58],[67.82,37.48],[67.8,37.24],[67.76,37.18]]}},{"type":"Feature","properties":{"l":0},"geometry":{"type":"LineString","coordinates":[[35.9,35.92],[35.96,35.92],[36.12,35.84],[36.2,35.94],[36.24,35.98],[36.34,36],[36.38,36.18],[36.42,36.2],[36.48,36.22],[36.56,36.22],[36.64,36.24],[36.54,36.46],[36.6,36.7],[36.62,36.78],[36.78,36.8],[36.94,36.76],[36.98,36.7],[37.06,36.66],[37.18,36.66],[37.32,36.64],[37.44,36.64],[37.52,36.68],[37.72,36.74],[37.82,36.76],[37.9,36.8],[38.2,36.9],[38.3,36.9],[38.38,36.88],[38.44,36.86],[38.58,36.78],[38.68,36.72],[38.76,36.7],[38.9,36.7],[39.1,36.68],[39.36,36.68],[39.5,36.7],[39.68,36.74],[40.02,36.82],[40.46,37],[40.7,37.1],[40.82,37.1],[40.96,37.1],[41.1,37.08],[41.26,37.06],[41.34,37.08],[41.52,37.08],[41.74,37.12],[41.88,37.16],[42.06,37.2],[42.16,37.28],[42.24,37.28],[42.32,37.22],[42.36,37.1]]}},{"type":"Feature","properties":{"l":0},"geometry":{"type":"LineString","coordinates":[[35.46,31.48],[35.42,31.32],[35.4,31.24],[35.44,31.14],[35.38,30.98],[35.32,30.86],[35.3,30.8],[35.24,30.68],[35.18,30.52],[35.14,30.42],[35.14,30.2],[35.14,30.14],[35.06,29.98],[35.06,29.9],[35.02,29.78],[34.98,29.56]]}},{"type":"Feature","properties":{"l":0},"geometry":{"type":"LineString","coordinates":[[35.56,32.4],[35.58,32.24],[35.54,32.1],[35.54,31.98],[35.56,31.76],[35.5,31.68],[35.46,31.56],[35.46,31.48]]}},{"type":"Feature","properties":{"l":0},"geometry":{"type":"LineString","coordinates":[[35.62,32.68],[35.58,32.64],[35.56,32.4]]}},{"type":"Feature","properties":{"l":0},"geometry":{"type":"LineString","coordinates":[[88.1,27.88],[88.02,27.88],[87.94,27.9],[87.86,27.88],[87.68,27.82],[87.62,27.82],[87.56,27.82],[87.46,27.82],[87.3,27.82],[87.14,27.84],[87.02,27.92],[86.94,27.96],[86.84,28],[86.76,28.02],[86.72,28.08],[86.62,28.1],[86.56,28.08],[86.52,27.96],[86.4,27.92],[86.32,27.96],[86.22,28.02],[86.18,28.1],[86.08,28.08],[86.08,28],[86.06,27.94],[86,27.92],[85.92,27.98],[85.84,28.14],[85.76,28.22],[85.68,28.28],[85.42,28.28],[85.22,28.3],[85.12,28.32],[85.08,28.38],[85.12,28.48],[85.16,28.58],[85.06,28.6],[84.86,28.56],[84.8,28.56],[84.72,28.6],[84.66,28.66],[84.46,28.76],[84.42,28.8],[84.32,28.86],[84.22,28.92],[84.18,29.04],[84.12,29.16],[84.1,29.22],[84.02,29.26],[83.94,29.28],[83.8,29.22],[83.68,29.18],[83.58,29.18],[83.46,29.3],[83.36,29.44],[83.24,29.56],[83.16,29.62],[83.02,29.62],[82.86,29.68],[82.64,29.84],[82.48,29.94],[82.22,30.06],[82.16,30.12],[82.1,30.24],[82.04,30.32],[81.86,30.36],[81.64,30.38],[81.42,30.34],[81.26,30.1],[81.18,30.04],[81.12,30.04],[81.06,30.1],[81.02,30.16]]}},{"type":"Feature","properties":{"l":0},"geometry":{"type":"LineString","coordinates":[[97.32,28.22],[97.32,28.16],[97.3,28.08],[97.34,28.04],[97.34,27.94],[97.22,27.9],[97.16,27.84],[97.04,27.76],[96.96,27.7],[96.9,27.64],[96.88,27.58],[96.88,27.52],[96.9,27.44],[97.1,27.16],[97.04,27.1],[96.96,27.14],[96.88,27.18],[96.8,27.3],[96.74,27.34],[96.66,27.34],[96.28,27.28],[96.2,27.26],[96.06,27.22],[95.98,27.12],[95.9,27.04],[95.84,27.02],[95.74,26.96],[95.46,26.76],[95.3,26.68],[95.2,26.64],[95.12,26.6],[95.08,26.52],[95.06,26.48],[95.06,26.34],[95.06,26.2],[95.1,26.1],[95.14,26.04],[95.1,25.98],[95.04,25.94],[95,25.78],[94.94,25.7],[94.86,25.6],[94.78,25.52],[94.66,25.46],[94.62,25.42],[94.58,25.32],[94.56,25.24],[94.56,25.2],[94.62,25.16],[94.68,25.14],[94.7,25.04],[94.66,24.94],[94.58,24.76],[94.5,24.64],[94.4,24.52],[94.3,24.32],[94.22,24.12],[94.18,23.98],[94.12,23.88],[94.08,23.88],[94.02,23.9],[93.86,23.94],[93.76,23.98],[93.68,24],[93.64,24],[93.56,23.98],[93.5,23.98],[93.36,24.08],[93.3,24.02],[93.38,23.78],[93.42,23.68],[93.4,23.52],[93.4,23.34],[93.36,23.14],[93.34,23.08],[93.3,23.04],[93.26,23.02],[93.2,23.04],[93.16,23],[93.16,22.9],[93.12,22.8],[93.08,22.72],[93.08,22.64],[93.1,22.54],[93.16,22.36],[93.16,22.3],[93.16,22.24],[93.08,22.2],[93.02,22.14],[92.96,22],[92.9,21.98],[92.86,22.02],[92.78,22.1],[92.72,22.14],[92.68,22.1],[92.66,22.04],[92.58,21.98]]}},{"type":"Feature","properties":{"l":0},"geometry":{"type":"LineString","coordinates":[[100.12,20.32],[100,20.38],[99.96,20.42],[99.9,20.42],[99.82,20.38],[99.78,20.34],[99.72,20.32],[99.64,20.32],[99.54,20.34],[99.46,20.36],[99.48,20.26],[99.5,20.18],[99.46,20.12],[99.4,20.1],[99.34,20.08],[99.28,20.08],[99.2,20.12],[99.14,20.12],[99.08,20.1],[99.02,20.04],[98.98,19.86],[98.96,19.8],[98.92,19.78],[98.82,19.78],[98.76,19.78],[98.5,19.7],[98.38,19.68],[98.3,19.68],[98.24,19.7],[98.12,19.76],[98.04,19.76],[98,19.66],[97.92,19.6],[97.82,19.46],[97.8,19.26],[97.8,19.14],[97.72,19],[97.7,18.94],[97.76,18.62],[97.72,18.58],[97.68,18.56],[97.58,18.52],[97.52,18.5],[97.4,18.52],[97.46,18.36],[97.52,18.3],[97.6,18.3],[97.62,18.26],[97.66,18.18],[97.72,18.04],[97.74,17.94],[97.7,17.84],[97.72,17.78],[97.8,17.68],[97.92,17.54],[98.06,17.38],[98.18,17.24],[98.26,17.14],[98.44,16.98],[98.48,16.9],[98.48,16.74],[98.52,16.64],[98.56,16.58],[98.6,16.52],[98.66,16.34],[98.84,16.42],[98.88,16.36],[98.88,16.3],[98.86,16.24],[98.82,16.18],[98.6,16.06],[98.58,15.94],[98.56,15.76],[98.56,15.56],[98.56,15.4],[98.54,15.36],[98.46,15.36],[98.32,15.28],[98.24,15.24],[98.2,15.2],[98.18,15.14],[98.2,14.98],[98.24,14.82],[98.34,14.7],[98.4,14.6],[98.5,14.48],[98.58,14.36],[98.72,14.24],[98.94,14.04],[99.02,13.94],[99.08,13.82],[99.14,13.72],[99.16,13.58],[99.18,13.5],[99.18,13.24],[99.14,13.18],[99.1,13.1],[99.12,13.04],[99.18,12.96],[99.18,12.88],[99.22,12.74],[99.3,12.66],[99.38,12.6],[99.4,12.54],[99.4,12.48],[99.42,12.4],[99.44,12.3],[99.46,12.2],[99.52,12.08],[99.62,11.78],[99.58,11.68],[99.52,11.64],[99.44,11.56],[99.36,11.38],[99.2,11.1],[99.02,10.92],[98.88,10.78],[98.78,10.7],[98.76,10.66],[98.78,10.56],[98.76,10.44],[98.74,10.36],[98.72,10.26],[98.7,10.2]]}},{"type":"Feature","properties":{"l":0},"geometry":{"type":"MultiLineString","coordinates":[[[103.1,18.14],[103.1,18.14]],[[103.1,18.14],[103.14,18.22],[103.2,18.26],[103.26,18.28],[103.24,18.34],[103.28,18.4],[103.36,18.42],[103.48,18.42],[103.62,18.38],[103.8,18.32],[103.9,18.3],[103.94,18.32],[104.04,18.22],[104.2,17.98],[104.32,17.82],[104.42,17.7],[104.54,17.6],[104.66,17.54],[104.74,17.46],[104.82,17.3],[104.76,17.08],[104.74,16.88],[104.76,16.64],[104.82,16.46],[104.94,16.34],[105.02,16.24],[105.04,16.16],[105.14,16.1],[105.34,16.04],[105.4,15.98],[105.38,15.94],[105.38,15.88],[105.4,15.82],[105.46,15.78],[105.56,15.74],[105.62,15.7],[105.64,15.58],[105.62,15.48],[105.58,15.42],[105.52,15.36],[105.5,15.26],[105.5,15.12],[105.54,15.04],[105.54,14.94],[105.52,14.84],[105.5,14.66],[105.5,14.6],[105.48,14.54],[105.42,14.48],[105.34,14.42],[105.24,14.36],[105.18,14.34]],[[100.12,20.32],[100.12,20.26],[100.18,20.28],[100.22,20.34],[100.26,20.38],[100.32,20.38],[100.38,20.34],[100.44,20.24],[100.5,20.18],[100.54,20.14],[100.52,20],[100.46,19.88],[100.4,19.76],[100.42,19.64],[100.52,19.56],[100.62,19.5],[100.74,19.52],[100.8,19.54],[100.86,19.58],[100.9,19.6],[100.96,19.62],[101.16,19.58],[101.22,19.54],[101.22,19.48],[101.2,19.32],[101.22,19.22],[101.28,19.08],[101.28,18.98],[101.22,18.8],[101.16,18.62],[101.1,18.54],[101.06,18.48],[101.06,18.4],[101.1,18.36],[101.14,18.28],[101.14,18.22],[101.14,18.14],[101.12,18.04],[101,17.8],[100.9,17.58],[100.96,17.54],[101.04,17.5],[101.1,17.48],[101.16,17.5],[101.3,17.62],[101.42,17.72],[101.56,17.82],[101.68,17.88],[101.74,17.96],[101.78,18.04],[101.82,18.06],[101.88,18.04],[101.94,18.08],[102.04,18.16],[102.1,18.22],[102.24,18.14],[102.36,18.04],[102.46,17.98],[102.56,17.96],[102.6,17.92],[102.6,17.86],[102.66,17.82],[102.72,17.9],[102.8,17.94],[102.9,17.98],[103,17.98],[103.06,18.02],[103.1,18.14]]]}},{"type":"Feature","properties":{"l":0},"geometry":{"type":"LineString","coordinates":[[101.14,21.56],[101.08,21.46],[100.92,21.36],[100.82,21.32],[100.76,21.32],[100.7,21.26],[100.66,21.14],[100.62,21.06],[100.56,21.04],[100.54,21],[100.52,20.92],[100.62,20.88],[100.56,20.82],[100.5,20.82],[100.4,20.82],[100.32,20.8],[100.24,20.74],[100.18,20.58],[100.12,20.38],[100.12,20.32]]}},{"type":"Feature","properties":{"l":0},"geometry":{"type":"LineString","coordinates":[[97.32,28.22],[97.44,28.36],[97.48,28.42],[97.54,28.52],[97.6,28.52],[97.66,28.5],[97.74,28.4],[97.76,28.36],[97.86,28.36],[97.94,28.32],[98.02,28.22],[98.1,28.14],[98.12,28.06],[98.14,27.96],[98.24,27.66],[98.28,27.6],[98.3,27.56],[98.36,27.54],[98.4,27.58],[98.4,27.64],[98.5,27.64],[98.6,27.6],[98.66,27.58],[98.68,27.42],[98.68,27.24],[98.68,27.2],[98.72,27.04],[98.72,26.88],[98.74,26.78],[98.74,26.7],[98.74,26.58],[98.7,26.42],[98.68,26.3],[98.68,26.18],[98.66,26.14],[98.58,26.12],[98.6,26],[98.66,25.92],[98.66,25.86],[98.56,25.82],[98.46,25.78],[98.4,25.68],[98.34,25.58],[98.18,25.6],[98.1,25.42],[98.06,25.34],[98.02,25.3],[97.96,25.26],[97.82,25.26],[97.76,25.16],[97.72,25.04],[97.72,24.98],[97.74,24.86],[97.68,24.82],[97.58,24.78],[97.52,24.64],[97.54,24.5],[97.56,24.44],[97.62,24.42],[97.66,24.38],[97.68,24.32],[97.7,24.22],[97.7,24.14],[97.56,23.98],[97.56,23.92],[97.62,23.88],[97.68,23.9],[97.76,23.94],[97.84,23.98],[98.02,24.06],[98.22,24.12],[98.36,24.12],[98.5,24.12],[98.56,24.1],[98.76,24.12],[98.84,24.12],[98.7,23.96],[98.68,23.9],[98.68,23.84],[98.74,23.78],[98.78,23.74],[98.84,23.62],[98.8,23.52],[98.86,23.44],[98.88,23.38],[98.88,23.3],[98.86,23.2],[99.06,23.14],[99.22,23.1],[99.34,23.1],[99.42,23.06],[99.46,23.04],[99.5,23],[99.46,22.92],[99.38,22.82],[99.34,22.68],[99.34,22.58],[99.34,22.5],[99.24,22.38],[99.2,22.28],[99.18,22.2],[99.2,22.12],[99.3,22.1],[99.38,22.12],[99.6,22.08],[99.82,22.04],[99.92,22.02],[99.94,21.9],[99.92,21.82],[99.94,21.76],[99.98,21.7],[100.04,21.68],[100.1,21.66],[100.08,21.56],[100.12,21.52],[100.22,21.46],[100.36,21.5],[100.44,21.48],[100.54,21.46],[100.6,21.48],[100.68,21.5],[100.84,21.66],[101.02,21.74],[101.08,21.76],[101.14,21.74],[101.14,21.58],[101.14,21.56]]}},{"type":"Feature","properties":{"l":0},"geometry":{"type":"LineString","coordinates":[[102.12,22.38],[102.18,22.28],[102.3,22.18],[102.44,22.02],[102.48,21.96],[102.58,21.9],[102.6,21.86],[102.64,21.78],[102.64,21.72],[102.7,21.66],[102.78,21.7],[102.8,21.8],[102.84,21.74],[102.92,21.72],[102.96,21.62],[102.94,21.56],[102.9,21.5],[102.88,21.44],[102.88,21.34],[102.86,21.26],[102.88,21.2],[103.1,20.9],[103.22,20.84],[103.46,20.78],[103.56,20.74],[103.64,20.7],[103.72,20.72],[103.8,20.8],[103.88,20.86],[104.06,20.94],[104.2,20.92],[104.34,20.82],[104.46,20.74],[104.54,20.68],[104.58,20.64],[104.54,20.56],[104.48,20.52],[104.4,20.48],[104.36,20.44],[104.5,20.42],[104.62,20.38],[104.66,20.32],[104.68,20.22],[104.82,20.22],[104.88,20.16],[104.92,20.08],[104.92,20.02],[104.84,19.94],[104.82,19.9],[104.8,19.84],[104.74,19.76],[104.58,19.62],[104.26,19.68],[104.12,19.68],[104.06,19.68],[104.02,19.64],[104.06,19.56],[104.06,19.48],[104.02,19.42],[103.94,19.36],[103.9,19.3],[104,19.24],[104.1,19.2],[104.44,18.98],[104.52,18.94],[104.62,18.86],[104.72,18.8],[105,18.72],[105.12,18.68],[105.14,18.62],[105.12,18.58],[105.08,18.5],[105.12,18.4],[105.16,18.34],[105.28,18.24],[105.34,18.18],[105.4,18.18],[105.46,18.16],[105.52,18.08],[105.58,17.98],[105.6,17.92],[105.62,17.84],[105.7,17.74],[105.78,17.64],[105.9,17.52],[105.98,17.44],[106.26,17.22],[106.34,17.14],[106.42,17],[106.5,16.96],[106.52,16.88],[106.54,16.82],[106.54,16.66],[106.6,16.6],[106.64,16.54],[106.7,16.46],[106.8,16.5],[106.84,16.52],[106.9,16.4],[106.94,16.36],[107,16.32],[107.06,16.28],[107.22,16.14],[107.3,16.08],[107.36,16.06],[107.4,16.04],[107.4,15.96],[107.18,15.84],[107.18,15.74],[107.24,15.68],[107.28,15.62],[107.34,15.56],[107.46,15.46],[107.56,15.4],[107.62,15.3],[107.66,15.26],[107.64,15.18],[107.58,15.12],[107.56,15.06],[107.5,15.02],[107.5,14.92],[107.52,14.82],[107.52,14.7]]}},{"type":"Feature","properties":{"l":0},"geometry":{"type":"LineString","coordinates":[[27.4,5.1],[27.12,5.2],[27.02,5.18],[26.88,5.08],[26.76,5.08],[26.64,5.08],[26.18,5.18],[25.82,5.26],[25.72,5.28],[25.52,5.32],[25.4,5.26],[25.28,5.06],[25.24,5.02],[25.06,4.96],[24.98,4.98],[24.76,4.94],[24.44,5],[24.32,5],[24.22,4.96],[24,4.86],[23.84,4.82],[23.68,4.78],[23.52,4.7],[23.42,4.66],[23.32,4.66],[23.22,4.7],[23.12,4.74],[23,4.74],[22.86,4.72],[22.76,4.64],[22.72,4.6],[22.62,4.44],[22.5,4.2],[22.46,4.16],[21.9,4.26],[21.68,4.28],[21.54,4.24],[21.36,4.32],[21.26,4.32],[21.12,4.34],[20.96,4.42],[20.8,4.44],[20.64,4.44],[20.56,4.46],[20.48,4.54],[20.4,4.68],[20.22,4.82],[20,4.94],[19.86,5.04],[19.8,5.08],[19.68,5.12],[19.5,5.12],[19.32,5.08],[19.06,4.9],[18.84,4.52],[18.7,4.38],[18.6,4.34],[18.56,4.26],[18.62,4.12],[18.64,3.96],[18.6,3.68],[18.62,3.48]]}},{"type":"Feature","properties":{"l":0},"geometry":{"type":"LineString","coordinates":[[30.56,-2.4],[30.44,-2.62],[30.48,-2.7],[30.46,-2.76],[30.42,-2.82],[30.44,-2.88],[30.52,-2.92],[30.6,-2.94],[30.7,-2.98],[30.78,-2.98],[30.8,-3.06],[30.82,-3.12],[30.82,-3.2],[30.8,-3.28],[30.68,-3.3],[30.62,-3.34],[30.64,-3.42],[30.52,-3.5],[30.42,-3.58],[30.4,-3.66],[30.38,-3.74],[30.34,-3.78],[30.26,-3.86],[30.18,-4],[30.14,-4.08],[29.94,-4.3],[29.76,-4.42],[29.72,-4.46],[29.4,-4.44]]}},{"type":"Feature","properties":{"l":0},"geometry":{"type":"LineString","coordinates":[[29.02,-2.72],[29.02,-2.8],[29.06,-2.86],[29.16,-2.96],[29.22,-3.06],[29.22,-3.14],[29.22,-3.28],[29.22,-3.36],[29.22,-3.48],[29.22,-3.68],[29.22,-3.84],[29.22,-3.92],[29.34,-4.1],[29.38,-4.3],[29.4,-4.44]]}},{"type":"Feature","properties":{"l":0},"geometry":{"type":"LineString","coordinates":[[29.58,-1.38],[29.46,-1.46],[29.4,-1.5],[29.36,-1.52],[29.26,-1.62],[29.2,-1.72],[29.14,-1.82],[29.14,-1.98],[29.14,-2.14],[29.14,-2.2],[28.98,-2.32],[28.92,-2.38],[28.86,-2.44],[28.9,-2.56],[28.9,-2.64],[28.92,-2.68],[29.02,-2.72]]}},{"type":"Feature","properties":{"l":0},"geometry":{"type":"LineString","coordinates":[[35.26,5.5],[35.16,5.58],[35.08,5.68],[35.04,5.78],[34.98,5.86],[34.96,6.04],[34.9,6.16],[34.84,6.3],[34.74,6.56],[34.72,6.66],[34.64,6.72],[34.56,6.78],[34.48,6.9],[34.28,7],[34.2,7.08],[34.06,7.22],[34.04,7.3],[34.02,7.36],[33.98,7.44],[33.9,7.5],[33.66,7.68],[33.6,7.7],[33.52,7.7],[33.4,7.72],[33.22,7.76],[33.08,7.82],[33.02,7.86],[33.02,7.96],[33.06,8.04],[33.16,8.26],[33.24,8.4],[33.28,8.44],[33.4,8.44],[33.54,8.44],[33.64,8.44],[33.78,8.44],[33.96,8.44],[34.02,8.5],[34.08,8.54],[34.1,8.68],[34.1,8.76],[34.1,9.04],[34.08,9.22],[34.08,9.42],[34.08,9.46]]}},{"type":"Feature","properties":{"l":0},"geometry":{"type":"LineString","coordinates":[[22.86,10.92],[22.74,10.96],[22.62,10.98],[22.5,11],[22.36,10.96],[22.24,10.9],[22.2,10.86],[22.1,10.84],[22.04,10.82],[22.02,10.78],[21.96,10.74],[21.78,10.64],[21.74,10.6],[21.7,10.54],[21.72,10.46],[21.72,10.36],[21.68,10.28],[21.64,10.24],[21.58,10.22],[21.5,10.18],[21.4,10],[21.36,9.96],[21.26,9.98],[21,9.72],[20.98,9.64],[20.9,9.52],[20.78,9.4],[20.66,9.34],[20.64,9.3],[20.56,9.28],[20.34,9.12],[20.08,9.14],[19.96,9.08],[19.84,9.04],[19.66,9.02],[19.62,9.02],[19.4,9.02],[19.14,9.02],[19.04,9],[18.96,8.94],[18.88,8.88],[18.88,8.84],[19.06,8.72],[19.1,8.66],[19.06,8.6],[19.02,8.54],[18.9,8.4],[18.74,8.24],[18.66,8.2],[18.6,8.06],[18.46,8.04],[18.24,8.02],[17.94,7.98],[17.76,7.98],[17.64,7.98],[17.5,7.9],[17.44,7.9],[17.24,7.82],[17.12,7.7],[17.08,7.68],[16.9,7.64],[16.82,7.56],[16.66,7.66],[16.58,7.74],[16.56,7.84],[16.46,7.82],[16.4,7.78],[16.38,7.68],[16.2,7.62],[16.04,7.58],[15.96,7.5],[15.84,7.48],[15.7,7.48],[15.58,7.52],[15.48,7.52]]}},{"type":"Feature","properties":{"l":0},"geometry":{"type":"LineString","coordinates":[[13.3,2.16],[13.26,2.22],[13.22,2.26],[13.14,2.26],[12.86,2.24],[12.66,2.26],[12.6,2.26],[12.52,2.28],[12.36,2.3],[12.16,2.28],[11.94,2.28],[11.56,2.3],[11.34,2.3],[11.34,2.24],[11.32,2.16]]}},{"type":"Feature","properties":{"l":0},"geometry":{"type":"LineString","coordinates":[[11.14,-3.92],[11.18,-3.76],[11.24,-3.7],[11.28,-3.64],[11.5,-3.52],[11.68,-3.68],[11.78,-3.7],[11.84,-3.7],[11.88,-3.62],[11.84,-3.58],[11.86,-3.48],[11.88,-3.42],[11.92,-3.36],[11.88,-3.28],[11.78,-3.22],[11.72,-3.18],[11.68,-3.12],[11.7,-3.06],[11.76,-3.02],[11.72,-2.94],[11.68,-2.88],[11.54,-2.84],[11.56,-2.76],[11.6,-2.68],[11.6,-2.6],[11.58,-2.4],[11.6,-2.34],[11.66,-2.36],[11.72,-2.4],[11.9,-2.36],[11.96,-2.34],[12,-2.38],[12.06,-2.42],[12.44,-2.32],[12.46,-2.24],[12.48,-2.16],[12.48,-2.12],[12.44,-2.04],[12.44,-2],[12.44,-1.92],[12.6,-1.82],[12.72,-1.86],[12.8,-1.94],[12.86,-2.06],[12.92,-2.18],[13,-2.32],[13.16,-2.36],[13.36,-2.4],[13.46,-2.4],[13.62,-2.28],[13.7,-2.18],[13.74,-2.14],[13.78,-2.16],[13.84,-2.28],[13.88,-2.34],[13.86,-2.42],[14,-2.5],[14.08,-2.46],[14.12,-2.42],[14.2,-2.36],[14.2,-2.3],[14.16,-2.26],[14.2,-2.18],[14.24,-2.08],[14.26,-2],[14.28,-1.96],[14.36,-1.92],[14.42,-1.72],[14.4,-1.64],[14.4,-1.6],[14.44,-1.52],[14.46,-1.42],[14.44,-1.22],[14.42,-1.1],[14.42,-0.98],[14.44,-0.8],[14.48,-0.62],[14.42,-0.52],[14.36,-0.46],[14.2,-0.42],[14.14,-0.36],[14.1,-0.3],[13.9,-0.24],[13.86,-0.2],[13.88,-0.1],[13.9,0.08],[13.88,0.2],[13.92,0.28],[13.94,0.36],[14.02,0.42],[14.06,0.52],[14.24,0.56],[14.28,0.58],[14.32,0.62],[14.34,0.68],[14.4,0.76],[14.44,0.82],[14.42,0.9],[14.38,1],[14.34,1.1],[14.24,1.32],[14.18,1.38],[14.06,1.4],[13.86,1.42],[13.72,1.38],[13.52,1.32],[13.38,1.26],[13.28,1.24],[13.22,1.24],[13.22,1.3],[13.24,1.36],[13.22,1.46],[13.18,1.54],[13.16,1.64],[13.18,1.78],[13.2,1.92],[13.28,2.1],[13.3,2.16]]}},{"type":"Feature","properties":{"l":0},"geometry":{"type":"LineString","coordinates":[[15.48,7.52],[15.54,7.6],[15.56,7.66],[15.56,7.74],[15.54,7.78],[15.48,7.82],[15.44,7.86],[15.34,8.08],[15.26,8.32],[15.12,8.56],[14.96,8.7],[14.86,8.8],[14.78,8.84],[14.54,9.02],[14.34,9.2],[14.28,9.28],[14.18,9.4],[14.06,9.54],[14,9.58],[13.98,9.7],[14.06,9.78],[14.14,9.9],[14.24,9.98],[14.38,9.98],[14.6,9.96],[14.84,9.94],[15.08,9.96],[15.14,9.98],[15.2,9.98],[15.32,9.96],[15.54,9.96],[15.66,10],[15.54,10.08],[15.4,10.22],[15.28,10.36],[15.2,10.48],[15.14,10.64],[15.06,10.86],[15.02,11.12],[15.04,11.26],[15.06,11.36],[15.12,11.54],[15.08,11.64],[15.08,11.72],[15.08,11.84],[15.06,11.9],[14.98,12.1],[14.88,12.26],[14.84,12.5],[14.76,12.66],[14.62,12.72],[14.54,12.82],[14.52,12.98],[14.46,13.02],[14.24,13.08],[14.06,13.08]]}},{"type":"Feature","properties":{"l":0},"geometry":{"type":"LineString","coordinates":[[14.06,13.08],[14.16,12.62],[14.18,12.52],[14.18,12.44],[14.2,12.38],[14.28,12.36],[14.42,12.34],[14.52,12.3],[14.58,12.22],[14.62,12.16],[14.62,11.98],[14.6,11.82],[14.56,11.72],[14.58,11.6],[14.58,11.54],[14.5,11.44],[14.4,11.4],[14.2,11.26],[14.14,11.24],[14.06,11.24],[13.98,11.22],[13.9,11.14],[13.7,10.88],[13.54,10.6],[13.48,10.38],[13.42,10.18],[13.26,10.04],[13.24,9.96],[13.24,9.82],[13.22,9.64],[13.2,9.56],[13.02,9.48],[12.92,9.42],[12.88,9.3],[12.86,9.18],[12.82,9.02],[12.8,8.88],[12.78,8.82],[12.74,8.74],[12.66,8.66],[12.58,8.62],[12.4,8.6],[12.32,8.42],[12.24,8.28],[12.24,8.22],[12.16,7.94],[12.02,7.72],[12.02,7.66],[12.02,7.58],[11.86,7.4],[11.8,7.34],[11.76,7.28],[11.8,7.2],[11.86,7.14],[11.78,7.06],[11.66,6.96],[11.58,6.88],[11.56,6.7],[11.48,6.6],[11.4,6.54],[11.32,6.48],[11.24,6.46],[11.16,6.44],[11.1,6.46],[11.08,6.5],[11.04,6.7],[10.96,6.78],[10.84,6.88],[10.74,6.98],[10.6,7.06],[10.56,7.04],[10.52,6.94],[10.48,6.9],[10.42,6.88],[10.3,6.88],[10.2,6.9],[10.16,6.96],[10.04,6.92],[9.88,6.8],[9.82,6.78],[9.72,6.64],[9.66,6.54],[9.58,6.48],[9.5,6.42],[9.44,6.38],[9.38,6.32],[9.24,6.18],[9.06,6],[9,5.92],[8.94,5.78],[8.9,5.62],[8.86,5.46],[8.8,5.2],[8.72,5.04],[8.64,4.92],[8.58,4.84],[8.56,4.76]]}},{"type":"Feature","properties":{"l":0},"geometry":{"type":"LineString","coordinates":[[3.6,11.7],[3.66,11.74],[3.64,11.8],[3.62,11.88],[3.64,11.98],[3.64,12.06],[3.64,12.2],[3.64,12.4],[3.64,12.52],[3.76,12.62],[3.94,12.78],[4.04,12.94],[4.08,13.06],[4.14,13.46],[4.24,13.5],[4.42,13.64],[4.56,13.7],[4.66,13.74],[4.82,13.76],[4.92,13.74],[5.1,13.74],[5.24,13.76],[5.36,13.84],[5.42,13.86],[5.5,13.88],[5.84,13.76],[6.18,13.66],[6.24,13.68],[6.3,13.66],[6.38,13.6],[6.52,13.48],[6.58,13.4],[6.62,13.36],[6.8,13.1],[6.88,13.04],[6.94,13],[7,13],[7.06,13],[7.1,13.02],[7.18,13.08],[7.28,13.12],[7.36,13.1],[7.78,13.34],[7.96,13.32],[8.1,13.3],[8.46,13.06],[8.76,12.9],[8.96,12.86],[9.2,12.82],[9.62,12.82],[9.92,13.14],[10.04,13.2],[10.18,13.28],[10.48,13.34],[10.96,13.38],[11.42,13.36],[11.5,13.34],[11.7,13.3],[11.98,13.2],[12.12,13.1],[12.32,13.08],[12.46,13.1],[12.52,13.2],[12.66,13.32],[12.76,13.38],[12.88,13.44],[13.04,13.54],[13.2,13.58],[13.32,13.68],[13.42,13.7],[13.6,13.7]]}},{"type":"Feature","properties":{"l":0},"geometry":{"type":"LineString","coordinates":[[1.18,6.08],[1.18,6.14],[1.08,6.18],[1,6.26],[0.98,6.32],[0.92,6.32],[0.82,6.38],[0.74,6.46],[0.7,6.52],[0.7,6.58],[0.6,6.74],[0.54,6.8],[0.52,6.86],[0.52,6.94],[0.58,7],[0.6,7.1],[0.62,7.22],[0.64,7.36],[0.6,7.38],[0.54,7.4],[0.5,7.5],[0.5,7.54],[0.6,7.72],[0.58,8.14],[0.6,8.2],[0.64,8.26],[0.68,8.3],[0.68,8.36],[0.62,8.48],[0.48,8.58],[0.42,8.66],[0.38,8.72],[0.46,8.82],[0.48,8.86],[0.46,8.98],[0.46,9.12],[0.5,9.22],[0.52,9.36],[0.44,9.48],[0.38,9.48],[0.28,9.44],[0.24,9.46],[0.26,9.54],[0.32,9.58],[0.28,9.62],[0.28,9.68],[0.34,9.8],[0.36,9.92],[0.36,10.24],[0.38,10.3],[0.34,10.3],[0.22,10.4],[0.14,10.46],[0.08,10.52],[0.04,10.56],[-0.06,10.64],[-0.08,10.68],[-0.06,10.8],[-0.02,10.9],[0,11.02],[-0.06,11.12]]}},{"type":"Feature","properties":{"l":0},"geometry":{"type":"LineString","coordinates":[[-2.7,9.48],[-2.68,9.44],[-2.7,9.36],[-2.68,9.28],[-2.68,9.22],[-2.74,9.1],[-2.74,9.04],[-2.68,9.02],[-2.64,8.96],[-2.62,8.84],[-2.6,8.78],[-2.56,8.5],[-2.5,8.2],[-2.58,8.16],[-2.62,8.12],[-2.62,8.04],[-2.66,8.02],[-2.78,7.94],[-2.84,7.82],[-2.86,7.78],[-2.9,7.68],[-2.96,7.46],[-2.98,7.26],[-2.98,7.2],[-3.04,7.1],[-3.16,6.94],[-3.24,6.8],[-3.22,6.74],[-3.22,6.7],[-3.24,6.54],[-3.22,6.44],[-3.2,6.34],[-3.1,6.08],[-3.06,5.92],[-3.02,5.8],[-3,5.72],[-2.96,5.64],[-2.82,5.62],[-2.76,5.44],[-2.76,5.36],[-2.78,5.26],[-2.8,5.18],[-2.9,5.14],[-2.94,5.12],[-3.02,5.14],[-3.08,5.12],[-3.12,5.08]]}},{"type":"Feature","properties":{"l":0},"geometry":{"type":"LineString","coordinates":[[-5.52,10.42],[-5.5,10.48],[-5.48,10.56],[-5.48,10.64],[-5.46,10.78],[-5.46,10.94],[-5.5,11.04],[-5.42,11.08],[-5.34,11.14],[-5.3,11.2],[-5.26,11.38],[-5.22,11.52],[-5.24,11.58],[-5.28,11.62],[-5.3,11.68],[-5.3,11.76],[-5.28,11.82],[-5.24,11.9],[-5.16,11.94],[-5.1,11.96],[-4.96,12],[-4.8,12.04],[-4.7,12.08],[-4.62,12.12],[-4.58,12.16],[-4.54,12.22],[-4.48,12.28],[-4.42,12.34],[-4.42,12.5],[-4.42,12.58],[-4.46,12.64],[-4.22,12.8],[-4.22,12.88],[-4.26,12.98],[-4.32,13.06],[-4.32,13.12],[-4.26,13.2],[-4.2,13.26],[-4.16,13.3],[-4.06,13.38],[-3.94,13.4],[-3.86,13.38],[-3.58,13.2],[-3.46,13.2],[-3.4,13.24],[-3.3,13.28],[-3.26,13.4],[-3.28,13.58],[-3.24,13.66],[-3.2,13.68],[-3.04,13.64],[-2.96,13.64],[-2.92,13.74],[-2.92,13.78],[-2.88,13.96],[-2.78,14.08],[-2.58,14.22],[-2.52,14.26],[-2.46,14.28],[-2.12,14.16],[-2.06,14.2],[-1.98,14.46],[-1.88,14.48],[-1.76,14.48],[-1.7,14.5],[-1.5,14.62],[-1.2,14.76],[-1.04,14.82],[-0.9,14.94],[-0.76,15.04],[-0.66,15.06],[-0.54,15.08],[-0.46,15.06],[-0.4,15.02],[-0.24,15.06],[0,14.98],[0.22,14.92]]}},{"type":"Feature","properties":{"l":0},"geometry":{"type":"LineString","coordinates":[[-2.7,9.48],[-2.76,9.42],[-2.82,9.42],[-2.88,9.5],[-2.94,9.62],[-2.98,9.68],[-3.04,9.72],[-3.1,9.76],[-3.16,9.84],[-3.22,9.9],[-3.28,9.88],[-3.38,9.9],[-3.58,9.92],[-3.8,9.92],[-3.88,9.9],[-3.96,9.86],[-4.18,9.78],[-4.26,9.74],[-4.34,9.64],[-4.4,9.64],[-4.48,9.68],[-4.52,9.72],[-4.62,9.72],[-4.72,9.76],[-4.82,9.84],[-4.88,9.86],[-4.96,9.94],[-5,10.04],[-5.04,10.12],[-5.1,10.24],[-5.18,10.3],[-5.26,10.32],[-5.38,10.32],[-5.46,10.36],[-5.52,10.42]]}},{"type":"Feature","properties":{"l":0},"geometry":{"type":"LineString","coordinates":[[-8.48,7.56],[-8.44,7.52],[-8.4,7.42],[-8.3,7.08],[-8.3,6.98],[-8.32,6.92],[-8.32,6.86],[-8.34,6.8],[-8.4,6.7],[-8.6,6.5],[-8.54,6.46],[-8.5,6.46],[-8.4,6.42],[-8.34,6.36],[-8.28,6.32],[-8.2,6.3],[-8.14,6.28],[-8.06,6.3],[-7.98,6.28],[-7.88,6.24],[-7.86,6.16],[-7.84,6.08],[-7.8,5.98],[-7.74,5.92],[-7.64,5.9],[-7.52,5.84],[-7.46,5.84],[-7.42,5.66],[-7.4,5.56],[-7.42,5.48],[-7.42,5.32],[-7.48,5.24],[-7.5,5.14],[-7.56,5.08],[-7.56,5],[-7.58,4.92],[-7.6,4.82],[-7.58,4.58],[-7.58,4.38],[-7.54,4.36]]}},{"type":"Feature","properties":{"l":0},"geometry":{"type":"LineString","coordinates":[[-8.48,7.56],[-8.56,7.62],[-8.58,7.68],[-8.66,7.68],[-8.7,7.66],[-8.72,7.6],[-8.74,7.54],[-8.76,7.46],[-8.82,7.4],[-8.86,7.32],[-8.88,7.26],[-8.96,7.28],[-9.06,7.22],[-9.12,7.22],[-9.18,7.28],[-9.22,7.34],[-9.26,7.38],[-9.36,7.4],[-9.44,7.4],[-9.46,7.44],[-9.42,7.5],[-9.38,7.58],[-9.36,7.64],[-9.36,7.7],[-9.4,7.8],[-9.44,7.86],[-9.44,7.96],[-9.46,8.02],[-9.48,8.1],[-9.48,8.16],[-9.52,8.26],[-9.52,8.34],[-9.62,8.4],[-9.66,8.48],[-9.72,8.46],[-9.76,8.54],[-10.06,8.42],[-10.1,8.5],[-10.14,8.52],[-10.24,8.48],[-10.28,8.48]]}},{"type":"Feature","properties":{"l":0},"geometry":{"type":"LineString","coordinates":[[-5.52,10.42],[-5.7,10.44],[-5.84,10.38],[-5.9,10.36],[-5.94,10.28],[-5.98,10.24],[-6.04,10.2],[-6.12,10.2],[-6.2,10.24],[-6.24,10.26],[-6.22,10.32],[-6.2,10.36],[-6.22,10.48],[-6.24,10.56],[-6.26,10.72],[-6.36,10.7],[-6.42,10.68],[-6.4,10.58],[-6.48,10.56],[-6.56,10.58],[-6.66,10.66],[-6.68,10.58],[-6.7,10.52],[-6.66,10.4],[-6.76,10.36],[-6.84,10.36],[-6.9,10.34],[-6.98,10.3],[-6.96,10.2],[-6.98,10.16],[-7.04,10.14],[-7.1,10.2],[-7.18,10.22],[-7.36,10.26],[-7.38,10.34],[-7.46,10.38],[-7.5,10.44],[-7.56,10.42],[-7.66,10.42],[-7.74,10.34],[-7.82,10.24],[-7.88,10.18],[-7.96,10.16],[-8,10.16]]}},{"type":"Feature","properties":{"l":0},"geometry":{"type":"LineString","coordinates":[[-15.04,10.94],[-15,11],[-14.94,11.08],[-14.78,11.4],[-14.72,11.48],[-14.6,11.52],[-14.46,11.56],[-14.32,11.62],[-14.26,11.66],[-14.12,11.66],[-13.96,11.66],[-13.74,11.74],[-13.72,11.84],[-13.74,11.96],[-13.74,12],[-13.82,12.06],[-13.86,12.1],[-13.9,12.14],[-13.94,12.18],[-13.88,12.24],[-13.76,12.26],[-13.7,12.32],[-13.68,12.4],[-13.68,12.48],[-13.74,12.6],[-13.72,12.68]]}},{"type":"Feature","properties":{"l":0},"geometry":{"type":"LineString","coordinates":[[-11.38,12.4],[-11.44,12.32],[-11.48,12.24],[-11.5,12.2],[-11.42,12.1],[-11.3,12.02],[-11.2,12.02],[-11.12,12.1],[-11.06,12.18],[-11,12.2],[-10.94,12.2],[-10.88,12.16],[-10.8,12.04],[-10.74,11.92],[-10.68,11.9],[-10.62,11.94],[-10.58,12],[-10.46,12.14],[-10.38,12.18],[-10.28,12.22],[-10.16,12.18],[-10.02,12.12],[-9.82,12.04],[-9.76,12.02],[-9.66,12.14],[-9.58,12.18],[-9.48,12.22],[-9.4,12.26],[-9.34,12.28],[-9.34,12.36],[-9.4,12.44],[-9.3,12.5],[-9.22,12.48],[-9.12,12.44],[-9.04,12.4],[-9,12.34],[-8.96,12.22],[-8.92,12.1],[-8.82,11.92],[-8.82,11.8],[-8.82,11.68],[-8.74,11.64],[-8.66,11.52],[-8.62,11.48],[-8.56,11.48],[-8.48,11.42],[-8.4,11.38],[-8.42,11.3],[-8.52,11.24],[-8.56,11.18],[-8.66,11.04],[-8.6,10.98],[-8.48,11.04],[-8.4,11.02],[-8.34,11],[-8.3,10.9],[-8.32,10.82],[-8.32,10.74],[-8.3,10.62],[-8.26,10.48],[-8.24,10.44],[-8,10.32],[-7.98,10.22],[-8,10.16]]}},{"type":"Feature","properties":{"l":0},"geometry":{"type":"LineString","coordinates":[[107.52,14.7],[107.46,14.66],[107.42,14.56],[107.3,14.6],[107.2,14.5],[107.1,14.42],[107.04,14.42],[107,14.4],[106.94,14.32],[106.82,14.32],[106.74,14.38],[106.66,14.44],[106.6,14.48],[106.54,14.54],[106.44,14.52],[106.36,14.46],[106.26,14.46],[106.2,14.38],[106,14.36],[106,14.26],[106.1,14.12],[106.12,14.04],[106.06,13.92],[105.9,13.92],[105.84,13.98],[105.76,14.04],[105.54,14.16],[105.4,14.1],[105.28,14.16],[105.24,14.2],[105.2,14.26],[105.18,14.32],[105.18,14.34]]}},{"type":"Feature","properties":{"l":0},"geometry":{"type":"LineString","coordinates":[[114.06,4.6],[114.16,4.52],[114.22,4.48],[114.26,4.42],[114.28,4.36],[114.28,4.3],[114.32,4.26],[114.42,4.26],[114.44,4.2],[114.52,4.12],[114.58,4.04],[114.66,4.04],[114.72,4.1],[114.78,4.16],[114.82,4.26],[114.84,4.36],[114.82,4.42],[114.78,4.56],[114.76,4.66],[114.74,4.72],[114.78,4.76],[114.86,4.8],[114.94,4.86],[115.02,4.9]]}},{"type":"Feature","properties":{"l":0},"geometry":{"type":"LineString","coordinates":[[-88.22,15.72],[-88.28,15.7],[-88.36,15.62],[-88.54,15.48],[-88.68,15.36],[-88.82,15.26],[-88.96,15.16],[-89.14,15.08],[-89.2,14.9],[-89.2,14.78],[-89.16,14.66],[-89.18,14.6],[-89.28,14.52],[-89.34,14.46],[-89.36,14.42]]}},{"type":"Feature","properties":{"l":0},"geometry":{"type":"LineString","coordinates":[[-77.38,8.66],[-77.44,8.56],[-77.48,8.5],[-77.4,8.42],[-77.38,8.36],[-77.34,8.26],[-77.28,8.18],[-77.22,8.04],[-77.2,7.98],[-77.28,7.9],[-77.34,7.84],[-77.36,7.74],[-77.54,7.56],[-77.58,7.54],[-77.66,7.64],[-77.7,7.7],[-77.76,7.7],[-77.74,7.54],[-77.76,7.48],[-77.82,7.44],[-77.9,7.22]]}},{"type":"Feature","properties":{"l":0},"geometry":{"type":"LineString","coordinates":[[-60.74,5.2],[-60.96,5.44],[-61.16,5.68],[-61.38,5.9],[-61.3,6.04],[-61.22,6.12],[-61.16,6.18],[-61.12,6.22],[-61.16,6.38],[-61.16,6.44],[-61.18,6.52],[-61.2,6.58],[-61.18,6.66],[-61.14,6.7],[-61,6.72],[-60.94,6.74],[-60.88,6.78],[-60.82,6.78],[-60.72,6.76],[-60.68,6.8],[-60.58,6.86],[-60.4,6.94],[-60.36,7],[-60.32,7.1],[-60.34,7.16],[-60.46,7.16],[-60.52,7.14],[-60.58,7.16],[-60.64,7.22],[-60.6,7.32],[-60.72,7.5],[-60.64,7.6],[-60.62,7.64],[-60.56,7.78],[-60.52,7.82],[-60.38,7.82],[-60.28,7.92],[-60.18,8],[-60.04,8.06],[-60,8.16],[-59.84,8.24],[-59.84,8.3],[-60.02,8.54]]}},{"type":"Feature","properties":{"l":0},"geometry":{"type":"LineString","coordinates":[[-60.74,5.2],[-60.68,5.16],[-60.64,5.08],[-60.6,5],[-60.62,4.9],[-60.68,4.82],[-60.74,4.78],[-60.84,4.72],[-60.9,4.68],[-60.96,4.58],[-61,4.54],[-61.1,4.5],[-61.2,4.5],[-61.28,4.52],[-61.36,4.44],[-61.48,4.4],[-61.56,4.28],[-61.82,4.2],[-62.08,4.12],[-62.16,4.1],[-62.42,4.16],[-62.48,4.14],[-62.54,4.08],[-62.6,4.04],[-62.66,4.04],[-62.72,4.02],[-62.74,3.94],[-62.76,3.68],[-62.86,3.6],[-62.96,3.6],[-63.04,3.68],[-63.14,3.76],[-63.3,3.92],[-63.38,3.94],[-63.52,3.9],[-63.6,3.92],[-63.66,3.94],[-63.74,3.94],[-63.92,3.94],[-64.02,3.92],[-64.08,3.98],[-64.12,4.06],[-64.2,4.12],[-64.26,4.14],[-64.52,4.14],[-64.58,4.14],[-64.66,4.24],[-64.72,4.28],[-64.78,4.28],[-64.82,4.24],[-64.7,4.08],[-64.66,4.02],[-64.56,3.9],[-64.28,3.66],[-64.22,3.58],[-64.22,3.5],[-64.22,3.34],[-64.22,3.2],[-64.14,3],[-64.04,2.8],[-64,2.68],[-64.02,2.58],[-64.04,2.52],[-63.92,2.46],[-63.72,2.44],[-63.58,2.44],[-63.38,2.42],[-63.38,2.34],[-63.4,2.22],[-63.44,2.16],[-63.58,2.12],[-63.68,2.04],[-63.84,1.98],[-63.94,1.96],[-64,1.94],[-64.06,1.78],[-64.12,1.62],[-64.2,1.52],[-64.3,1.46],[-64.4,1.44],[-64.48,1.46],[-64.58,1.36],[-64.66,1.3],[-64.74,1.26],[-64.82,1.26],[-64.92,1.22],[-65.02,1.16],[-65.1,1.1],[-65.16,1.02],[-65.26,0.94],[-65.36,0.86],[-65.4,0.8],[-65.48,0.7],[-65.56,0.68],[-65.56,0.74],[-65.52,0.84],[-65.56,0.92],[-65.64,0.98],[-65.72,0.98],[-65.82,0.94],[-65.92,0.86],[-66,0.8],[-66.06,0.78],[-66.2,0.76],[-66.3,0.76],[-66.42,0.82],[-66.62,1],[-66.88,1.22]]}},{"type":"Feature","properties":{"l":0},"geometry":{"type":"LineString","coordinates":[[52.5,41.78],[52.7,41.94],[52.88,42.06],[53.02,42.14],[53.26,42.2],[53.5,42.26],[53.68,42.3],[53.92,42.32],[54,42.34],[54.12,42.34],[54.22,42.3],[54.28,42.28],[54.48,42.18],[54.68,42.08],[54.86,41.96],[54.9,41.92],[54.94,41.86],[54.96,41.82],[55.1,41.64],[55.16,41.56],[55.24,41.46],[55.32,41.4],[55.38,41.34],[55.44,41.3],[55.48,41.28],[55.54,41.26],[55.68,41.28],[55.84,41.32],[55.94,41.32],[55.98,41.32]]}},{"type":"Feature","properties":{"l":0},"geometry":{"type":"LineString","coordinates":[[55.98,41.32],[56.24,41.32],[56.48,41.3],[56.78,41.28],[56.86,41.28],[56.96,41.26],[57.02,41.26],[57.06,41.3],[57.12,41.36],[57.08,41.38],[57.02,41.46],[56.98,41.66],[56.96,41.86],[57.04,41.92],[57.12,41.96],[57.22,42.08],[57.3,42.12],[57.38,42.16],[57.68,42.16],[57.82,42.18],[57.86,42.24],[57.92,42.34],[57.94,42.42],[57.98,42.46],[58.02,42.48],[58.16,42.46],[58.24,42.44],[58.28,42.42],[58.32,42.4],[58.38,42.34],[58.4,42.3],[58.46,42.3],[58.48,42.34],[58.42,42.4],[58.28,42.52],[58.2,42.58],[58.16,42.62],[58.2,42.66],[58.26,42.68],[58.36,42.68],[58.48,42.66],[58.54,42.68],[58.58,42.78],[58.72,42.68],[58.88,42.56],[58.94,42.54],[59.04,42.52],[59.12,42.52],[59.2,42.48],[59.28,42.36],[59.36,42.32],[59.46,42.3],[59.76,42.3],[59.86,42.3],[59.94,42.24],[59.98,42.22],[59.98,42.14],[59.98,42.06],[59.94,42],[60.1,41.9],[60.16,41.86],[60.2,41.8],[60.1,41.8],[60.08,41.7],[60.12,41.64],[60.14,41.6],[60.1,41.54],[60.06,41.48],[60.08,41.4],[60.2,41.34],[60.46,41.22],[60.52,41.22],[60.76,41.24],[60.86,41.24],[60.94,41.22],[61.12,41.22],[61.18,41.2],[61.24,41.18],[61.32,41.2],[61.38,41.26],[61.44,41.28],[61.5,41.28],[61.64,41.24],[61.8,41.16],[61.9,41.1],[61.96,41.04],[62.02,40.9],[62.1,40.68],[62.18,40.54],[62.3,40.46],[62.38,40.34],[62.44,40.04],[62.48,39.98],[62.52,39.94],[62.66,39.86],[62.9,39.72],[63.06,39.64],[63.3,39.5],[63.5,39.38],[63.72,39.18],[63.76,39.16],[63.96,39.06],[64.16,38.96],[64.3,38.98],[64.54,38.82],[64.62,38.76],[64.82,38.68],[65.08,38.54],[65.4,38.34],[65.62,38.24],[65.68,38.22],[65.72,38.22],[65.8,38.26],[65.86,38.26],[65.98,38.24],[66.1,38.2],[66.18,38.16],[66.26,38.12],[66.34,38.08],[66.38,38.06],[66.58,38.02],[66.62,37.96],[66.52,37.78],[66.52,37.6],[66.52,37.46],[66.52,37.34]]}},{"type":"Feature","properties":{"l":0},"geometry":{"type":"LineString","coordinates":[[49.24,46.34],[48.96,46.44],[48.78,46.5],[48.62,46.56],[48.54,46.6],[48.5,46.64],[48.52,46.74],[48.6,46.76],[48.7,46.74],[48.78,46.72],[48.88,46.7],[48.96,46.72],[48.84,46.96],[48.72,47.1],[48.6,47.26],[48.56,47.32],[48.42,47.46],[48.28,47.58],[48.16,47.7],[48.1,47.74],[47.94,47.76],[47.6,47.8],[47.48,47.8],[47.38,47.76],[47.3,47.74],[47.2,47.8],[47.14,47.88],[47.1,47.94],[47.12,48.02],[47.12,48.12],[47.06,48.24],[47,48.28],[46.86,48.32],[46.66,48.42],[46.6,48.58],[46.7,48.8],[46.86,48.96],[46.96,49.04],[47.02,49.1],[47.04,49.16],[47.02,49.2],[46.96,49.26],[46.86,49.3],[46.8,49.36],[46.82,49.5],[46.88,49.7],[47,49.86],[47.12,49.94],[47.24,50],[47.3,50.06],[47.3,50.14],[47.3,50.22],[47.32,50.28],[47.38,50.32],[47.42,50.36],[47.5,50.4],[47.6,50.42],[47.7,50.38],[47.84,50.28],[48.06,50.1],[48.18,49.98],[48.22,49.94],[48.34,49.86],[48.44,49.82],[48.6,49.88],[48.76,49.92],[48.82,49.96],[48.84,50.02],[48.82,50.1],[48.78,50.16],[48.74,50.22],[48.7,50.36],[48.66,50.56],[48.62,50.62],[48.74,50.6],[48.8,50.6],[48.92,50.64],[49.06,50.72],[49.32,50.86],[49.38,50.94],[49.42,51.02],[49.5,51.08],[49.66,51.1],[49.82,51.14],[49.94,51.2],[50.1,51.26],[50.24,51.28],[50.3,51.32],[50.36,51.36],[50.52,51.5],[50.64,51.58],[50.76,51.68],[50.8,51.72],[50.88,51.72],[51.02,51.68],[51.16,51.64],[51.26,51.6],[51.3,51.54],[51.34,51.48],[51.4,51.48],[51.48,51.48],[51.6,51.48],[51.78,51.56],[52,51.68],[52.22,51.7],[52.34,51.68],[52.42,51.6],[52.5,51.52],[52.58,51.48],[52.64,51.48],[52.72,51.5],[52.82,51.5],[52.9,51.46],[53.04,51.46],[53.22,51.48],[53.34,51.48],[53.44,51.44],[53.54,51.4],[53.68,51.26],[53.78,51.22],[53.96,51.16],[54.04,51.12],[54.14,51.04],[54.2,51],[54.3,50.92],[54.42,50.78],[54.44,50.68],[54.48,50.58],[54.52,50.54],[54.6,50.56],[54.64,50.6],[54.64,50.66],[54.64,50.78],[54.6,50.88],[54.56,50.92],[54.58,51],[54.64,51.02],[54.72,51],[54.86,50.94],[55.02,50.86],[55.2,50.74],[55.36,50.66],[55.54,50.6],[55.68,50.58],[55.8,50.6],[55.92,50.66],[56.04,50.72],[56.1,50.78],[56.14,50.84],[56.32,50.94],[56.5,51.02],[56.56,51],[56.62,50.98],[56.8,51.04],[56.84,51.04],[57.02,51.06],[57.18,51.04],[57.32,50.94],[57.44,50.88],[57.56,50.9],[57.66,50.92],[57.72,50.98],[57.76,51.04],[57.82,51.08],[58.04,51.06],[58.18,51.08],[58.36,51.06],[58.54,50.98],[58.66,50.86],[58.82,50.74],[58.88,50.7],[58.98,50.68],[59.06,50.66],[59.18,50.64],[59.46,50.62],[59.52,50.58],[59.5,50.52],[59.76,50.54],[59.82,50.58],[59.88,50.7],[59.96,50.8],[60,50.84],[60.06,50.86],[60.12,50.84],[60.18,50.76],[60.28,50.7],[60.42,50.68],[60.5,50.66],[60.64,50.66],[60.94,50.7],[61.22,50.78],[61.38,50.86],[61.46,51],[61.52,51.14],[61.58,51.22],[61.56,51.32],[61.42,51.42],[61.36,51.44],[61.02,51.5],[60.98,51.54],[60.64,51.62],[60.46,51.66],[60.42,51.7],[60.38,51.78],[60.28,51.84],[60.06,51.9],[60.04,51.94],[60.06,51.98],[60.24,52.02],[60.42,52.12],[60.5,52.14],[60.68,52.16],[60.82,52.24],[60.94,52.28],[61,52.34],[60.98,52.4],[60.82,52.56],[60.78,52.68],[60.8,52.74],[60.9,52.82],[60.94,52.86],[61,52.94],[61.04,52.98],[61.2,52.98],[61.4,53],[61.54,52.98],[61.72,52.96],[61.88,52.96],[61.98,52.94],[62.04,52.96],[62.08,53],[62.08,53.06],[62.02,53.1],[61.76,53.18],[61.66,53.22],[61.58,53.22],[61.44,53.24],[61.32,53.28],[61.2,53.28],[61.16,53.34],[61.18,53.4],[61.22,53.44],[61.32,53.46],[61.4,53.46],[61.5,53.48],[61.54,53.52],[61.48,53.58],[61.4,53.58],[61.34,53.56],[61.24,53.56],[61.1,53.58],[60.98,53.62],[61.08,53.72],[61.12,53.76],[61.12,53.82],[61.12,53.88],[61.14,53.96],[61.24,54.02],[61.34,54.04],[61.6,54],[61.92,53.94],[61.98,53.96],[62.04,54],[62.5,54.02],[62.58,54.04],[62.64,54.06],[63.08,54.1],[63.12,54.14],[63.2,54.18],[63.3,54.18],[63.42,54.18],[63.58,54.22],[63.7,54.24],[63.84,54.24],[64,54.26],[64.06,54.3],[64.2,54.34],[64.46,54.38],[64.52,54.36],[64.64,54.36],[64.8,54.36],[64.92,54.4],[65,54.36],[65.08,54.34],[65.16,54.36],[65.2,54.44],[65.24,54.52],[65.32,54.56],[65.38,54.56],[65.44,54.6],[65.48,54.62],[65.7,54.62],[65.92,54.7],[65.96,54.66],[66.22,54.66],[66.56,54.72],[66.76,54.74],[67.1,54.78],[67.26,54.82],[67.48,54.86],[67.7,54.88],[67.82,54.94],[67.94,54.96],[68.08,54.96],[68.16,54.98],[68.2,55],[68.24,55.06],[68.22,55.12],[68.3,55.18],[68.44,55.2],[68.52,55.2],[68.72,55.3],[68.84,55.36],[68.98,55.38],[69.24,55.38],[69.5,55.36],[69.74,55.3],[69.88,55.24],[69.98,55.2],[70.08,55.18],[70.18,55.16],[70.3,55.18],[70.38,55.22],[70.42,55.26],[70.48,55.28],[70.74,55.3],[70.8,55.26],[70.92,55.12],[71,54.96],[71.12,54.72],[71.18,54.6],[71.16,54.54],[71.16,54.46],[71.16,54.36],[71.06,54.26],[71.1,54.22],[71.34,54.16],[71.68,54.18],[71.88,54.22],[72,54.2],[72.06,54.24],[72.1,54.3],[72.18,54.32],[72.26,54.28],[72.32,54.18],[72.38,54.12],[72.38,54.06],[72.4,53.96],[72.54,53.98],[72.58,54],[72.58,54.06],[72.58,54.12],[72.74,54.12],[72.92,54.1],[73.12,53.98],[73.22,53.96],[73.38,53.96],[73.5,54],[73.58,54.04],[73.66,54.06],[73.72,54.04],[73.68,53.92],[73.56,53.86],[73.4,53.82],[73.3,53.7],[73.28,53.6],[73.32,53.54],[73.36,53.5],[73.38,53.46],[73.46,53.46],[73.64,53.58],[73.74,53.6],[73.86,53.62],[74.06,53.62],[74.2,53.58],[74.28,53.52],[74.36,53.48],[74.4,53.5],[74.42,53.56],[74.44,53.6],[74.68,53.76],[74.84,53.82],[74.88,53.84],[74.98,53.82],[75.06,53.82],[75.22,53.9],[75.38,53.98],[75.4,54.02],[75.44,54.08],[75.66,54.1],[75.88,54.16],[76.14,54.26],[76.26,54.32],[76.5,54.34],[76.62,54.38],[76.76,54.44],[76.84,54.44],[76.78,54.32],[76.7,54.18],[76.66,54.14],[76.42,54.16],[76.46,54.06],[76.52,54],[76.58,53.94],[76.82,53.82],[77.14,53.68],[77.46,53.5],[77.7,53.38],[77.8,53.32],[77.86,53.26],[78.04,53.1],[78.2,52.92],[78.48,52.64],[78.72,52.36],[79,52.04],[79.14,51.86],[79.46,51.5],[79.56,51.38],[79.72,51.16],[79.86,50.96],[79.98,50.78],[80.06,50.76],[80.08,50.84],[80.22,50.92],[80.28,50.92],[80.34,50.92],[80.42,50.94],[80.46,51],[80.44,51.1],[80.44,51.18],[80.56,51.22],[80.6,51.22],[80.66,51.28],[80.74,51.3],[80.82,51.28],[80.88,51.28],[80.94,51.24],[80.96,51.18],[81.02,51.18],[81.12,51.2],[81.12,51.08],[81.08,51.02],[81.12,50.94],[81.32,50.96],[81.38,50.96],[81.42,50.9],[81.46,50.82],[81.44,50.78],[81.64,50.74],[81.76,50.76],[81.94,50.76],[82.1,50.72],[82.22,50.72],[82.32,50.74],[82.5,50.72],[82.62,50.78],[82.7,50.82],[82.72,50.86],[82.92,50.9],[83.02,50.9],[83.1,50.96],[83.16,50.98],[83.28,51],[83.36,51],[83.58,50.94],[83.72,50.88],[83.86,50.82],[83.94,50.78],[84,50.68],[84.1,50.6],[84.18,50.52],[84.2,50.44],[84.26,50.28],[84.32,50.24],[84.4,50.24],[84.5,50.22],[84.6,50.2],[84.84,50.1],[84.92,50.08],[84.98,50.06],[85,50.02],[84.98,49.96],[85,49.9],[85.08,49.82],[85.14,49.76],[85.22,49.66],[85.24,49.62],[85.3,49.6],[85.38,49.62],[85.5,49.6],[85.88,49.56],[85.94,49.56],[85.98,49.5],[86.02,49.5],[86.1,49.5],[86.18,49.5],[86.24,49.54],[86.3,49.58],[86.42,49.64],[86.52,49.7],[86.62,49.76],[86.68,49.78],[86.72,49.74],[86.74,49.7],[86.66,49.66],[86.62,49.6],[86.72,49.56],[86.82,49.48],[86.96,49.32],[87,49.28],[87.08,49.26],[87.14,49.24],[87.24,49.22],[87.3,49.14],[87.32,49.08]]}},{"type":"Feature","properties":{"l":0},"geometry":{"type":"LineString","coordinates":[[34.2,31.32],[34.24,31.2],[34.32,31],[34.4,30.82],[34.48,30.6],[34.52,30.5],[34.52,30.44],[34.66,30.2],[34.74,29.98],[34.8,29.82],[34.86,29.56],[34.9,29.48]]}},{"type":"Feature","properties":{"l":0},"geometry":{"type":"LineString","coordinates":[[33.98,4.22],[34.18,4.42],[34.38,4.62]]}},{"type":"Feature","properties":{"l":0},"geometry":{"type":"LineString","coordinates":[[41.88,3.98],[41.74,3.98],[41.48,3.96],[41.38,3.94],[41.32,3.94],[41.22,3.94],[41.14,3.96],[41.08,4],[41.02,4.06],[40.88,4.2],[40.76,4.28],[40.52,4.18],[40.32,4.08],[40.02,3.94],[39.84,3.86],[39.8,3.76],[39.66,3.58],[39.54,3.46],[39.22,3.48],[39.12,3.5],[38.96,3.52],[38.76,3.56],[38.6,3.6],[38.46,3.6],[38.22,3.62],[38.08,3.64],[37.94,3.74],[37.76,3.86],[37.58,3.98],[37.38,4.12],[37.16,4.26],[36.9,4.42],[36.84,4.42],[36.56,4.44],[36.28,4.44],[36.08,4.44],[36.02,4.46],[35.98,4.5],[35.92,4.62]]}},{"type":"Feature","properties":{"l":0},"geometry":{"type":"LineString","coordinates":[[23.38,-17.64],[23.06,-17.7],[22.62,-17.78],[22.32,-17.84],[21.96,-17.9],[21.72,-17.94],[21.42,-18],[21.28,-17.96],[21.12,-17.96],[20.9,-18],[20.74,-18.02],[20.62,-18],[20.5,-17.96],[20.4,-17.88],[20.2,-17.86],[19.92,-17.88],[19.64,-17.86],[19.38,-17.82],[19.18,-17.8],[19.08,-17.82],[18.96,-17.8],[18.82,-17.76],[18.72,-17.7],[18.58,-17.58],[18.48,-17.44],[18.42,-17.4],[18.1,-17.4],[17.84,-17.4],[17.68,-17.4],[17.3,-17.4],[16.92,-17.4],[16.54,-17.4],[16.14,-17.4],[15.76,-17.38],[15.38,-17.38],[15,-17.38],[14.62,-17.38],[14.42,-17.38],[14.22,-17.4],[14.02,-17.4],[13.94,-17.38],[13.8,-17.28],[13.7,-17.24],[13.56,-17.14],[13.48,-17.04],[13.4,-17],[13.28,-16.98],[13.18,-16.98],[13.1,-16.96],[12.96,-17.02],[12.86,-17.06],[12.78,-17.1],[12.66,-17.16],[12.54,-17.22],[12.36,-17.2],[12.22,-17.2],[12.12,-17.16],[12.02,-17.16],[11.9,-17.22],[11.74,-17.24]]}},{"type":"Feature","properties":{"l":0},"geometry":{"type":"LineString","coordinates":[[25.26,-17.8],[25.46,-17.84],[25.56,-17.84],[25.64,-17.82],[25.74,-17.86],[25.86,-17.96],[26,-17.96],[26.14,-17.92],[26.34,-17.92],[26.58,-18.02],[26.78,-18.04],[27.02,-17.96],[27.24,-17.72],[27.44,-17.52],[27.64,-17.26],[27.76,-17.06],[27.94,-16.9],[28.16,-16.76],[28.4,-16.66],[28.76,-16.54],[28.84,-16.42],[28.86,-16.3],[28.86,-16.14],[28.88,-16.04],[28.92,-15.98],[28.98,-15.96],[29.06,-15.9],[29.28,-15.78],[29.48,-15.7],[29.72,-15.64],[30,-15.64],[30.26,-15.64],[30.4,-15.64]]}},{"type":"Feature","properties":{"l":0},"geometry":{"type":"LineString","coordinates":[[23.38,-17.64],[23.6,-17.6],[23.8,-17.56],[24.04,-17.52],[24.22,-17.48],[24.74,-17.52],[24.94,-17.54],[25,-17.56],[25.1,-17.64],[25.26,-17.8]]}},{"type":"Feature","properties":{"l":0},"geometry":{"type":"LineString","coordinates":[[31.28,-22.4],[31.42,-22.3],[31.58,-22.16],[31.74,-21.98],[31.88,-21.84],[32.02,-21.7],[32.2,-21.52],[32.38,-21.34],[32.42,-21.3],[32.36,-21.14],[32.48,-20.96],[32.48,-20.82],[32.48,-20.72],[32.5,-20.66],[32.52,-20.62],[32.68,-20.52],[32.78,-20.36],[32.86,-20.22],[33,-19.98],[33,-19.94],[33,-19.88],[32.98,-19.8],[32.9,-19.66],[32.84,-19.56],[32.78,-19.38],[32.84,-19.24],[32.84,-19.16],[32.82,-19.06],[32.76,-19.02],[32.72,-19],[32.7,-18.94],[32.7,-18.86],[32.86,-18.76],[32.9,-18.68],[32.9,-18.64],[32.94,-18.5],[33,-18.36],[32.98,-18.28],[32.96,-18.2],[32.96,-18.08],[32.96,-17.76],[32.98,-17.44],[32.96,-17.26],[32.88,-17.04],[32.88,-16.88],[32.94,-16.78],[32.94,-16.72],[32.82,-16.7],[32.74,-16.68],[32.64,-16.58],[32.46,-16.52],[32.24,-16.44],[31.94,-16.42],[31.68,-16.22],[31.48,-16.18],[31.42,-16.16],[31.24,-16.02],[30.94,-16.02],[30.64,-16],[30.44,-16],[30.4,-15.8],[30.4,-15.64]]}},{"type":"Feature","properties":{"l":0},"geometry":{"type":"LineString","coordinates":[[12.28,-6],[12.32,-6.02],[12.42,-6.04],[12.54,-6.02],[12.76,-5.98],[12.88,-5.92],[12.98,-5.88],[13.06,-5.86],[13.18,-5.86],[13.3,-5.88],[13.38,-5.86],[13.64,-5.86],[13.76,-5.86],[13.98,-5.86],[14.12,-5.86],[14.2,-5.88],[14.4,-5.9],[14.66,-5.88],[14.74,-5.88],[15.08,-5.88],[15.42,-5.86],[15.72,-5.86],[16.06,-5.86],[16.32,-5.86],[16.44,-5.9],[16.54,-5.96],[16.58,-6.02],[16.64,-6.12],[16.7,-6.16],[16.72,-6.24],[16.7,-6.34],[16.7,-6.48],[16.74,-6.62],[16.82,-6.78],[16.92,-6.94],[16.96,-7.06],[16.96,-7.16],[16.98,-7.26],[17.06,-7.36],[17.12,-7.42],[17.16,-7.46],[17.24,-7.62],[17.42,-7.88],[17.54,-8.08],[17.64,-8.1],[17.78,-8.08],[17.92,-8.06],[18,-8.1],[18.2,-8.02],[18.34,-8],[18.48,-7.96],[18.56,-7.94],[18.66,-7.94],[18.9,-8],[19.14,-8],[19.34,-7.96],[19.36,-7.7],[19.38,-7.66],[19.42,-7.56],[19.48,-7.48],[19.48,-7.4],[19.48,-7.28],[19.52,-7.14],[19.66,-7.04],[19.88,-6.98],[20,-6.98],[20.2,-6.94],[20.48,-6.92],[20.6,-6.92],[20.54,-7.12],[20.54,-7.18],[20.56,-7.24],[20.6,-7.28],[20.92,-7.28],[21.2,-7.28],[21.52,-7.3],[21.76,-7.3],[21.8,-7.32],[21.84,-7.42],[21.84,-7.6],[21.78,-7.86],[21.8,-8.12],[21.9,-8.34],[21.9,-8.7],[21.88,-8.9],[21.82,-9.16],[21.82,-9.46],[21.86,-9.6],[21.94,-9.72],[22.08,-9.86],[22.2,-10.04],[22.28,-10.26],[22.3,-10.4],[22.28,-10.46],[22.28,-10.56],[22.3,-10.7],[22.28,-10.78],[22.2,-10.82],[22.18,-10.9],[22.22,-11.02],[22.22,-11.12],[22.26,-11.16],[22.32,-11.2],[22.4,-11.16],[22.48,-11.08],[22.56,-11.06],[22.66,-11.06],[22.82,-11.08],[23.08,-11.08],[23.16,-11.08],[23.4,-10.98],[23.46,-10.96],[23.56,-10.98],[23.7,-11],[23.84,-11.02],[23.9,-10.98],[23.92,-10.9],[23.96,-10.88]]}},{"type":"Feature","properties":{"l":0},"geometry":{"type":"LineString","coordinates":[[-16.56,13.58],[-16.3,13.6],[-16,13.6],[-15.66,13.58],[-15.5,13.58],[-15.42,13.72],[-15.26,13.78],[-15.1,13.82],[-15.02,13.8],[-14.94,13.78],[-14.76,13.66],[-14.66,13.64],[-14.58,13.62],[-14.5,13.56],[-14.4,13.5],[-14.32,13.48],[-14.2,13.52],[-14.14,13.54],[-13.98,13.54],[-13.86,13.48],[-13.82,13.4],[-13.84,13.34],[-14.02,13.3],[-14.24,13.24],[-14.44,13.26],[-14.68,13.36],[-14.8,13.42],[-14.86,13.44],[-14.96,13.48],[-15.02,13.52],[-15.1,13.54],[-15.16,13.56],[-15.22,13.48],[-15.24,13.42],[-15.28,13.4],[-15.48,13.38],[-15.66,13.36],[-15.76,13.34],[-15.82,13.32],[-15.84,13.16],[-16.04,13.16],[-16.22,13.16],[-16.44,13.16],[-16.64,13.16],[-16.7,13.12],[-16.76,13.06]]}},{"type":"Feature","properties":{"l":0},"geometry":{"type":"LineString","coordinates":[[0.22,14.92],[0.2,14.78],[0.18,14.66],[0.16,14.5],[0.26,14.4],[0.36,14.28],[0.38,14.24],[0.36,14.14],[0.38,14.08],[0.42,13.98],[0.52,13.84],[0.62,13.7],[0.68,13.68],[0.74,13.68],[0.84,13.62],[0.9,13.62],[0.94,13.58],[1.02,13.46],[1.12,13.42],[1.2,13.36],[1.08,13.34],[0.98,13.36],[0.98,13.18],[0.98,13.04],[1.1,13],[1.3,12.84],[1.5,12.68],[1.56,12.64],[1.68,12.62],[1.78,12.62],[1.84,12.62],[1.96,12.7],[2.02,12.72],[2.08,12.72],[2.16,12.64],[2.22,12.54],[2.22,12.46],[2.2,12.42],[2.1,12.4],[2.06,12.36],[2.08,12.3],[2.2,12.14],[2.34,11.94],[2.38,11.9]]}},{"type":"Feature","properties":{"l":0},"geometry":{"type":"LineString","coordinates":[[18.62,3.48],[18.56,3.52],[18.5,3.6],[18.32,3.58],[18.24,3.54],[18.2,3.5],[18.12,3.56],[18.02,3.56],[17.94,3.56],[17.88,3.56],[17.8,3.58],[17.54,3.66],[17.5,3.68],[17.44,3.68],[17.3,3.62],[17.22,3.6],[17,3.56],[16.76,3.54],[16.68,3.54],[16.62,3.5],[16.58,3.46],[16.54,3.36],[16.5,3.2],[16.48,3.1],[16.46,3],[16.46,2.9],[16.46,2.84],[16.4,2.7],[16.32,2.54],[16.26,2.4],[16.18,2.28]]}},{"type":"Feature","properties":{"l":0},"geometry":{"type":"LineString","coordinates":[[16.18,2.26],[16.18,2.2],[16.12,2.16],[16.08,2.1],[16.06,2.02],[16.08,1.92],[16.14,1.8],[16.14,1.72],[16.1,1.7],[15.98,1.76],[15.88,1.82],[15.74,1.92],[15.6,1.96],[15.42,1.96],[15.34,1.94],[15.28,1.98],[15.2,2.02],[15.1,2],[15,2.02],[14.9,2.02],[14.9,2.06],[14.76,2.08],[14.72,2.12],[14.66,2.14],[14.58,2.2],[14.48,2.16],[14.28,2.16],[14.04,2.16],[13.78,2.16],[13.54,2.16],[13.3,2.16]]}},{"type":"Feature","properties":{"l":0},"geometry":{"type":"LineString","coordinates":[[15.48,7.52],[15.38,7.36],[15.24,7.26],[15.2,7.2],[15.18,7.14],[15.16,7.06],[15.08,6.9],[15.04,6.78],[14.98,6.74],[14.86,6.56],[14.78,6.36],[14.76,6.32],[14.7,6.26],[14.56,6.2],[14.52,6.16],[14.48,6.12],[14.44,6.08],[14.46,5.98],[14.5,5.92],[14.58,5.92],[14.62,5.86],[14.62,5.5],[14.58,5.44],[14.56,5.36],[14.56,5.28],[14.6,5.22],[14.64,5.18],[14.66,5.06],[14.7,4.66],[14.74,4.6],[14.78,4.56],[14.9,4.48],[15.02,4.36],[15.06,4.28],[15.08,4.16],[15.14,4.06],[15.06,4.02],[15.06,3.94],[15.12,3.82],[15.24,3.7],[15.36,3.56],[15.46,3.46],[15.58,3.32],[15.68,3.22],[15.78,3.12],[15.84,3.1],[15.9,3.1],[15.96,3.02],[16,2.98],[16.06,2.9],[16.08,2.84],[16.06,2.78],[16.08,2.68],[16.1,2.6],[16.1,2.48],[16.14,2.36],[16.18,2.28],[16.18,2.26]]}},{"type":"Feature","properties":{"l":0},"geometry":{"type":"LineString","coordinates":[[33.98,4.22],[33.74,3.98],[33.56,3.82],[33.48,3.76],[33.32,3.76],[33.16,3.78],[33,3.88],[32.84,3.8],[32.74,3.78],[32.68,3.76],[32.54,3.74],[32.34,3.7],[32.24,3.66],[32.2,3.6],[32.16,3.52],[32.1,3.52],[32.04,3.56],[31.94,3.6],[31.88,3.7],[31.84,3.78],[31.8,3.8],[31.62,3.7],[31.54,3.68],[31.48,3.68],[31.36,3.74],[31.22,3.78],[31.16,3.78],[31.04,3.72],[30.92,3.64],[30.86,3.54],[30.84,3.5]]}},{"type":"Feature","properties":{"l":0},"geometry":{"type":"LineString","coordinates":[[13.08,-4.64],[12.94,-4.7],[12.82,-4.74],[12.68,-4.9],[12.6,-4.98],[12.5,-5.04],[12.46,-5.08],[12.48,-5.12],[12.52,-5.14],[12.52,-5.42],[12.5,-5.7],[12.38,-5.72],[12.26,-5.74],[12.22,-5.76]]}},{"type":"Feature","properties":{"l":0},"geometry":{"type":"LineString","coordinates":[[31.94,-25.96],[31.92,-25.88],[31.92,-25.78],[31.98,-25.64],[31.98,-25.36],[31.98,-25.26],[31.98,-25.08],[31.98,-24.84],[31.98,-24.64],[31.98,-24.46],[31.96,-24.38],[31.9,-24.24],[31.86,-24.04],[31.8,-23.9],[31.72,-23.8],[31.7,-23.74],[31.68,-23.68],[31.6,-23.56],[31.54,-23.48],[31.52,-23.42],[31.54,-23.28],[31.46,-23.02],[31.42,-22.82],[31.34,-22.62],[31.3,-22.48],[31.28,-22.4]]}},{"type":"Feature","properties":{"l":0},"geometry":{"type":"LineString","coordinates":[[33.2,-14.02],[32.98,-14.08],[32.88,-14.12],[32.56,-14.22],[32.28,-14.32],[32.2,-14.34],[32.06,-14.38],[31.98,-14.42],[31.72,-14.5],[31.62,-14.54],[31.54,-14.58],[31.32,-14.64],[31.14,-14.7],[30.92,-14.76],[30.68,-14.82],[30.54,-14.86],[30.44,-14.9],[30.24,-15],[30.22,-15.06],[30.26,-15.18],[30.3,-15.28],[30.36,-15.34],[30.38,-15.5],[30.4,-15.64]]}},{"type":"Feature","properties":{"l":0},"geometry":{"type":"LineString","coordinates":[[34.96,-11.58],[34.82,-11.58],[34.66,-11.58],[34.62,-11.62],[34.6,-11.7],[34.56,-11.84],[34.52,-11.88],[34.46,-11.98],[34.38,-12.12],[34.36,-12.22],[34.42,-12.4],[34.46,-12.6],[34.48,-12.66],[34.52,-12.92],[34.54,-13.1],[34.54,-13.22],[34.56,-13.36],[34.62,-13.44],[34.66,-13.48],[34.86,-13.52],[34.9,-13.56],[35.02,-13.64],[35.24,-13.9],[35.38,-14.06],[35.48,-14.2],[35.7,-14.46],[35.84,-14.68],[35.86,-14.86],[35.84,-15.04],[35.8,-15.26],[35.84,-15.42],[35.82,-15.68],[35.8,-15.96],[35.76,-16.06],[35.7,-16.1],[35.6,-16.12],[35.36,-16.16],[35.3,-16.24],[35.24,-16.38],[35.18,-16.5],[35.16,-16.56],[35.22,-16.64],[35.28,-16.8],[35.3,-17.1],[35.2,-17.14],[35.12,-17.12],[35.06,-17.08],[35.04,-17.02],[35.1,-16.98],[35.12,-16.9],[35.08,-16.84],[35.02,-16.82],[34.94,-16.76],[34.76,-16.56],[34.62,-16.44],[34.52,-16.32],[34.44,-16.28],[34.4,-16.2],[34.4,-16.14],[34.4,-16.08],[34.38,-16.02],[34.28,-15.94],[34.24,-15.88],[34.24,-15.82],[34.28,-15.78],[34.36,-15.7],[34.42,-15.56],[34.44,-15.48],[34.54,-15.3],[34.56,-15.14],[34.56,-15.02],[34.56,-14.92],[34.52,-14.74],[34.5,-14.6],[34.38,-14.42],[34.2,-14.42],[34.1,-14.44],[34.04,-14.48],[33.96,-14.48],[33.76,-14.52],[33.7,-14.54],[33.64,-14.56],[33.5,-14.44],[33.38,-14.28],[33.24,-14.04],[33.2,-14.02]]}},{"type":"Feature","properties":{"l":0},"geometry":{"type":"LineString","coordinates":[[29.58,-1.38],[29.56,-1.12],[29.56,-0.98],[29.6,-0.88],[29.6,-0.78],[29.6,-0.7],[29.64,-0.54],[29.64,-0.44],[29.68,-0.12],[29.7,-0.06],[29.72,0.1],[29.74,0.14],[29.82,0.26],[29.88,0.42],[29.94,0.5],[29.92,0.68],[29.94,0.8],[30.04,0.86],[30.18,0.98],[30.24,1.1],[30.32,1.18],[30.48,1.24],[30.94,1.68],[31.16,1.92],[31.26,2.04],[31.28,2.14],[31.24,2.2],[31.2,2.24],[31.14,2.28],[31.08,2.28],[31,2.36],[30.96,2.4],[30.84,2.4],[30.72,2.46],[30.72,2.54],[30.76,2.68],[30.84,2.84],[30.84,2.94],[30.78,3],[30.76,3.04],[30.78,3.16],[30.82,3.28],[30.86,3.34],[30.9,3.4],[30.9,3.46],[30.84,3.5]]}},{"type":"Feature","properties":{"l":0},"geometry":{"type":"LineString","coordinates":[[36.52,14.26],[36.5,14.54],[36.48,14.74],[36.44,14.94],[36.42,15.14],[36.52,15.26],[36.56,15.36],[36.68,15.72],[36.72,15.8],[36.82,16],[36.82,16.06],[36.92,16.3],[36.9,16.46],[36.88,16.62],[36.94,16.72],[36.98,16.8],[36.98,16.86],[37,17.02],[37.06,17.06],[37.16,17.04],[37.24,17.06],[37.34,17.06],[37.42,17.06],[37.46,17.1],[37.52,17.28],[37.54,17.32],[37.66,17.36],[37.72,17.42],[37.78,17.46],[37.86,17.48],[37.92,17.5],[38.02,17.54],[38.1,17.52],[38.14,17.54],[38.22,17.56],[38.26,17.62],[38.34,17.68],[38.38,17.76],[38.42,17.82],[38.52,17.94],[38.6,18]]}},{"type":"Feature","properties":{"l":0},"geometry":{"type":"LineString","coordinates":[[42.38,12.46],[42.28,12.58],[42.22,12.66],[42.14,12.78],[42.04,12.82],[41.96,12.88],[41.86,13.02],[41.76,13.18],[41.62,13.32],[41.36,13.5],[41.12,13.74],[40.94,13.98],[40.82,14.12],[40.76,14.14],[40.52,14.22],[40.36,14.34],[40.22,14.44],[40.14,14.46],[40.06,14.46],[39.9,14.44],[39.76,14.5],[39.7,14.5],[39.6,14.52],[39.54,14.54],[39.44,14.52],[39.28,14.48],[39.2,14.48],[39.16,14.54],[39.14,14.58],[39.08,14.62],[39.02,14.62],[38.82,14.48],[38.5,14.42],[38.44,14.42],[38.38,14.48],[38.22,14.64],[38.18,14.68],[38.06,14.7],[38,14.74],[37.94,14.82],[37.88,14.86],[37.82,14.7],[37.7,14.46],[37.64,14.32],[37.58,14.14],[37.5,14.16],[37.36,14.38],[37.26,14.46],[37.18,14.44],[37.14,14.4],[37.1,14.34],[37.06,14.28],[36.94,14.28],[36.82,14.32],[36.68,14.3],[36.54,14.26],[36.52,14.26]]}},{"type":"Feature","properties":{"l":0},"geometry":{"type":"LineString","coordinates":[[27.36,57.52],[27.38,57.62],[27.4,57.66],[27.5,57.72],[27.54,57.8],[27.76,57.84],[27.72,57.9],[27.68,57.94],[27.64,58.02],[27.58,58.14],[27.5,58.22],[27.48,58.28],[27.5,58.32],[27.54,58.38],[27.54,58.44],[27.42,58.74],[27.44,58.78],[27.46,58.84],[27.52,58.88],[27.62,58.94],[27.76,59.06],[27.84,59.2],[27.9,59.28],[28.02,59.3],[28.06,59.34],[28.12,59.36],[28.06,59.46],[28.02,59.48]]}},{"type":"Feature","properties":{"l":0},"geometry":{"type":"LineString","coordinates":[[74.3,32.82],[74.36,32.76],[74.48,32.78],[74.58,32.76],[74.66,32.76],[74.64,32.6],[74.66,32.52],[74.78,32.46],[74.98,32.46],[75.1,32.42],[75.24,32.38],[75.3,32.32],[75.3,32.32]]}},{"type":"Feature","properties":{"l":0},"geometry":{"type":"LineString","coordinates":[[-84.34,10.98],[-84.4,10.98],[-84.48,11],[-84.64,11.04],[-84.7,11.06],[-84.8,11],[-84.9,10.94],[-85.18,11.04],[-85.36,11.1],[-85.54,11.16],[-85.58,11.18],[-85.66,11.16],[-85.7,11.1],[-85.74,11.06]]}},{"type":"Feature","properties":{"l":0},"geometry":{"type":"LineString","coordinates":[[-82.88,8.08],[-82.88,8.14],[-82.92,8.2],[-82.94,8.26],[-83.02,8.32],[-83,8.36],[-82.86,8.46],[-82.84,8.56],[-82.86,8.64],[-82.92,8.74],[-82.88,8.8],[-82.82,8.86],[-82.74,8.9],[-82.74,8.96],[-82.78,9],[-82.88,9.06],[-82.94,9.06],[-82.94,9.24],[-82.94,9.44],[-82.88,9.48],[-82.84,9.58],[-82.72,9.54],[-82.64,9.5],[-82.58,9.54],[-82.56,9.58]]}},{"type":"Feature","properties":{"l":0},"geometry":{"type":"LineString","coordinates":[[-66.88,1.22],[-66.9,1.28],[-66.88,1.36],[-66.94,1.46],[-66.96,1.56],[-66.98,1.68],[-67.04,1.82],[-67.08,1.94],[-67.14,2],[-67.12,2.06],[-67.14,2.1],[-67.16,2.14],[-67.22,2.28],[-67.2,2.34],[-67.22,2.4],[-67.26,2.42],[-67.32,2.48],[-67.4,2.56],[-67.48,2.64],[-67.54,2.68],[-67.6,2.76],[-67.66,2.8],[-67.76,2.84],[-67.86,2.8],[-67.86,2.86],[-67.52,3.18],[-67.36,3.32],[-67.32,3.38],[-67.34,3.46],[-67.5,3.7],[-67.56,3.74],[-67.6,3.76],[-67.66,3.86],[-67.74,4.08],[-67.78,4.2],[-67.8,4.28],[-67.8,4.38],[-67.82,4.46],[-67.86,4.5],[-67.86,4.66],[-67.82,4.94],[-67.8,5.14],[-67.82,5.28],[-67.78,5.38],[-67.7,5.44],[-67.64,5.56],[-67.64,5.7],[-67.58,5.84],[-67.48,5.92],[-67.44,6.02],[-67.48,6.12],[-67.48,6.18],[-67.56,6.24],[-67.72,6.28],[-67.86,6.28],[-67.94,6.24],[-68.14,6.2],[-68.48,6.16],[-68.74,6.16],[-68.94,6.2],[-69.08,6.18],[-69.2,6.12],[-69.26,6.1],[-69.32,6.14],[-69.42,6.12],[-69.6,6.32],[-69.74,6.5],[-69.9,6.7],[-70.1,6.94],[-70.18,6.96],[-70.26,6.94],[-70.38,6.98],[-70.48,7],[-70.54,7.04],[-70.66,7.08],[-70.74,7.1],[-70.82,7.08],[-71.02,7],[-71.12,6.98],[-71.22,6.98],[-71.46,7.02],[-71.62,7.04],[-71.82,7],[-71.9,7],[-72,7.04],[-72.08,7.1],[-72.16,7.24],[-72.2,7.38],[-72.3,7.4],[-72.4,7.42],[-72.44,7.46],[-72.48,7.52],[-72.48,7.62],[-72.46,7.76],[-72.46,7.8],[-72.44,7.96],[-72.4,8.04],[-72.36,8.08],[-72.36,8.16],[-72.4,8.28],[-72.42,8.38],[-72.52,8.48],[-72.66,8.62],[-72.72,8.84],[-72.8,9.1],[-72.86,9.14],[-72.9,9.12],[-72.96,9.14],[-73,9.24],[-73.06,9.26],[-73.14,9.22],[-73.2,9.2],[-73.34,9.16],[-73.36,9.22],[-73.3,9.32],[-73.22,9.44],[-73.14,9.56],[-73.06,9.66],[-73,9.78],[-72.96,10.02],[-72.94,10.2],[-72.86,10.5],[-72.74,10.72],[-72.7,10.84],[-72.58,10.98],[-72.52,11.06],[-72.44,11.12],[-72.24,11.2],[-72.02,11.6],[-71.96,11.66],[-71.72,11.72],[-71.54,11.78],[-71.4,11.82],[-71.36,11.84],[-71.32,11.86]]}},{"type":"Feature","properties":{"l":0},"geometry":{"type":"LineString","coordinates":[[-68.44,-52.36],[-68.46,-52.3],[-68.58,-52.28],[-68.72,-52.26],[-68.92,-52.2],[-69.2,-52.14],[-69.48,-52.14],[-69.72,-52.08],[-69.96,-52],[-70.48,-52],[-70.94,-52],[-71.42,-52],[-71.72,-52],[-71.92,-51.98],[-71.98,-51.96],[-71.96,-51.88],[-72.02,-51.82],[-72.14,-51.74],[-72.26,-51.7],[-72.34,-51.62],[-72.4,-51.54],[-72.36,-51.48],[-72.3,-51.3],[-72.3,-51.22],[-72.36,-51.18],[-72.38,-51.1],[-72.3,-51.04],[-72.28,-50.92],[-72.3,-50.78],[-72.34,-50.68],[-72.4,-50.64],[-72.46,-50.62],[-72.62,-50.64],[-72.8,-50.64],[-72.86,-50.66],[-72.96,-50.7],[-73.08,-50.76],[-73.16,-50.74],[-73.18,-50.66],[-73.22,-50.62],[-73.26,-50.56],[-73.28,-50.48],[-73.32,-50.36],[-73.38,-50.24],[-73.5,-50.12],[-73.5,-50.04],[-73.52,-49.92],[-73.48,-49.8],[-73.48,-49.76]]}},{"type":"Feature","properties":{"l":0},"geometry":{"type":"LineString","coordinates":[[-68.62,-52.66],[-68.64,-52.94],[-68.64,-53.24],[-68.64,-53.52],[-68.64,-53.78],[-68.64,-54.06],[-68.64,-54.32],[-68.64,-54.62],[-68.66,-54.86],[-68.66,-54.92],[-68.46,-54.9],[-68.26,-54.88],[-68.06,-54.88],[-67.7,-54.9],[-67.36,-54.94],[-67.16,-54.96],[-66.98,-55],[-66.66,-55.06],[-66.48,-55.12]]}},{"type":"Feature","properties":{"l":0},"geometry":{"type":"LineString","coordinates":[[22.76,54.36],[22.16,54.36],[21.64,54.38],[21.14,54.4],[20.66,54.4],[20.2,54.42],[19.92,54.44],[19.64,54.44],[19.6,54.46]]}},{"type":"Feature","properties":{"l":0},"geometry":{"type":"LineString","coordinates":[[48.44,28.54],[48.26,28.54],[48.04,28.54],[47.88,28.54],[47.68,28.54],[47.58,28.62],[47.56,28.74],[47.52,28.84],[47.44,28.98],[47.14,29.02],[46.98,29.04],[46.72,29.08],[46.54,29.1]]}},{"type":"Feature","properties":{"l":0},"geometry":{"type":"LineString","coordinates":[[44.76,37.14],[44.8,37.06],[44.88,36.8],[44.92,36.76],[44.98,36.74],[45.02,36.7],[45.02,36.6],[45.04,36.52],[45.06,36.48],[45.08,36.44],[45.16,36.4],[45.2,36.4],[45.24,36.36],[45.36,36.06],[45.4,36],[45.48,36],[45.56,35.98],[45.64,35.92],[45.72,35.84],[45.78,35.82],[45.94,35.84],[46.16,35.82],[46.28,35.78],[46.18,35.72],[46.04,35.68],[46,35.6],[45.98,35.52],[46.02,35.42],[46.12,35.32],[46.14,35.24],[46.14,35.12],[46.04,35.08],[45.92,35.02],[45.68,34.8],[45.66,34.74],[45.66,34.62],[45.56,34.58],[45.5,34.58],[45.46,34.48],[45.44,34.42],[45.52,34.28],[45.54,34.22],[45.52,34.16],[45.44,34.04],[45.4,33.98],[45.48,33.92],[45.68,33.68],[45.74,33.6],[45.82,33.62],[45.88,33.6],[45.9,33.54],[45.88,33.5],[45.98,33.48],[46.02,33.42],[46.14,33.22],[46.14,33.18],[46.08,33.08],[46.08,33.02],[46.1,32.98],[46.3,32.96],[46.38,32.92],[46.56,32.84],[46.78,32.68],[46.96,32.56],[47.12,32.46],[47.28,32.48],[47.38,32.42],[47.42,32.34],[47.52,32.16],[47.6,32.08],[47.72,31.94],[47.82,31.8],[47.76,31.6],[47.68,31.4],[47.68,31.14],[47.68,31],[47.84,31],[48.02,30.98],[48.02,30.82],[48.02,30.66],[48.02,30.46],[48.06,30.46],[48.14,30.42],[48.18,30.36],[48.22,30.32],[48.28,30.32],[48.34,30.28],[48.38,30.24],[48.38,30.16],[48.4,30.1],[48.44,30.04],[48.48,30],[48.54,29.96]]}},{"type":"Feature","properties":{"l":0},"geometry":{"type":"LineString","coordinates":[[61.26,35.62],[61.24,35.7],[61.26,35.76],[61.26,35.86],[61.2,35.94],[61.16,35.98],[61.18,36.06],[61.22,36.1],[61.22,36.2],[61.18,36.28],[61.16,36.44],[61.16,36.58],[61.12,36.64],[60.7,36.64],[60.34,36.64],[60.18,36.82],[60.06,36.96],[59.94,37.04],[59.68,37.14],[59.56,37.18],[59.46,37.26],[59.36,37.34],[59.34,37.44],[59.3,37.52],[59.24,37.52],[58.94,37.64],[58.82,37.68],[58.7,37.66],[58.66,37.66],[58.56,37.68],[58.44,37.64],[58.32,37.64],[58.26,37.66],[58.1,37.78],[57.98,37.84],[57.88,37.86],[57.72,37.9],[57.52,37.92],[57.42,37.94],[57.36,37.98],[57.34,38.04],[57.34,38.08],[57.26,38.18],[57.2,38.22],[57.08,38.2],[56.9,38.22],[56.78,38.26],[56.66,38.26],[56.54,38.24],[56.44,38.24],[56.36,38.22],[56.32,38.2],[56.3,38.1],[56.22,38.08],[56.18,38.08],[56.06,38.08],[55.84,38.1],[55.58,38.1],[55.38,38.06],[55.22,37.98],[55.08,37.9],[54.9,37.78],[54.84,37.72],[54.74,37.5],[54.7,37.48],[54.64,37.44],[54.58,37.44],[54.46,37.4],[54.3,37.36],[54.2,37.34],[53.92,37.34]]}},{"type":"Feature","properties":{"l":0},"geometry":{"type":"LineString","coordinates":[[140.98,-2.6],[140.98,-2.8],[140.98,-3],[140.98,-3.2],[140.98,-3.42],[140.98,-3.62],[140.98,-3.82],[140.98,-4.02],[140.98,-4.22],[140.98,-4.42],[140.98,-4.64],[140.98,-4.84],[140.98,-5.04],[140.98,-5.24],[140.98,-5.44],[140.98,-5.64],[140.98,-5.86],[140.98,-6.06],[140.98,-6.26],[140.98,-6.34],[140.94,-6.46],[140.88,-6.62],[140.86,-6.74],[140.92,-6.84],[140.98,-6.9],[140.98,-7.08],[140.98,-7.28],[140.98,-7.48],[140.98,-7.68],[140.98,-7.88],[140.98,-8.08],[140.98,-8.3],[140.98,-8.5],[140.98,-8.7],[140.98,-8.9],[140.98,-9.12]]}},{"type":"Feature","properties":{"l":0},"geometry":{"type":"LineString","coordinates":[[9.52,30.22],[9.42,30.18],[9.32,30.12],[9.4,30],[9.54,29.8],[9.64,29.64],[9.68,29.56],[9.74,29.36],[9.8,29.18],[9.82,29.12],[9.84,28.96],[9.82,28.56],[9.86,28.04],[9.92,27.78],[9.82,27.56],[9.74,27.34],[9.76,27.22],[9.8,27.04],[9.84,26.92],[9.9,26.84],[9.88,26.64],[9.86,26.56],[9.68,26.44],[9.5,26.34],[9.44,26.24],[9.42,26.14],[9.44,26.06],[9.58,25.9],[9.78,25.62],[10,25.34],[10.02,25.26],[10.02,25.06],[10.12,24.8],[10.22,24.68],[10.26,24.6],[10.32,24.54],[10.4,24.48],[10.68,24.56],[11.1,24.44],[11.5,24.32],[11.62,24.14],[11.76,23.9],[11.88,23.7],[11.96,23.52]]}},{"type":"Feature","properties":{"l":0},"geometry":{"type":"LineString","coordinates":[[-13.72,12.68],[-14.06,12.68],[-14.34,12.68],[-14.7,12.68],[-14.96,12.68],[-15.2,12.68],[-15.38,12.58],[-15.58,12.5],[-15.84,12.44],[-16.14,12.46],[-16.24,12.44],[-16.34,12.4],[-16.42,12.36],[-16.52,12.34],[-16.66,12.36],[-16.72,12.36]]}},{"type":"Feature","properties":{"l":0},"geometry":{"type":"LineString","coordinates":[[-11.38,12.4],[-11.46,12.42],[-11.58,12.42],[-11.8,12.38],[-11.88,12.4],[-12.04,12.4],[-12.16,12.38],[-12.3,12.32],[-12.4,12.34],[-12.46,12.38],[-12.54,12.38],[-12.62,12.4],[-12.72,12.44],[-12.8,12.46],[-12.88,12.52],[-12.96,12.52],[-13.02,12.48],[-13.06,12.48],[-13.06,12.58],[-13.08,12.64],[-13.14,12.64],[-13.22,12.64],[-13.38,12.66],[-13.72,12.68]]}},{"type":"Feature","properties":{"l":0},"geometry":{"type":"LineString","coordinates":[[0.9,11],[0.64,10.98],[0.54,10.96],[0.5,10.96],[0.16,11.06],[-0.06,11.12]]}},{"type":"Feature","properties":{"l":0},"geometry":{"type":"LineString","coordinates":[[-139.06,60],[-139.18,60.08],[-139.14,60.18],[-139.08,60.28],[-139.08,60.34],[-139.24,60.34],[-139.46,60.34],[-139.68,60.32],[-139.84,60.26],[-139.98,60.18],[-140.2,60.24],[-140.46,60.3],[-140.52,60.22],[-140.76,60.26],[-141,60.3],[-141,60.6],[-141,60.88],[-141,61.18],[-141,61.46],[-141,61.76],[-141,62.06],[-141,62.34],[-141,62.64],[-141,62.94],[-141,63.22],[-141,63.52],[-141,63.8],[-141,64.1],[-141,64.4],[-141,64.68],[-141,64.98],[-141,65.26],[-141,65.56],[-141,65.86],[-141,66.14],[-141,66.44],[-141,66.72],[-141,67.02],[-141,67.32],[-141,67.6],[-141,67.9],[-141,68.18],[-141,68.48],[-141,68.78],[-141,69.06],[-141,69.36],[-141,69.66]]}},{"type":"Feature","properties":{"l":0},"geometry":{"type":"LineString","coordinates":[[-130.62,54.7],[-130.58,54.76],[-130.5,54.84],[-130.32,54.94],[-130.22,55.02],[-130.06,55.22],[-130.02,55.28],[-130.02,55.38],[-130.06,55.48],[-130.1,55.58],[-130.12,55.7],[-130.1,55.78],[-130.02,55.88],[-130.02,55.96],[-130.02,56.02],[-130.06,56.06],[-130.1,56.1],[-130.22,56.08],[-130.42,56.12],[-130.48,56.24],[-130.64,56.26],[-130.74,56.34],[-130.94,56.38],[-131.08,56.4],[-131.2,56.44],[-131.34,56.5],[-131.48,56.56],[-131.58,56.6],[-131.66,56.6],[-131.82,56.58],[-131.84,56.68],[-131.88,56.74],[-131.86,56.8],[-131.96,56.82],[-132.1,56.86],[-132.06,56.96],[-132.04,57.02],[-132.16,57.04],[-132.34,57.08],[-132.28,57.14],[-132.24,57.2],[-132.3,57.28],[-132.44,57.4],[-132.56,57.5],[-132.7,57.64],[-132.82,57.78],[-132.92,57.88],[-133,57.94],[-133.12,58.08],[-133.28,58.22],[-133.42,58.34],[-133.4,58.42],[-133.54,58.5],[-133.68,58.6],[-133.82,58.7],[-133.96,58.76],[-134.06,58.8],[-134.22,58.84],[-134.3,58.9],[-134.32,58.94],[-134.4,59],[-134.42,59.06],[-134.62,59.16],[-134.68,59.2],[-134.8,59.24],[-134.9,59.28],[-135.08,59.44],[-135.06,59.5],[-135.04,59.56],[-135.26,59.7],[-135.36,59.74],[-135.48,59.8],[-135.7,59.72],[-135.94,59.66],[-136.1,59.64],[-136.32,59.6],[-136.24,59.54],[-136.28,59.48],[-136.34,59.46],[-136.46,59.46],[-136.46,59.28],[-136.58,59.16],[-136.82,59.16],[-136.94,59.1],[-137.12,59.04],[-137.28,58.98],[-137.44,58.9],[-137.52,58.92],[-137.48,59],[-137.54,59.12],[-137.6,59.22],[-137.7,59.28],[-137.88,59.38],[-138,59.44],[-138.18,59.54],[-138.32,59.62],[-138.46,59.68],[-138.64,59.78],[-138.7,59.9],[-138.86,59.94],[-139.04,60],[-139.06,60]]}},{"type":"Feature","properties":{"l":0},"geometry":{"type":"LineString","coordinates":[[-123.32,49],[-123.18,49],[-123.08,49],[-122.94,49],[-122.78,49],[-122.68,49]]}},{"type":"Feature","properties":{"l":0},"geometry":{"type":"LineString","coordinates":[[-88.9,15.9],[-89.12,15.9],[-89.24,15.88],[-89.22,16.14],[-89.22,16.52],[-89.2,16.8],[-89.2,17.08],[-89.18,17.3],[-89.18,17.58],[-89.16,17.82]]}},{"type":"Feature","properties":{"l":0},"geometry":{"type":"LineString","coordinates":[[-75.28,-0.1],[-75.34,-0.14],[-75.4,-0.14],[-75.48,-0.16],[-75.58,-0.12],[-75.64,-0.16],[-75.56,-0.2],[-75.5,-0.24],[-75.46,-0.32],[-75.42,-0.4],[-75.32,-0.5],[-75.26,-0.56],[-75.28,-0.66],[-75.28,-0.7],[-75.24,-0.96],[-75.3,-0.96],[-75.38,-0.94],[-75.44,-1.08],[-75.52,-1.32],[-75.58,-1.54],[-75.64,-1.6],[-75.74,-1.72],[-75.88,-1.9],[-76.08,-2.14],[-76.24,-2.24],[-76.36,-2.34],[-76.5,-2.44],[-76.68,-2.56],[-76.88,-2.64],[-77.16,-2.74],[-77.36,-2.8],[-77.5,-2.86],[-77.66,-2.92],[-77.86,-2.98],[-77.94,-3.04],[-78.06,-3.2],[-78.12,-3.28],[-78.18,-3.36],[-78.16,-3.44],[-78.2,-3.48],[-78.26,-3.44],[-78.32,-3.38],[-78.4,-3.6],[-78.4,-3.68],[-78.42,-3.78],[-78.48,-3.84],[-78.5,-3.9],[-78.5,-3.96],[-78.56,-3.98],[-78.56,-4.04],[-78.6,-4.16],[-78.64,-4.24],[-78.68,-4.32],[-78.68,-4.38],[-78.66,-4.46],[-78.68,-4.52],[-78.74,-4.6],[-78.86,-4.66],[-78.9,-4.72],[-78.92,-4.78],[-78.92,-4.86],[-78.98,-4.88],[-79.04,-4.96],[-79.18,-4.96],[-79.26,-4.96],[-79.34,-4.92],[-79.4,-4.84],[-79.46,-4.76],[-79.5,-4.68],[-79.52,-4.54],[-79.58,-4.5],[-79.64,-4.46],[-79.72,-4.46],[-79.8,-4.48],[-79.84,-4.44],[-79.96,-4.4],[-80.06,-4.32],[-80.14,-4.3],[-80.2,-4.32],[-80.24,-4.34],[-80.3,-4.42],[-80.38,-4.46],[-80.48,-4.44],[-80.44,-4.34],[-80.36,-4.2],[-80.46,-4.2],[-80.48,-4.16],[-80.5,-4.06],[-80.5,-4.02],[-80.44,-3.98],[-80.36,-4],[-80.3,-4],[-80.26,-3.94],[-80.2,-3.9],[-80.22,-3.78],[-80.22,-3.74],[-80.22,-3.66],[-80.24,-3.58],[-80.24,-3.52],[-80.28,-3.46],[-80.3,-3.4],[-80.32,-3.38]]}},{"type":"Feature","properties":{"l":0},"geometry":{"type":"LineString","coordinates":[[-69.96,-4.24],[-70.02,-4.16],[-70.1,-4.1],[-70.16,-4.06],[-70.2,-4],[-70.24,-3.88],[-70.3,-3.84],[-70.34,-3.82],[-70.42,-3.84],[-70.48,-3.86],[-70.7,-3.78],[-70.62,-3.6],[-70.42,-3.28],[-70.3,-3.08],[-70.14,-2.86],[-70.08,-2.76],[-70.1,-2.66],[-70.16,-2.64],[-70.24,-2.6],[-70.3,-2.56],[-70.36,-2.52],[-70.42,-2.5],[-70.52,-2.46],[-70.58,-2.42],[-70.64,-2.4],[-70.7,-2.34],[-70.92,-2.22],[-70.96,-2.2],[-71.02,-2.22],[-71.12,-2.24],[-71.2,-2.32],[-71.3,-2.34],[-71.4,-2.34],[-71.44,-2.3],[-71.5,-2.28],[-71.56,-2.22],[-71.68,-2.18],[-71.76,-2.16],[-71.8,-2.16],[-71.86,-2.22],[-71.94,-2.28],[-71.98,-2.32],[-72.06,-2.32],[-72.14,-2.38],[-72.22,-2.4],[-72.3,-2.4],[-72.4,-2.42],[-72.5,-2.4],[-72.58,-2.36],[-72.66,-2.36],[-72.72,-2.4],[-72.82,-2.4],[-72.88,-2.4],[-72.94,-2.4],[-72.98,-2.34],[-73.06,-2.32],[-73.16,-2.28],[-73.18,-2.2],[-73.16,-2.16],[-73.12,-2.08],[-73.14,-2],[-73.18,-1.88],[-73.2,-1.84],[-73.22,-1.78],[-73.34,-1.78],[-73.44,-1.74],[-73.5,-1.7],[-73.52,-1.64],[-73.5,-1.54],[-73.52,-1.44],[-73.58,-1.4],[-73.62,-1.32],[-73.66,-1.24],[-73.74,-1.22],[-73.8,-1.22],[-73.86,-1.2],[-73.92,-1.12],[-73.98,-1.1],[-74.06,-1.02],[-74.18,-1],[-74.24,-0.98],[-74.28,-0.92],[-74.34,-0.86],[-74.36,-0.76],[-74.38,-0.7],[-74.42,-0.58],[-74.46,-0.52],[-74.52,-0.48],[-74.56,-0.42],[-74.62,-0.38],[-74.7,-0.34],[-74.76,-0.3],[-74.78,-0.24],[-74.84,-0.2],[-74.88,-0.2],[-74.94,-0.18],[-75,-0.16],[-75.06,-0.12],[-75.14,-0.06],[-75.22,-0.04],[-75.28,-0.1]]}},{"type":"Feature","properties":{"l":0},"geometry":{"type":"LineString","coordinates":[[-66.88,1.22],[-67.06,1.18],[-67.08,1.4],[-67.1,1.62],[-67.12,1.7],[-67.2,1.84],[-67.32,2.04],[-67.36,2.08],[-67.4,2.12],[-67.46,2.12],[-67.56,2.08],[-67.6,2.04],[-67.72,1.92],[-67.82,1.8],[-67.88,1.76],[-67.94,1.74],[-67.98,1.76],[-68.04,1.78],[-68.08,1.86],[-68.14,1.96],[-68.2,1.98],[-68.24,1.9],[-68.26,1.84],[-68.22,1.78],[-68.18,1.72],[-68.24,1.72],[-68.44,1.72],[-68.68,1.72],[-68.92,1.72],[-69.12,1.72],[-69.32,1.72],[-69.4,1.72],[-69.48,1.76],[-69.54,1.78],[-69.66,1.74],[-69.74,1.74],[-69.8,1.7],[-69.84,1.54],[-69.86,1.3],[-69.86,1.06],[-69.8,1.08],[-69.72,1.06],[-69.62,1.08],[-69.56,1.06],[-69.52,1.06],[-69.44,1.04],[-69.36,1.06],[-69.32,1.06],[-69.26,1.02],[-69.22,0.96],[-69.2,0.9],[-69.16,0.8],[-69.18,0.72],[-69.16,0.66],[-69.22,0.62],[-69.28,0.62],[-69.32,0.66],[-69.4,0.66],[-69.48,0.72],[-69.52,0.72],[-69.6,0.68],[-69.68,0.66],[-69.76,0.62],[-69.8,0.6],[-69.86,0.6],[-69.92,0.58],[-69.98,0.58],[-70.06,0.58],[-70.06,0.44],[-70.06,0.18],[-70.08,0.02],[-70.08,-0.14],[-70.04,-0.2],[-69.92,-0.32],[-69.82,-0.38],[-69.74,-0.46],[-69.66,-0.48],[-69.62,-0.56],[-69.6,-0.64],[-69.62,-0.72],[-69.58,-0.8],[-69.56,-0.88],[-69.52,-0.94],[-69.44,-1],[-69.44,-1.06],[-69.42,-1.16],[-69.42,-1.24],[-69.44,-1.42],[-69.48,-1.62],[-69.5,-1.78],[-69.56,-2.02],[-69.6,-2.32],[-69.66,-2.66],[-69.74,-3.02],[-69.8,-3.36],[-69.84,-3.66],[-69.92,-4],[-69.94,-4.2],[-69.96,-4.24]]}},{"type":"Feature","properties":{"l":0},"geometry":{"type":"LineString","coordinates":[[-69.58,-10.96],[-69.46,-11.16],[-69.36,-11.32],[-69.26,-11.5],[-69.18,-11.66],[-69.04,-11.88],[-68.94,-12.06],[-68.82,-12.28],[-68.68,-12.5],[-68.72,-12.56],[-68.76,-12.6],[-68.76,-12.68],[-68.82,-12.72],[-68.86,-12.76],[-68.94,-12.82],[-68.98,-12.88],[-68.98,-12.96],[-68.98,-13.38],[-68.98,-13.5],[-69.02,-13.6],[-69.06,-13.64],[-69.02,-13.78],[-68.98,-13.98],[-68.94,-14.02],[-68.9,-14.1],[-68.88,-14.16],[-68.98,-14.24],[-69.02,-14.38],[-69.06,-14.42],[-69.12,-14.48],[-69.16,-14.54],[-69.2,-14.58],[-69.26,-14.68],[-69.28,-14.74],[-69.36,-14.8],[-69.38,-14.88],[-69.38,-14.96],[-69.34,-15.04],[-69.18,-15.2],[-69.26,-15.34],[-69.3,-15.4],[-69.42,-15.6],[-69.4,-15.74],[-69.22,-16.14],[-69.14,-16.22],[-69.04,-16.22],[-68.92,-16.26],[-68.84,-16.32],[-68.92,-16.38],[-69,-16.44],[-69.04,-16.48],[-69.04,-16.54],[-69.02,-16.64],[-69.14,-16.72],[-69.2,-16.76],[-69.26,-16.86],[-69.38,-17],[-69.42,-17.04],[-69.44,-17.08],[-69.5,-17.1],[-69.62,-17.2],[-69.64,-17.24],[-69.56,-17.34],[-69.52,-17.38],[-69.52,-17.46],[-69.52,-17.5]]}},{"type":"Feature","properties":{"l":0},"geometry":{"type":"LineString","coordinates":[[-69.58,-10.96],[-69.46,-10.94],[-69.22,-10.96],[-69,-11],[-68.84,-11.02],[-68.78,-11.04],[-68.76,-11.1],[-68.68,-11.12],[-68.62,-11.1],[-68.5,-11.06],[-68.4,-11.02],[-68.32,-10.98],[-68.26,-10.94],[-68.16,-10.78],[-68.08,-10.7],[-68,-10.68],[-67.84,-10.66],[-67.78,-10.68],[-67.72,-10.68],[-67.66,-10.6],[-67.58,-10.5],[-67.42,-10.38],[-67.34,-10.36],[-67.28,-10.32],[-67.2,-10.32],[-67.12,-10.26],[-66.74,-9.98],[-66.58,-9.9],[-66.48,-9.88],[-66.4,-9.86],[-66.26,-9.82],[-65.92,-9.78],[-65.7,-9.76],[-65.64,-9.8],[-65.56,-9.8],[-65.5,-9.74],[-65.44,-9.72],[-65.34,-9.8],[-65.3,-9.88],[-65.32,-9.94],[-65.32,-10.02],[-65.3,-10.14],[-65.32,-10.26],[-65.4,-10.4],[-65.44,-10.44],[-65.44,-10.5],[-65.44,-10.58],[-65.4,-10.72],[-65.34,-10.9],[-65.32,-11.02],[-65.38,-11.12],[-65.4,-11.18],[-65.38,-11.24],[-65.34,-11.32],[-65.32,-11.36],[-65.32,-11.44],[-65.28,-11.52],[-65.2,-11.58],[-65.18,-11.64],[-65.18,-11.72],[-65.16,-11.76],[-65.12,-11.74],[-65.04,-11.82],[-65,-11.92],[-65,-11.98],[-64.92,-12],[-64.82,-12.04],[-64.78,-12.06],[-64.7,-12.14],[-64.62,-12.2],[-64.52,-12.26],[-64.48,-12.32],[-64.42,-12.44],[-64.26,-12.48],[-64.06,-12.5],[-63.94,-12.52],[-63.78,-12.46],[-63.68,-12.48],[-63.58,-12.52],[-63.54,-12.54],[-63.46,-12.6],[-63.34,-12.68],[-63.24,-12.7],[-63.18,-12.66],[-63.12,-12.66],[-63.06,-12.66],[-63.04,-12.76],[-63.02,-12.8],[-62.96,-12.84],[-62.84,-12.96],[-62.76,-13],[-62.68,-13],[-62.52,-13.06],[-62.36,-13.14],[-62.26,-13.14],[-62.18,-13.14],[-62.12,-13.16],[-62.1,-13.24],[-61.94,-13.4],[-61.88,-13.48],[-61.78,-13.52],[-61.58,-13.52],[-61.52,-13.54],[-61.42,-13.52],[-61.12,-13.5],[-61.08,-13.48],[-60.92,-13.56],[-60.72,-13.66],[-60.6,-13.74],[-60.5,-13.78],[-60.46,-13.86],[-60.42,-13.94],[-60.4,-14.02],[-60.42,-14.1],[-60.48,-14.18],[-60.46,-14.26],[-60.4,-14.34],[-60.38,-14.42],[-60.34,-14.58],[-60.3,-14.62],[-60.28,-15.08],[-60.4,-15.1],[-60.58,-15.1],[-60.54,-15.14],[-60.38,-15.32],[-60.24,-15.48],[-60.22,-15.74],[-60.2,-15.9],[-60.18,-16.14],[-60.18,-16.26],[-59.84,-16.28],[-59.44,-16.3],[-58.96,-16.32],[-58.54,-16.32],[-58.42,-16.3],[-58.38,-16.28],[-58.34,-16.34],[-58.36,-16.42],[-58.36,-16.5],[-58.48,-16.66],[-58.48,-16.7],[-58.46,-16.92],[-58.42,-17.08],[-58.4,-17.24],[-58.34,-17.28],[-58.2,-17.36],[-58,-17.52],[-57.9,-17.54],[-57.84,-17.52],[-57.78,-17.58],[-57.78,-17.68],[-57.66,-17.94],[-57.58,-18.12],[-57.56,-18.18],[-57.5,-18.22],[-57.56,-18.24],[-57.64,-18.48],[-57.72,-18.74],[-57.78,-18.92],[-57.74,-18.92],[-57.72,-18.96],[-57.72,-19.04],[-57.78,-19.06],[-57.88,-19.22],[-57.98,-19.42],[-58.08,-19.62],[-58.14,-19.74],[-58.02,-19.84],[-57.86,-19.98],[-57.96,-20.04],[-58.02,-20.06],[-58.06,-20.12],[-58.16,-20.16]]}},{"type":"Feature","properties":{"l":0},"geometry":{"type":"LineString","coordinates":[[-69.96,-4.24],[-69.98,-4.3],[-70.06,-4.34],[-70.12,-4.28],[-70.18,-4.3],[-70.24,-4.3],[-70.32,-4.24],[-70.34,-4.2],[-70.4,-4.16],[-70.54,-4.16],[-70.64,-4.16],[-70.72,-4.16],[-70.8,-4.18],[-70.86,-4.22],[-70.92,-4.3],[-70.98,-4.36],[-71.14,-4.38],[-71.24,-4.38],[-71.32,-4.42],[-71.44,-4.44],[-71.52,-4.46],[-71.66,-4.48],[-71.84,-4.5],[-71.94,-4.56],[-72.08,-4.64],[-72.26,-4.74],[-72.36,-4.78],[-72.46,-4.9],[-72.6,-5],[-72.7,-5.06],[-72.84,-5.1],[-72.88,-5.12],[-72.9,-5.2],[-72.92,-5.3],[-72.96,-5.5],[-72.98,-5.58],[-73.06,-5.78],[-73.16,-5.94],[-73.2,-6.02],[-73.24,-6.1],[-73.2,-6.16],[-73.16,-6.26],[-73.14,-6.34],[-73.12,-6.4],[-73.14,-6.46],[-73.18,-6.52],[-73.24,-6.56],[-73.32,-6.58],[-73.5,-6.68],[-73.7,-6.84],[-73.76,-6.9],[-73.78,-6.98],[-73.8,-7.08],[-73.8,-7.14],[-73.76,-7.18],[-73.72,-7.26],[-73.74,-7.34],[-73.8,-7.34],[-73.86,-7.34],[-73.92,-7.36],[-73.96,-7.42],[-73.96,-7.5],[-74,-7.56],[-73.94,-7.62],[-73.9,-7.66],[-73.82,-7.74],[-73.76,-7.76],[-73.72,-7.78],[-73.74,-7.88],[-73.78,-7.94],[-73.72,-7.98],[-73.68,-8.02],[-73.64,-8.08],[-73.62,-8.14],[-73.58,-8.24],[-73.54,-8.3],[-73.48,-8.4],[-73.44,-8.42],[-73.36,-8.48],[-73.36,-8.56],[-73.3,-8.66],[-73.2,-8.72],[-73.12,-8.82],[-73.08,-8.88],[-72.98,-9],[-72.98,-9.12],[-73.08,-9.26],[-73.2,-9.42],[-73.02,-9.4],[-72.82,-9.42],[-72.6,-9.46],[-72.46,-9.5],[-72.38,-9.52],[-72.32,-9.56],[-72.28,-9.62],[-72.26,-9.68],[-72.26,-9.78],[-72.18,-9.84],[-72.18,-9.92],[-72.18,-10],[-71.88,-10],[-71.6,-10],[-71.34,-9.98],[-71.24,-9.96],[-71.12,-9.86],[-71.04,-9.82],[-70.98,-9.76],[-70.88,-9.66],[-70.82,-9.62],[-70.76,-9.58],[-70.68,-9.52],[-70.64,-9.48],[-70.54,-9.44],[-70.58,-9.48],[-70.6,-9.54],[-70.6,-9.62],[-70.56,-9.7],[-70.6,-9.76],[-70.64,-9.82],[-70.64,-9.98],[-70.64,-10.18],[-70.64,-10.36],[-70.64,-10.58],[-70.64,-10.84],[-70.64,-11.02],[-70.6,-10.98],[-70.54,-10.94],[-70.46,-11.02],[-70.4,-11.06],[-70.34,-11.06],[-70.3,-11.06],[-70.22,-11.04],[-70.06,-10.98],[-69.96,-10.92],[-69.84,-10.94],[-69.68,-10.96],[-69.58,-10.96]]}},{"type":"Feature","properties":{"l":0},"geometry":{"type":"LineString","coordinates":[[-62.66,-22.24],[-62.62,-22.18],[-62.56,-21.98],[-62.48,-21.7],[-62.38,-21.42],[-62.28,-21.06],[-62.28,-20.82],[-62.28,-20.56],[-62.12,-20.34],[-62.02,-20.2],[-61.92,-20.06],[-61.82,-19.8],[-61.76,-19.64],[-61.52,-19.6],[-61.1,-19.52],[-60.88,-19.48],[-60.46,-19.38],[-60,-19.3],[-59.54,-19.3],[-59.1,-19.28],[-58.74,-19.5],[-58.48,-19.64],[-58.18,-19.82],[-58.14,-20],[-58.16,-20.16]]}},{"type":"Feature","properties":{"l":0},"geometry":{"type":"LineString","coordinates":[[-17.04,20.8],[-17.06,20.9],[-17.04,21],[-17,21.14],[-16.96,21.32],[-16.84,21.32],[-16.6,21.32],[-16.38,21.32],[-16.14,21.34],[-15.92,21.34],[-15.68,21.34],[-15.46,21.34],[-15.24,21.34],[-15,21.34],[-14.78,21.34],[-14.54,21.34],[-14.32,21.34],[-14.08,21.34],[-13.86,21.34],[-13.62,21.34],[-13.4,21.34],[-13.16,21.34],[-13.02,21.34],[-13.02,21.46],[-13.04,21.58],[-13.04,21.72],[-13.06,21.86],[-13.06,22],[-13.06,22.12],[-13.08,22.26],[-13.08,22.38],[-13.1,22.5],[-13.1,22.56],[-13.16,22.68],[-13.16,22.76],[-13.16,22.82],[-13.12,22.88],[-13.04,23],[-12.9,23.08],[-12.74,23.2],[-12.62,23.28],[-12.56,23.3],[-12.38,23.32],[-12.22,23.38],[-12.08,23.44],[-12.02,23.46],[-12.02,23.58],[-12.02,23.7],[-12.02,23.84],[-12.02,23.98],[-12.02,24.1],[-12.02,24.24],[-12.02,24.38],[-12.02,24.52],[-12.02,24.66],[-12.02,24.78],[-12.02,24.92],[-12.02,25.06],[-12.02,25.2],[-12.02,25.34],[-12.02,25.46],[-12.02,25.6],[-12.02,25.74],[-12.02,25.88],[-12.02,26],[-11.86,26],[-11.68,26],[-11.5,26],[-11.3,26],[-11.12,26],[-10.94,26],[-10.74,26],[-10.56,26],[-10.38,26],[-10.18,26],[-10,26],[-9.82,26],[-9.64,26],[-9.44,26],[-9.26,26],[-9.08,26],[-8.88,26],[-8.68,26],[-8.68,26.1],[-8.68,26.28],[-8.68,26.5],[-8.68,26.72],[-8.68,26.92],[-8.68,27.12],[-8.68,27.28]]}},{"type":"Feature","properties":{"l":0},"geometry":{"type":"LineString","coordinates":[[-8.68,27.28],[-8.5,27.18],[-8.3,27.06],[-8.12,26.96],[-7.94,26.84],[-7.74,26.74],[-7.56,26.62],[-7.36,26.52],[-7.18,26.4],[-7,26.3],[-6.8,26.18],[-6.62,26.06],[-6.42,25.96],[-6.24,25.84],[-6.06,25.74],[-5.86,25.62],[-5.68,25.52],[-5.52,25.42],[-5.28,25.28],[-5.04,25.14],[-4.82,25]]}},{"type":"Feature","properties":{"l":0},"geometry":{"type":"LineString","coordinates":[[-8.68,27.66],[-8.68,27.9],[-8.68,28.12],[-8.68,28.32],[-8.68,28.46],[-8.68,28.62],[-8.68,28.68],[-8.56,28.76],[-8.4,28.88],[-8.34,28.94],[-8.26,28.98],[-8,29.14],[-7.94,29.18],[-7.68,29.34],[-7.62,29.38],[-7.48,29.4],[-7.42,29.42],[-7.34,29.5],[-7.24,29.58],[-7.16,29.62],[-7.1,29.62],[-6.86,29.6],[-6.76,29.58],[-6.64,29.56],[-6.56,29.6],[-6.52,29.66],[-6.52,29.72],[-6.5,29.78],[-6.42,29.82],[-6.36,29.8],[-6.22,29.82],[-6,29.84],[-5.78,29.86],[-5.6,29.92],[-5.44,29.96],[-5.3,30.06],[-5.18,30.16],[-5.06,30.32],[-4.96,30.46],[-4.78,30.56],[-4.62,30.6],[-4.52,30.62],[-4.32,30.7],[-4.14,30.8],[-3.98,30.92],[-3.86,30.92],[-3.7,30.94],[-3.62,31],[-3.62,31.06],[-3.68,31.12],[-3.74,31.14],[-3.82,31.16],[-3.82,31.26],[-3.82,31.3],[-3.78,31.36],[-3.8,31.44],[-3.84,31.52],[-3.84,31.56],[-3.84,31.62],[-3.76,31.68],[-3.7,31.7],[-3.6,31.68],[-3.44,31.7],[-3.02,31.84],[-2.96,31.96],[-2.94,32.04],[-2.88,32.06],[-2.72,32.1],[-2.52,32.12],[-2.44,32.14],[-2.24,32.12],[-2.08,32.12],[-1.82,32.1],[-1.64,32.1],[-1.48,32.1],[-1.28,32.08]]}},{"type":"Feature","properties":{"l":0},"geometry":{"type":"LineString","coordinates":[[-8.68,27.28],[-8.68,27.5],[-8.68,27.66]]}},{"type":"Feature","properties":{"l":0},"geometry":{"type":"LineString","coordinates":[[-12.28,14.8],[-12.4,14.88],[-12.46,14.98],[-12.54,15.04],[-12.66,15.08],[-12.74,15.14],[-12.78,15.18],[-12.82,15.22],[-12.86,15.26],[-12.86,15.34],[-12.94,15.46],[-13,15.5],[-13.04,15.5],[-13.1,15.54],[-13.14,15.6],[-13.2,15.62],[-13.26,15.7],[-13.3,15.86],[-13.34,15.98],[-13.4,16.06],[-13.46,16.1],[-13.5,16.14],[-13.62,16.12],[-13.68,16.12],[-13.72,16.16],[-13.8,16.14],[-13.86,16.14],[-13.94,16.2],[-13.96,16.26],[-13.98,16.32],[-14.08,16.42],[-14.3,16.58],[-14.54,16.66],[-14.78,16.64],[-14.92,16.66],[-15,16.68],[-15.06,16.64],[-15.12,16.64],[-15.22,16.58],[-15.38,16.58],[-15.52,16.56],[-15.62,16.5],[-15.76,16.48],[-15.96,16.5],[-16.08,16.52],[-16.16,16.54],[-16.24,16.54],[-16.3,16.46],[-16.36,16.3],[-16.4,16.22],[-16.48,16.1],[-16.5,15.92],[-16.54,15.84]]}},{"type":"Feature","properties":{"l":0},"geometry":{"type":"LineString","coordinates":[[-4.82,25],[-5.18,25],[-5.64,25],[-5.96,25],[-6.28,25],[-6.6,25],[-6.56,24.76],[-6.54,24.52],[-6.52,24.26],[-6.48,24.02],[-6.46,23.78],[-6.42,23.52],[-6.4,23.28],[-6.36,23.02],[-6.34,22.78],[-6.32,22.52],[-6.28,22.28],[-6.26,22.04],[-6.22,21.78],[-6.2,21.54],[-6.16,21.28],[-6.14,21.04],[-6.12,20.78],[-6.08,20.54],[-6.06,20.3],[-6.02,20.04],[-6,19.8],[-5.96,19.54],[-5.94,19.3],[-5.92,19.04],[-5.88,18.8],[-5.86,18.56],[-5.82,18.3],[-5.8,18.06],[-5.78,17.8],[-5.74,17.56],[-5.72,17.3],[-5.68,17.06],[-5.66,16.8],[-5.62,16.56],[-5.5,16.44],[-5.36,16.28],[-5.4,16.06],[-5.46,15.78],[-5.52,15.5],[-5.72,15.5],[-5.92,15.5],[-6.14,15.5],[-6.34,15.5],[-6.54,15.5],[-6.74,15.5],[-6.94,15.5],[-7.16,15.5],[-7.36,15.5],[-7.56,15.5],[-7.76,15.5],[-7.96,15.5],[-8.18,15.5],[-8.38,15.5],[-8.58,15.5],[-8.78,15.5],[-8.98,15.5],[-9.18,15.5],[-9.3,15.5],[-9.36,15.68],[-9.42,15.62],[-9.44,15.58],[-9.44,15.52],[-9.44,15.46],[-9.58,15.44],[-9.76,15.4],[-9.94,15.38],[-10.12,15.38],[-10.2,15.4],[-10.26,15.42],[-10.42,15.44],[-10.5,15.44],[-10.58,15.44],[-10.7,15.42],[-10.82,15.28],[-10.9,15.16],[-10.94,15.16],[-11,15.22],[-11.16,15.36],[-11.36,15.54],[-11.46,15.62],[-11.6,15.58],[-11.68,15.52],[-11.76,15.42],[-11.8,15.34],[-11.82,15.24],[-11.84,15.12],[-11.88,15],[-11.94,14.88],[-12.02,14.8],[-12.08,14.76],[-12.28,14.8]]}},{"type":"Feature","properties":{"l":0},"geometry":{"type":"LineString","coordinates":[[4.22,19.14],[3.92,19.08],[3.68,19.04],[3.44,19],[3.36,18.98],[3.26,19.02],[3.18,19.08],[3.12,19.1],[3.14,19.22],[3.18,19.26],[3.22,19.34],[3.26,19.42],[3.22,19.48],[3.2,19.56],[3.2,19.72],[3.2,19.78],[3.14,19.86],[3,19.92],[2.86,19.96],[2.8,19.96],[2.66,20],[2.48,20.04],[2.4,20.06],[2.28,20.22],[2.22,20.24],[1.92,20.28],[1.84,20.3],[1.76,20.34],[1.68,20.38],[1.64,20.46],[1.64,20.52],[1.3,20.72],[1.2,20.76],[1.16,20.82],[1.16,20.9],[1.18,20.98],[1.16,21.06],[1,21.2],[0.68,21.42],[0.34,21.62],[0.02,21.84],[-0.32,22.06],[-0.64,22.26],[-0.96,22.48],[-1.3,22.7],[-1.62,22.92],[-1.94,23.12],[-2.28,23.34],[-2.6,23.56],[-2.94,23.76],[-3.26,23.98],[-3.58,24.2],[-3.92,24.4],[-4.24,24.62],[-4.52,24.8],[-4.82,25]]}},{"type":"Feature","properties":{"l":0},"geometry":{"type":"LineString","coordinates":[[4.22,19.14],[4.44,19.18],[4.68,19.22],[5,19.3],[5.36,19.36],[5.74,19.44],[5.84,19.48],[6.14,19.74],[6.26,19.84],[6.52,20.08],[6.74,20.24],[6.98,20.48],[7.26,20.7],[7.48,20.88],[7.82,21.08],[8.34,21.38],[8.86,21.68],[9.38,22],[9.9,22.3],[10.42,22.6],[10.94,22.9],[11.46,23.22],[11.96,23.52]]}},{"type":"Feature","properties":{"l":0},"geometry":{"type":"LineString","coordinates":[[9.52,30.22],[9.46,30.46],[9.4,30.66],[9.36,30.84],[9.28,31.12],[9.22,31.38],[9.16,31.62],[9.1,31.84],[9.04,32.08],[8.84,32.22],[8.68,32.32],[8.52,32.42],[8.34,32.54],[8.3,32.7],[8.22,32.92],[8.12,33.06],[7.88,33.18],[7.76,33.24],[7.7,33.36],[7.62,33.54],[7.54,33.72],[7.5,33.84],[7.5,33.98],[7.52,34.08],[7.56,34.12],[7.74,34.26],[7.84,34.42],[7.94,34.46],[8.04,34.52],[8.12,34.56],[8.2,34.64],[8.24,34.74],[8.26,34.82],[8.28,34.98],[8.32,35.08],[8.4,35.2],[8.36,35.3],[8.32,35.4],[8.32,35.58],[8.32,35.66],[8.28,35.72],[8.24,35.8],[8.24,35.88],[8.28,36.06],[8.3,36.18],[8.34,36.36],[8.34,36.42],[8.2,36.5],[8.24,36.54],[8.36,36.64],[8.44,36.76],[8.5,36.78],[8.6,36.84],[8.6,36.88],[8.58,36.94]]}},{"type":"Feature","properties":{"l":0},"geometry":{"type":"LineString","coordinates":[[23.98,19.5],[23.5,19.74],[23.02,19.96],[22.54,20.2],[22.06,20.44],[21.58,20.68],[21.1,20.92],[20.62,21.16],[20.14,21.38],[19.66,21.62],[19.18,21.86],[18.72,22.1],[18.24,22.34],[17.76,22.58],[17.28,22.8],[16.8,23.04],[16.32,23.28],[15.98,23.44],[15.62,23.28],[15.34,23.16],[14.98,23]]}},{"type":"Feature","properties":{"l":0},"geometry":{"type":"LineString","coordinates":[[24.98,22],[24.98,21.5],[24.98,21],[24.98,20.5],[24.98,20],[24.72,20],[24.48,20],[24.22,20],[23.98,20],[23.98,19.88],[23.98,19.74],[23.98,19.62],[23.98,19.5]]}},{"type":"Feature","properties":{"l":0},"geometry":{"type":"LineString","coordinates":[[25.16,31.66],[25.06,31.56],[25.02,31.52],[24.92,31.42],[24.86,31.34],[24.86,31.2],[24.88,31.06],[24.92,30.92],[24.98,30.78],[24.96,30.68],[24.92,30.56],[24.88,30.46],[24.72,30.26],[24.7,30.2],[24.72,30.14],[24.8,29.88],[24.82,29.8],[24.86,29.58],[24.92,29.38],[24.98,29.22],[24.98,28.96],[24.98,28.74],[24.98,28.5],[24.98,28.28],[24.98,28.06],[24.98,27.84],[24.98,27.6],[24.98,27.38],[24.98,27.16],[24.98,26.94],[24.98,26.72],[24.98,26.48],[24.98,26.26],[24.98,26.04],[24.98,25.82],[24.98,25.58],[24.98,25.36],[24.98,25.14],[24.98,24.92],[24.98,24.7],[24.98,24.46],[24.98,24.24],[24.98,24.02],[24.98,23.8],[24.98,23.56],[24.98,23.34],[24.98,23.12],[24.98,22.9],[24.98,22.66],[24.98,22.44],[24.98,22.22],[24.98,22]]}},{"type":"Feature","properties":{"l":0},"geometry":{"type":"LineString","coordinates":[[22.86,10.92],[22.9,11.02],[22.94,11.2],[22.94,11.26],[22.92,11.34],[22.84,11.4],[22.78,11.4],[22.7,11.48],[22.64,11.52],[22.6,11.58],[22.56,11.66],[22.58,12],[22.48,12.04],[22.48,12.12],[22.44,12.32],[22.4,12.46],[22.42,12.54],[22.36,12.66],[22.24,12.7],[22.12,12.7],[22,12.68],[21.92,12.68],[21.88,12.7],[21.84,12.74],[21.82,12.8],[21.84,12.86],[21.9,13],[22,13.12],[22.16,13.22],[22.2,13.26],[22.22,13.32],[22.24,13.4],[22.22,13.48],[22.2,13.54],[22.16,13.62],[22.1,13.74],[22.1,13.8],[22.12,13.86],[22.18,13.92],[22.26,13.98],[22.34,14.02],[22.38,14.06],[22.5,14.12],[22.52,14.2],[22.44,14.28],[22.44,14.34],[22.42,14.44],[22.4,14.5],[22.42,14.58],[22.46,14.64],[22.54,14.66],[22.64,14.68],[22.68,14.72],[22.68,14.78],[22.68,14.86],[22.72,14.9],[22.76,15],[22.8,15.04],[22.86,15.1],[22.94,15.16],[22.96,15.24],[22.96,15.32],[22.94,15.54],[23,15.62],[23.1,15.7],[23.24,15.7],[23.46,15.72],[23.6,15.74],[23.7,15.74],[23.94,15.7],[23.98,15.78],[23.98,15.92],[23.98,16.38],[23.98,16.82],[23.98,17.26],[23.98,17.72],[23.98,18.16],[23.98,18.6],[23.98,19.06],[23.98,19.5]]}},{"type":"Feature","properties":{"l":0},"geometry":{"type":"LineString","coordinates":[[24.98,22],[25.36,22],[25.74,22],[26.12,22],[26.5,22],[26.9,22],[27.28,22],[27.66,22],[28.04,22],[28.42,22],[28.8,22],[29.18,22],[29.56,22],[29.94,22],[30.32,22],[30.72,22],[31.1,22],[31.2,22],[31.26,22],[31.36,22.18],[31.46,22.2],[31.46,22.08],[31.44,22],[31.62,22],[31.94,22],[32.28,22],[32.6,22],[32.94,22],[33.26,22],[33.6,22],[33.92,22],[34.24,22],[34.58,22],[34.9,22],[35.24,22],[35.56,22],[35.88,22],[36.22,22],[36.54,22],[36.88,22]]}},{"type":"Feature","properties":{"l":0},"geometry":{"type":"LineString","coordinates":[[41.88,3.98],[41.76,3.8],[41.62,3.6],[41.34,3.2],[41.14,3],[40.98,2.84],[40.96,2.64],[40.96,2.22],[40.96,1.8],[40.98,1.38],[40.98,0.96],[40.98,0.54],[40.98,0.12],[40.98,-0.3],[40.98,-0.72],[40.98,-0.88],[41.12,-1.04],[41.24,-1.22],[41.42,-1.44],[41.52,-1.58],[41.54,-1.7]]}},{"type":"Feature","properties":{"l":0},"geometry":{"type":"LineString","coordinates":[[42.92,11],[42.86,10.9],[42.8,10.84],[42.76,10.78],[42.66,10.62],[42.66,10.56],[42.72,10.5],[42.78,10.36],[42.82,10.26],[42.84,10.2],[42.92,10.14],[43.02,10.02],[43.06,9.92],[43.18,9.88],[43.22,9.78],[43.3,9.6],[43.4,9.48],[43.48,9.38],[43.58,9.34],[43.82,9.16],[43.98,9],[44.3,8.9],[44.64,8.78],[44.9,8.7],[45.22,8.6],[45.56,8.48],[45.86,8.38],[46.3,8.24],[46.64,8.12],[46.92,8.02],[46.98,8],[47.3,8],[47.64,8],[47.98,8]]}},{"type":"Feature","properties":{"l":0},"geometry":{"type":"LineString","coordinates":[[30.76,-8.2],[30.58,-8.22],[30.32,-8.26],[30.06,-8.3],[29.76,-8.34],[29.48,-8.38],[29.22,-8.42],[28.98,-8.46],[28.9,-8.48],[28.94,-8.6],[28.92,-8.7],[28.86,-8.78],[28.8,-8.9],[28.76,-8.94],[28.68,-9.02],[28.62,-9.08],[28.48,-9.16],[28.4,-9.22],[28.4,-9.28],[28.54,-9.52],[28.6,-9.68],[28.64,-9.84],[28.62,-9.92],[28.62,-10.1],[28.62,-10.32],[28.6,-10.4],[28.64,-10.56],[28.64,-10.66],[28.54,-10.8],[28.52,-10.94],[28.48,-11.1],[28.4,-11.36],[28.36,-11.48],[28.38,-11.56],[28.4,-11.62],[28.44,-11.7],[28.48,-11.82],[28.54,-11.88],[28.76,-12.06],[28.86,-12.12],[28.98,-12.26],[29.06,-12.34],[29.2,-12.38],[29.34,-12.4],[29.42,-12.44],[29.48,-12.42],[29.5,-12.32],[29.5,-12.26],[29.56,-12.2],[29.7,-12.2],[29.74,-12.16],[29.8,-12.3],[29.8,-12.46],[29.8,-12.62],[29.8,-12.82],[29.8,-13],[29.8,-13.16],[29.8,-13.36],[29.78,-13.44],[29.72,-13.46],[29.66,-13.42],[29.64,-13.3],[29.6,-13.26],[29.48,-13.26],[29.38,-13.32],[29.26,-13.38],[29.2,-13.4],[29.12,-13.4],[29.02,-13.36],[28.94,-13.3],[28.92,-13.22],[28.86,-13.12],[28.78,-12.98],[28.74,-12.92],[28.68,-12.86],[28.62,-12.86],[28.56,-12.84],[28.52,-12.74],[28.48,-12.62],[28.46,-12.58],[28.42,-12.52],[28.36,-12.48],[28.24,-12.44],[28.06,-12.36],[27.86,-12.28],[27.76,-12.28],[27.64,-12.26],[27.58,-12.22],[27.54,-12.2],[27.48,-12.08],[27.42,-11.94],[27.24,-11.78],[27.2,-11.6],[27.1,-11.6],[27.04,-11.62],[27.02,-11.66],[26.98,-11.82],[26.94,-11.9],[26.9,-11.94],[26.82,-11.96],[26.72,-11.98],[26.6,-11.98],[26.42,-11.94],[26.34,-11.92],[26.1,-11.9],[26.02,-11.9],[25.92,-11.86],[25.86,-11.82],[25.62,-11.74],[25.52,-11.76],[25.46,-11.7],[25.42,-11.68],[25.34,-11.62],[25.32,-11.56],[25.28,-11.4],[25.3,-11.32],[25.32,-11.24],[25.24,-11.22],[25.18,-11.24],[25.08,-11.26],[24.88,-11.3],[24.8,-11.32],[24.72,-11.34],[24.66,-11.36],[24.52,-11.44],[24.46,-11.44],[24.38,-11.42],[24.34,-11.38],[24.38,-11.32],[24.4,-11.26],[24.36,-11.12],[24.32,-11.08],[24.18,-11.04],[24.14,-11.02],[24.12,-10.96],[24.08,-10.9],[24,-10.88],[23.96,-10.88]]}},{"type":"Feature","properties":{"l":0},"geometry":{"type":"LineString","coordinates":[[23.38,-17.64],[23.18,-17.48],[22.96,-17.28],[22.72,-17.08],[22.54,-16.92],[22.46,-16.82],[22.3,-16.68],[22.2,-16.62],[22.16,-16.6],[22.04,-16.26],[21.98,-15.96],[21.98,-15.72],[21.98,-15.4],[21.98,-15.08],[21.98,-14.76],[21.98,-14.44],[21.98,-14.12],[21.98,-13.8],[21.98,-13.48],[21.98,-13.16],[21.98,-13],[22.2,-13],[22.48,-13],[22.74,-13],[23.04,-13],[23.34,-13],[23.64,-13],[23.84,-13],[23.9,-13],[23.96,-12.98],[23.88,-12.8],[23.88,-12.74],[23.9,-12.64],[23.94,-12.54],[24,-12.42],[24,-12.36],[23.96,-12.12],[23.96,-11.98],[23.98,-11.86],[23.98,-11.72],[23.98,-11.64],[23.98,-11.58],[24.02,-11.52],[24.02,-11.44],[24.04,-11.38],[24.02,-11.32],[24.02,-11.18],[23.98,-11],[23.96,-10.88]]}},{"type":"Feature","properties":{"l":0},"geometry":{"type":"LineString","coordinates":[[33.9,-1],[33.9,-0.84],[33.92,-0.4],[33.92,-0.02],[33.94,0.18],[34.04,0.3],[34.08,0.38],[34.12,0.5],[34.16,0.6],[34.28,0.68],[34.42,0.86],[34.48,1.04],[34.54,1.1],[34.6,1.16],[34.64,1.18],[34.72,1.22],[34.78,1.24],[34.78,1.38],[34.86,1.48],[34.9,1.56],[34.94,1.6],[34.96,1.64],[34.98,1.72],[34.98,1.78],[34.98,1.86],[34.96,2.06],[34.92,2.24],[34.88,2.42],[34.9,2.48],[34.86,2.58],[34.82,2.62],[34.78,2.72],[34.74,2.82],[34.58,2.92],[34.52,3.12],[34.44,3.16],[34.4,3.36],[34.4,3.42],[34.44,3.6],[34.4,3.7],[34.26,3.74],[34.16,3.82],[34.18,3.86],[34.14,3.88],[33.98,4.22]]}},{"type":"Feature","properties":{"l":0},"geometry":{"type":"LineString","coordinates":[[33.9,-1],[33.98,-1],[34.06,-1.04],[34.14,-1.08],[34.34,-1.2],[34.56,-1.32],[34.78,-1.44],[34.98,-1.56],[35.2,-1.68],[35.42,-1.8],[35.62,-1.92],[35.84,-2.04],[36.06,-2.16],[36.26,-2.28],[36.48,-2.4],[36.68,-2.52],[36.9,-2.64],[37.12,-2.76],[37.32,-2.86],[37.54,-2.98],[37.64,-3.04],[37.68,-3.18],[37.68,-3.24],[37.68,-3.3],[37.62,-3.4],[37.6,-3.46],[37.62,-3.52],[37.72,-3.54],[37.76,-3.64],[37.8,-3.68],[37.88,-3.74],[38.04,-3.84],[38.2,-3.96],[38.34,-4.08],[38.5,-4.18],[38.66,-4.3],[38.8,-4.4],[38.96,-4.52],[39.12,-4.62],[39.2,-4.68],[39.22,-4.7]]}},{"type":"Feature","properties":{"l":0},"geometry":{"type":"LineString","coordinates":[[11.32,2.16],[11.1,2.16],[10.8,2.16],[10.5,2.16],[10.3,2.16],[9.98,2.16],[9.88,2.22],[9.84,2.28],[9.8,2.3]]}},{"type":"Feature","properties":{"l":0},"geometry":{"type":"LineString","coordinates":[[11.32,2.16],[11.34,1.94],[11.34,1.74],[11.34,1.52],[11.34,1.3],[11.34,1.12],[11.34,1],[11.14,1],[10.86,1],[10.58,1],[10.32,1],[10.18,1],[10.02,1],[9.94,0.96],[9.86,0.98],[9.8,1],[9.76,1.08],[9.7,1.08],[9.64,1.04],[9.6,1.04]]}},{"type":"Feature","properties":{"l":0},"geometry":{"type":"LineString","coordinates":[[25.26,-17.8],[24.9,-17.82],[24.8,-17.86],[24.54,-18.06],[24.48,-18.02],[24.42,-17.98],[24.36,-17.98],[24.24,-18.02],[24.12,-18.08],[24,-18.16],[23.9,-18.22],[23.86,-18.26],[23.7,-18.42],[23.64,-18.44],[23.58,-18.46],[23.56,-18.38],[23.46,-18.24],[23.3,-18.02],[23.26,-18],[23.1,-18],[22.76,-18.06],[22.46,-18.12],[22.02,-18.2],[21.52,-18.26],[21.24,-18.3],[20.98,-18.32],[20.98,-18.52],[20.98,-18.92],[20.98,-19.34],[20.98,-19.74],[20.98,-20.16],[20.98,-20.56],[20.98,-20.96],[20.98,-21.38],[20.98,-21.78],[20.98,-21.96],[20.82,-22],[20.48,-22],[20.2,-22],[19.98,-22],[19.98,-22.24],[19.98,-22.52],[19.98,-22.82],[19.98,-23.1],[19.98,-23.38],[19.98,-23.68],[19.98,-23.96],[19.98,-24.24],[19.98,-24.54],[19.98,-24.76]]}},{"type":"Feature","properties":{"l":0},"geometry":{"type":"LineString","coordinates":[[19.98,-24.78],[19.98,-25.2],[19.98,-25.64],[19.98,-26.08],[19.98,-26.54],[19.98,-26.98],[19.98,-27.42],[19.98,-27.86],[19.98,-28.32],[19.98,-28.46],[19.88,-28.44],[19.68,-28.5],[19.54,-28.58],[19.48,-28.66],[19.4,-28.72],[19.32,-28.74],[19.28,-28.78],[19.28,-28.84],[19.24,-28.9],[19.16,-28.94],[19.02,-28.92],[18.84,-28.86],[18.6,-28.86],[18.32,-28.88],[18.1,-28.88],[17.98,-28.82],[17.84,-28.78],[17.7,-28.76],[17.62,-28.74],[17.44,-28.7],[17.42,-28.62],[17.4,-28.56],[17.34,-28.5],[17.38,-28.42],[17.38,-28.36],[17.36,-28.26],[17.32,-28.22],[17.24,-28.24],[17.2,-28.2],[17.18,-28.14],[17.14,-28.08],[17.06,-28.04],[16.94,-28.06],[16.88,-28.12],[16.84,-28.22],[16.82,-28.26],[16.8,-28.34],[16.78,-28.4],[16.76,-28.46],[16.68,-28.46],[16.62,-28.48],[16.48,-28.58],[16.44,-28.62]]}},{"type":"Feature","properties":{"l":0},"geometry":{"type":"LineString","coordinates":[[19.98,-24.76],[19.98,-24.78]]}},{"type":"Feature","properties":{"l":0},"geometry":{"type":"LineString","coordinates":[[0.9,11],[0.88,10.88],[0.82,10.76],[0.78,10.72],[0.76,10.38],[0.96,10.24],[1.18,10.1],[1.34,10],[1.34,9.76],[1.34,9.56],[1.38,9.46],[1.38,9.36],[1.42,9.28],[1.56,9.14],[1.6,9.06],[1.6,8.78],[1.6,8.56],[1.62,8.28],[1.62,8.04],[1.62,7.72],[1.62,7.36],[1.62,7],[1.54,7],[1.58,6.88],[1.6,6.78],[1.58,6.68],[1.6,6.62],[1.74,6.42],[1.78,6.3],[1.62,6.26],[1.62,6.22]]}},{"type":"Feature","properties":{"l":0},"geometry":{"type":"LineString","coordinates":[[42.8,16.38],[42.98,16.5],[43.04,16.56],[43.1,16.66],[43.16,16.68],[43.18,16.78],[43.14,16.84],[43.12,16.94],[43.12,17.06],[43.14,17.12],[43.16,17.2],[43.22,17.24],[43.18,17.32],[43.3,17.46],[43.34,17.48],[43.42,17.52],[43.48,17.52],[43.54,17.5],[43.6,17.48],[43.66,17.42],[43.72,17.36],[43.8,17.34],[43.86,17.34],[43.92,17.32],[44,17.36],[44.08,17.36],[44.16,17.4],[44.36,17.42],[44.54,17.4],[44.74,17.44],[44.94,17.42],[45.14,17.42],[45.24,17.4],[45.4,17.32],[45.54,17.3],[45.8,17.28],[46.08,17.26],[46.32,17.24],[46.52,17.26],[46.68,17.26],[46.78,17.22],[46.88,17.08],[46.98,16.96],[47.14,16.94],[47.26,17],[47.36,17.06],[47.44,17.12],[47.52,17.32],[47.58,17.44],[47.7,17.6],[47.8,17.72],[47.94,17.88],[48.02,17.98],[48.18,18.16],[48.32,18.22],[48.6,18.36],[48.86,18.5],[49.04,18.58],[49.2,18.62],[49.44,18.66],[49.74,18.7],[50.04,18.74],[50.36,18.78],[50.7,18.82],[50.94,18.86],[51.26,18.9],[51.52,18.94],[51.74,18.96],[51.98,19]]}},{"type":"Feature","properties":{"l":0},"geometry":{"type":"LineString","coordinates":[[51.98,19],[52.02,18.9],[52.06,18.8],[52.12,18.7],[52.16,18.6],[52.2,18.5],[52.24,18.4],[52.28,18.3],[52.34,18.2],[52.38,18.1],[52.42,18],[52.46,17.9],[52.5,17.8],[52.56,17.7],[52.6,17.6],[52.64,17.5],[52.68,17.4],[52.72,17.3],[52.8,17.26],[52.84,17.18],[52.9,17.04],[52.96,16.92],[53.02,16.78],[53.08,16.64]]}},{"type":"Feature","properties":{"l":0},"geometry":{"type":"LineString","coordinates":[[55.18,22.7],[55.26,22.6],[55.32,22.5],[55.4,22.36],[55.5,22.24],[55.58,22.1],[55.64,22],[55.6,21.9],[55.58,21.78],[55.54,21.68],[55.5,21.56],[55.46,21.46],[55.42,21.34],[55.38,21.24],[55.36,21.12],[55.32,21.02],[55.28,20.9],[55.24,20.8],[55.2,20.68],[55.16,20.58],[55.14,20.46],[55.1,20.36],[55.06,20.24],[55.02,20.12],[54.98,20],[54.88,19.96],[54.7,19.9],[54.52,19.84],[54.36,19.78],[54.18,19.74],[54.02,19.68],[53.84,19.62],[53.66,19.56],[53.5,19.5],[53.32,19.44],[53.16,19.38],[52.98,19.32],[52.8,19.28],[52.64,19.22],[52.46,19.16],[52.3,19.1],[52.12,19.04],[51.98,19]]}},{"type":"Feature","properties":{"l":0},"geometry":{"type":"LineString","coordinates":[[55.18,22.7],[55.12,22.62],[55.02,22.64],[54.92,22.64],[54.8,22.66],[54.66,22.68],[54.48,22.7],[54.28,22.72],[54.06,22.74],[53.84,22.78],[53.6,22.8],[53.4,22.84],[53.2,22.86],[53.02,22.88],[52.86,22.9],[52.74,22.92],[52.66,22.92],[52.56,22.94],[52.5,22.98],[52.46,23.06],[52.4,23.12],[52.34,23.18],[52.28,23.24],[52.24,23.32],[52.18,23.38],[52.12,23.44],[52.06,23.52],[52.02,23.58],[51.96,23.64],[51.9,23.7],[51.84,23.78],[51.8,23.84],[51.74,23.9],[51.68,23.96],[51.62,24.04],[51.6,24.08],[51.58,24.12],[51.56,24.26],[51.56,24.28]]}},{"type":"Feature","properties":{"l":0},"geometry":{"type":"LineString","coordinates":[[42.36,37.1],[42.24,36.96],[42.08,36.82],[41.98,36.74],[41.78,36.6],[41.66,36.56],[41.42,36.52],[41.36,36.46],[41.3,36.38],[41.26,36.28],[41.26,36.2],[41.24,36.08],[41.3,35.94],[41.36,35.8],[41.36,35.72],[41.36,35.64],[41.3,35.56],[41.24,35.42],[41.22,35.28],[41.2,35.02],[41.2,34.8],[41.1,34.62],[40.98,34.42],[40.94,34.38],[40.68,34.34],[40.42,34.2],[40.12,34.04],[39.86,33.92],[39.56,33.76],[39.26,33.62],[39.06,33.52],[38.78,33.38]]}},{"type":"Feature","properties":{"l":0},"geometry":{"type":"LineString","coordinates":[[35.78,32.74],[35.9,32.72],[35.96,32.66],[36.06,32.54],[36.22,32.5],[36.28,32.46],[36.38,32.38],[36.48,32.36],[36.82,32.32],[37.08,32.46],[37.32,32.6],[37.58,32.74],[37.76,32.82],[38.06,33],[38.26,33.1],[38.52,33.24],[38.78,33.38]]}},{"type":"Feature","properties":{"l":0},"geometry":{"type":"LineString","coordinates":[[35.62,32.68],[35.74,32.72],[35.78,32.74]]}},{"type":"Feature","properties":{"l":0},"geometry":{"type":"LineString","coordinates":[[39.14,32.12],[39.3,32.24],[39.24,32.36],[39.14,32.34],[39.04,32.3],[38.98,32.48],[39.06,32.5],[38.98,32.72],[38.92,32.94],[38.84,33.16],[38.78,33.38]]}},{"type":"Feature","properties":{"l":0},"geometry":{"type":"LineString","coordinates":[[34.96,29.36],[35.16,29.32],[35.34,29.3],[35.6,29.26],[35.86,29.22],[36.02,29.2],[36.06,29.2],[36.28,29.36],[36.48,29.5],[36.6,29.66],[36.7,29.84],[36.76,29.86],[36.92,29.9],[37.2,29.94],[37.46,30],[37.56,30.14],[37.64,30.32],[37.66,30.34],[37.86,30.44],[37.98,30.5],[37.82,30.66],[37.66,30.82],[37.48,31],[37.32,31.14],[37.1,31.36],[36.96,31.5],[37.22,31.56],[37.5,31.62],[37.78,31.7],[38.12,31.78],[38.38,31.84],[38.76,31.94],[38.96,32],[39.14,32.12]]}},{"type":"Feature","properties":{"l":0},"geometry":{"type":"LineString","coordinates":[[46.54,29.1],[46.36,29.06],[45.94,29.1],[45.5,29.14],[45.06,29.16],[44.72,29.2],[44.36,29.44],[44.1,29.62],[43.78,29.84],[43.44,30.08],[43.1,30.32],[42.86,30.5],[42.56,30.72],[42.28,30.92],[42.08,31.08],[41.8,31.22],[41.58,31.32],[41.28,31.48],[41.02,31.62],[40.8,31.72],[40.48,31.9],[40.36,31.94],[40.02,32],[39.7,32.04],[39.36,32.1],[39.14,32.12]]}},{"type":"Feature","properties":{"l":0},"geometry":{"type":"LineString","coordinates":[[61.58,25.2],[61.62,25.28],[61.64,25.58],[61.68,25.7],[61.66,25.76],[61.74,25.82],[61.78,26],[61.82,26.16],[61.84,26.22],[62.08,26.32],[62.12,26.36],[62.24,26.36],[62.26,26.42],[62.32,26.5],[62.38,26.54],[62.44,26.56],[62.64,26.6],[62.76,26.64],[63.1,26.64],[63.16,26.64],[63.18,26.84],[63.24,26.86],[63.24,27],[63.24,27.08],[63.3,27.12],[63.26,27.2],[63.2,27.24],[62.92,27.22],[62.82,27.22],[62.76,27.26],[62.76,27.3],[62.76,27.36],[62.8,27.44],[62.82,27.5],[62.78,27.8],[62.74,28],[62.76,28.2],[62.74,28.26],[62.56,28.24],[62.44,28.36],[62.36,28.42],[62.14,28.48],[62.04,28.5],[61.88,28.54],[61.76,28.66],[61.62,28.8],[61.56,28.88],[61.5,29],[61.34,29.26],[61.34,29.34],[61.16,29.54],[61.04,29.66],[60.84,29.86]]}},{"type":"Feature","properties":{"l":0},"geometry":{"type":"LineString","coordinates":[[60.84,29.86],[61.1,30.12],[61.34,30.36],[61.56,30.6],[61.78,30.84],[61.82,30.92],[61.82,31.08],[61.76,31.28],[61.66,31.38],[61.34,31.42],[61.12,31.46],[60.86,31.48],[60.8,31.66],[60.8,31.74],[60.78,31.88],[60.78,31.98],[60.82,32.16],[60.82,32.24],[60.72,32.6],[60.64,32.8],[60.58,33],[60.56,33.06],[60.56,33.14],[60.72,33.32],[60.76,33.36],[60.86,33.46],[60.92,33.5],[60.8,33.56],[60.66,33.56],[60.58,33.58],[60.52,33.64],[60.48,33.72],[60.52,33.84],[60.48,34.1],[60.58,34.22],[60.64,34.3],[60.88,34.32],[60.8,34.42],[60.76,34.48],[60.72,34.52],[60.8,34.56],[60.84,34.58],[60.92,34.64],[60.96,34.72],[61,34.74],[61.04,34.8],[61.08,34.86],[61.08,34.92],[61.1,35],[61.12,35.06],[61.14,35.1],[61.12,35.16],[61.1,35.2],[61.1,35.28],[61.18,35.32],[61.2,35.36],[61.22,35.42],[61.24,35.48],[61.28,35.52],[61.26,35.62]]}},{"type":"Feature","properties":{"l":0},"geometry":{"type":"LineString","coordinates":[[73.74,36.88],[73.9,36.86],[74,36.82],[74.2,36.9],[74.44,36.98],[74.54,37.02]]}},{"type":"Feature","properties":{"l":0},"geometry":{"type":"LineString","coordinates":[[60.84,29.86],[61.22,29.74],[61.52,29.66],[62,29.54],[62.38,29.42],[62.48,29.4],[63.56,29.5],[63.98,29.44],[64.1,29.4],[64.18,29.46],[64.26,29.5],[64.4,29.54],[64.52,29.56],[64.7,29.56],[64.82,29.56],[64.92,29.56],[65.1,29.56],[65.18,29.58],[65.48,29.66],[65.66,29.7],[65.96,29.78],[66.18,29.84],[66.24,29.86],[66.28,29.92],[66.32,29.96],[66.24,30.04],[66.24,30.1],[66.28,30.2],[66.3,30.32],[66.3,30.5],[66.28,30.6],[66.34,30.8],[66.4,30.92],[66.5,30.96],[66.56,31],[66.62,31.04],[66.74,31.2],[66.82,31.26],[66.92,31.3],[67.02,31.3],[67.12,31.24],[67.28,31.22],[67.46,31.24],[67.6,31.28],[67.66,31.32],[67.74,31.34],[67.64,31.4],[67.6,31.46],[67.58,31.5],[67.62,31.54],[67.74,31.54],[68.02,31.68],[68.14,31.76],[68.16,31.8],[68.22,31.8],[68.32,31.76],[68.44,31.76],[68.52,31.8],[68.6,31.8],[68.68,31.76],[68.72,31.7],[68.78,31.64],[68.86,31.64],[68.98,31.66],[69.08,31.74],[69.18,31.84],[69.28,31.94],[69.26,32.24],[69.24,32.44],[69.28,32.54],[69.36,32.6],[69.4,32.68],[69.4,32.76],[69.46,32.84],[69.5,33.02],[69.56,33.06],[69.7,33.1],[69.92,33.12],[70.1,33.2],[70.26,33.28],[70.28,33.36],[70.22,33.46],[70.14,33.62],[70.06,33.72],[69.86,33.9],[69.88,34],[70,34.06],[70.26,33.98],[70.32,33.96],[70.42,33.96],[70.66,33.96],[70.84,33.98],[71.06,34.04],[71.1,34.12],[71.08,34.2],[71.1,34.28],[71.1,34.36],[71.02,34.44],[70.98,34.48],[71.02,34.56],[71.06,34.6],[71.12,34.68],[71.22,34.78],[71.3,34.86],[71.36,34.9],[71.46,34.96],[71.52,35.06],[71.54,35.1],[71.6,35.16],[71.6,35.22],[71.54,35.28],[71.58,35.38],[71.58,35.46],[71.58,35.54],[71.52,35.6],[71.48,35.72],[71.42,35.84],[71.4,35.88],[71.34,35.94],[71.22,36],[71.18,36.04],[71.24,36.12],[71.32,36.18],[71.46,36.3],[71.54,36.38],[71.62,36.44],[71.72,36.42],[71.78,36.44],[71.82,36.48],[71.92,36.54],[72.1,36.64],[72.16,36.7],[72.24,36.74],[72.32,36.74],[72.44,36.76],[72.54,36.8],[72.62,36.82],[72.76,36.84],[73,36.86],[73.12,36.86],[73.42,36.88],[73.74,36.88]]}},{"type":"Feature","properties":{"l":0},"geometry":{"type":"LineString","coordinates":[[70.94,42.24],[70.86,42.2],[70.76,42.2],[70.72,42.16],[70.66,42.1],[70.62,42.06],[70.54,42.04],[70.48,42.08],[70.42,42.08],[70.32,42.02],[70.22,41.94],[70.1,41.82],[69.96,41.76],[69.78,41.7],[69.66,41.68],[69.56,41.62],[69.4,41.54],[69.36,41.5],[69.24,41.46],[69.16,41.42],[69.06,41.36],[69.04,41.26],[68.98,41.2],[68.86,41.12],[68.74,41.04],[68.66,40.96],[68.58,40.88],[68.56,40.82],[68.56,40.76],[68.6,40.72],[68.6,40.66],[68.5,40.6],[68.42,40.62],[68.3,40.66],[68.16,40.72],[68.12,40.76],[68.04,40.8],[68.06,40.86],[68.1,40.96],[68.12,41.02],[68.06,41.06],[68.02,41.1],[67.94,41.2],[67.86,41.18],[67.8,41.16],[67.74,41.18],[67.52,41.18],[67.38,41.16],[67.22,41.16],[67.04,41.16],[66.82,41.14],[66.74,41.16],[66.66,41.28],[66.64,41.34],[66.6,41.5],[66.58,41.6],[66.54,41.74],[66.52,41.88],[66.5,42],[66.32,42],[66.2,42],[66,42],[66.02,42.08],[66.02,42.2],[66.02,42.32],[66.04,42.48],[66.06,42.6],[66.08,42.76],[66.08,42.88],[66.1,43],[66,42.96],[65.9,42.92],[65.8,42.88],[65.74,42.98],[65.68,43.06],[65.58,43.2],[65.5,43.32],[65.36,43.38],[65.28,43.42],[65.18,43.5],[65.08,43.58],[65,43.64],[64.9,43.72],[64.82,43.7],[64.7,43.66],[64.6,43.62],[64.5,43.58],[64.44,43.56],[64.32,43.56],[64.2,43.56],[64.02,43.58],[63.84,43.58],[63.68,43.6],[63.44,43.62],[63.2,43.62],[63.04,43.6],[62.84,43.58],[62.64,43.56],[62.46,43.54],[62.24,43.5],[62.08,43.48],[62,43.5],[61.88,43.58],[61.72,43.72],[61.62,43.8],[61.52,43.88],[61.38,44],[61.28,44.08],[61.16,44.16],[61.1,44.24],[61.06,44.34],[61,44.4],[60.88,44.46],[60.74,44.52],[60.6,44.58],[60.46,44.66],[60.32,44.72],[60.18,44.78],[60.06,44.84],[59.92,44.92],[59.78,44.98],[59.64,45.04],[59.5,45.12],[59.36,45.18],[59.22,45.24],[59.08,45.32],[58.94,45.38],[58.8,45.44],[58.66,45.5],[58.56,45.56],[58.44,45.54],[58.3,45.5],[58.12,45.48],[57.96,45.44],[57.66,45.38],[57.48,45.34],[57.32,45.3],[57.18,45.26],[56.96,45.22],[56.8,45.18],[56.58,45.14],[56.4,45.1],[56.26,45.06],[56.1,45.02],[55.98,45],[55.98,44.76],[55.98,44.54],[55.98,44.3],[55.98,44.08],[55.98,43.84],[55.98,43.62],[55.98,43.38],[55.98,43.16],[55.98,42.92],[55.98,42.7],[55.98,42.46],[55.98,42.24],[55.98,42.02],[55.98,41.78],[55.98,41.56],[55.98,41.32]]}},{"type":"Feature","properties":{"l":0},"geometry":{"type":"LineString","coordinates":[[13.6,13.7],[13.5,14.14],[13.44,14.38],[13.52,14.46],[13.64,14.64],[13.8,14.96],[14.18,15.48],[14.36,15.76],[14.74,16.14],[15.22,16.64],[15.48,16.9],[15.52,17.4],[15.56,17.94],[15.6,18.34],[15.64,18.82],[15.68,19.2],[15.7,19.5],[15.74,19.9],[15.76,19.98],[15.94,20.3],[15.92,20.4],[15.66,20.68],[15.58,20.74],[15.54,20.88],[15.6,20.96],[15.3,21.42],[15.22,21.46],[15.18,21.52],[15.18,21.6],[15.18,21.92],[15.08,22.42],[14.98,23]]}},{"type":"Feature","properties":{"l":0},"geometry":{"type":"LineString","coordinates":[[11.96,23.52],[12.48,23.4],[12.98,23.3],[13.48,23.18],[13.6,23.12],[13.86,22.9],[14.2,22.62],[14.56,22.78],[14.98,23]]}},{"type":"Feature","properties":{"l":0},"geometry":{"type":"LineString","coordinates":[[0.22,14.92],[0.22,14.96],[0.28,14.98],[0.44,14.98],[0.72,14.96],[0.94,14.98],[1.12,15.12],[1.3,15.28],[1.56,15.28],[1.86,15.3],[2.08,15.3],[2.42,15.32],[2.68,15.32],[3,15.34],[3.02,15.4],[3.06,15.42],[3.28,15.4],[3.5,15.36],[3.52,15.48],[3.7,15.64],[3.82,15.68],[3.88,15.76],[3.9,15.84],[3.9,15.9],[3.94,15.94],[3.98,16.04],[4.02,16.2],[4.12,16.36],[4.18,16.58],[4.2,16.8],[4.2,16.96],[4.24,17.28],[4.24,17.58],[4.24,17.84],[4.24,18.14],[4.24,18.42],[4.22,18.7],[4.22,18.96],[4.22,19.14]]}},{"type":"Feature","properties":{"l":0},"geometry":{"type":"LineString","coordinates":[[-0.06,11.12],[-0.3,11.16],[-0.34,11.08],[-0.44,11.1],[-0.5,11],[-0.54,10.98],[-0.6,10.96],[-0.64,10.92],[-0.7,10.98],[-0.78,11],[-0.9,10.98],[-0.96,11],[-1.04,11.02],[-1.24,11],[-1.54,11.02],[-1.58,11],[-1.9,11],[-2.24,11],[-2.5,10.98],[-2.76,10.98],[-2.82,11],[-2.9,10.72],[-2.92,10.6],[-2.88,10.5],[-2.84,10.46],[-2.8,10.44],[-2.82,10.36],[-2.78,10.28],[-2.78,10.2],[-2.78,10.08],[-2.76,9.9],[-2.74,9.8],[-2.78,9.74],[-2.76,9.66],[-2.7,9.54],[-2.7,9.48]]}},{"type":"Feature","properties":{"l":0},"geometry":{"type":"LineString","coordinates":[[-13.3,9.04],[-13.24,9.08],[-13.18,9.06],[-13.12,9.04],[-13.08,9.06],[-13.02,9.1],[-13,9.14],[-12.96,9.26],[-12.84,9.3],[-12.76,9.38],[-12.68,9.48],[-12.66,9.56],[-12.6,9.64],[-12.56,9.7],[-12.52,9.78],[-12.5,9.86],[-12.42,9.9],[-12.28,9.92],[-12.14,9.88],[-11.92,9.92],[-11.92,10],[-11.72,10],[-11.48,10],[-11.28,10],[-11.2,9.98],[-11.18,9.92],[-11.12,9.84],[-11.04,9.78],[-10.96,9.66],[-10.86,9.52],[-10.76,9.38],[-10.7,9.32],[-10.68,9.26],[-10.72,9.2],[-10.74,9.12],[-10.62,9.06],[-10.6,8.98],[-10.6,8.86],[-10.56,8.76],[-10.5,8.68],[-10.62,8.52],[-10.68,8.4],[-10.72,8.34],[-10.66,8.34],[-10.56,8.32],[-10.5,8.36],[-10.4,8.48],[-10.28,8.48]]}},{"type":"Feature","properties":{"l":0},"geometry":{"type":"LineString","coordinates":[[5.78,49.54],[5.9,49.48],[5.96,49.46],[6.02,49.44],[6.08,49.46],[6.12,49.48],[6.18,49.5],[6.24,49.5],[6.34,49.46]]}},{"type":"Feature","properties":{"l":0},"geometry":{"type":"LineString","coordinates":[[56.08,26.06],[56.16,26.04],[56.18,25.94],[56.16,25.84],[56.16,25.74],[56.14,25.7],[56.18,25.64],[56.24,25.62],[56.3,25.66]]}},{"type":"Feature","properties":{"l":0},"geometry":{"type":"LineString","coordinates":[[30.5,-1.06],[30.42,-1.06],[30.36,-1.08],[30.32,-1.12],[30.28,-1.18],[30.2,-1.26],[30.14,-1.32],[30.1,-1.36],[30,-1.44],[29.94,-1.46],[29.88,-1.46],[29.84,-1.36],[29.6,-1.38],[29.58,-1.38]]}},{"type":"Feature","properties":{"l":0},"geometry":{"type":"LineString","coordinates":[[30.5,-1.06],[30.48,-1.14],[30.5,-1.2],[30.64,-1.36],[30.72,-1.4],[30.76,-1.46],[30.82,-1.56],[30.82,-1.7],[30.8,-1.86],[30.82,-1.96],[30.86,-2.04],[30.88,-2.14],[30.86,-2.26],[30.82,-2.34],[30.76,-2.38],[30.66,-2.38],[30.6,-2.4],[30.56,-2.4]]}},{"type":"Feature","properties":{"l":0},"geometry":{"type":"LineString","coordinates":[[33.9,-1],[33.8,-1],[33.62,-1],[33.44,-1],[33.26,-1],[33.08,-1],[32.9,-1],[32.72,-1],[32.54,-1],[32.38,-1],[32.2,-1],[32.02,-1],[31.84,-1],[31.66,-1],[31.48,-1],[31.3,-1],[31.12,-1],[30.94,-1],[30.84,-1],[30.74,-1],[30.68,-1.06],[30.6,-1.06],[30.52,-1.06],[30.5,-1.06]]}},{"type":"Feature","properties":{"l":0},"geometry":{"type":"LineString","coordinates":[[34.6,-11.98],[34.54,-12.02],[34.58,-12.06],[34.64,-12.02],[34.6,-11.98],[34.6,-11.98]]}},{"type":"Feature","properties":{"l":0},"geometry":{"type":"LineString","coordinates":[[87.32,49.08],[87.42,49.08],[87.48,49.1],[87.52,49.12],[87.58,49.14],[87.66,49.14],[87.76,49.16],[87.82,49.16]]}},{"type":"Feature","properties":{"l":0},"geometry":{"type":"LineString","coordinates":[[45.5,40.66],[45.48,40.6],[45.56,40.62],[45.54,40.66],[45.5,40.66]]}},{"type":"Feature","properties":{"l":0},"geometry":{"type":"LineString","coordinates":[[45,41.08],[44.96,41.02],[45.02,41.02],[45.02,41.08],[45,41.08]]}},{"type":"Feature","properties":{"l":0},"geometry":{"type":"LineString","coordinates":[[12.44,43.98],[12.4,43.94],[12.42,43.9],[12.48,43.9],[12.52,43.96],[12.44,43.98],[12.44,43.98]]}},{"type":"Feature","properties":{"l":0},"geometry":{"type":"LineString","coordinates":[[70.58,41.02],[70.62,40.94],[70.62,41],[70.58,41.02],[70.58,41.02]]}},{"type":"Feature","properties":{"l":0},"geometry":{"type":"LineString","coordinates":[[-117.12,32.54],[-116.84,32.56],[-116.56,32.58],[-116.26,32.6],[-115.98,32.62],[-115.7,32.64],[-115.42,32.66],[-115.12,32.68],[-114.84,32.7],[-114.72,32.72],[-114.78,32.56],[-114.84,32.5],[-114.36,32.36],[-113.88,32.22],[-113.42,32.06],[-112.94,31.92],[-112.46,31.76],[-112,31.62],[-111.52,31.48],[-111.04,31.32],[-110.68,31.32],[-110.34,31.32],[-109.98,31.32],[-109.62,31.32],[-109.28,31.32],[-109.04,31.32],[-108.92,31.32],[-108.56,31.32],[-108.22,31.32],[-108.22,31.44],[-108.22,31.56],[-108.22,31.66],[-108.22,31.78],[-108,31.78],[-107.78,31.78],[-107.56,31.78],[-107.34,31.78],[-107.12,31.78],[-106.9,31.78],[-106.68,31.78],[-106.46,31.78],[-106.34,31.68],[-106.26,31.54],[-106.14,31.46],[-106.02,31.4],[-105.82,31.24],[-105.52,30.98],[-105.28,30.8],[-105.1,30.72],[-104.98,30.64],[-104.92,30.58],[-104.84,30.44],[-104.68,30.14],[-104.68,30],[-104.62,29.86],[-104.5,29.68],[-104.4,29.58],[-104.32,29.54],[-104.22,29.48],[-104.12,29.38],[-103.98,29.32],[-103.86,29.3],[-103.66,29.2],[-103.42,29.08],[-103.26,29],[-103.16,29],[-103.1,29.04],[-103.02,29.14],[-102.96,29.2],[-102.9,29.22],[-102.88,29.32],[-102.84,29.44],[-102.74,29.64],[-102.62,29.76],[-102.48,29.76],[-102.38,29.8],[-102.34,29.86],[-102.26,29.88],[-102.16,29.82],[-102,29.8],[-101.76,29.78],[-101.62,29.78],[-101.54,29.8],[-101.5,29.78],[-101.44,29.78],[-101.38,29.74],[-101.3,29.64],[-101.04,29.46],[-101.02,29.4],[-100.92,29.32],[-100.76,29.18],[-100.66,29.06],[-100.64,28.98],[-100.54,28.82],[-100.4,28.62],[-100.34,28.5],[-100.34,28.42],[-100.3,28.32],[-100.22,28.24],[-100.12,28.18],[-100,28.04],[-99.88,27.86],[-99.76,27.72],[-99.6,27.64],[-99.5,27.54],[-99.48,27.46],[-99.48,27.4],[-99.52,27.34],[-99.5,27.28],[-99.46,27.24],[-99.44,27.18],[-99.46,27.08],[-99.3,26.88],[-99.22,26.76],[-99.18,26.56],[-99.1,26.44],[-99.02,26.4],[-98.88,26.38],[-98.76,26.34],[-98.7,26.28],[-98.6,26.24],[-98.48,26.22],[-98.38,26.18],[-98.28,26.12],[-98.08,26.06],[-97.8,26.04],[-97.58,25.98],[-97.44,25.9],[-97.38,25.88],[-97.34,25.92],[-97.28,25.94],[-97.14,25.96]]}},{"type":"Feature","properties":{"l":0},"geometry":{"type":"LineString","coordinates":[[-92.24,14.54],[-92.18,14.64],[-92.16,14.7],[-92.18,14.76],[-92.18,14.82],[-92.16,14.9],[-92.16,14.96],[-92.1,15.02],[-92.08,15.08],[-92.2,15.24],[-92.18,15.32],[-92.08,15.5],[-91.96,15.7],[-91.82,15.94],[-91.74,16.08],[-91.44,16.08],[-91.24,16.08],[-90.98,16.08],[-90.7,16.08],[-90.52,16.08],[-90.44,16.08],[-90.46,16.16],[-90.46,16.26],[-90.42,16.36],[-90.48,16.44],[-90.58,16.46],[-90.64,16.52],[-90.64,16.56],[-90.66,16.64],[-90.72,16.7],[-90.82,16.78],[-90.98,16.86],[-91.12,16.98],[-91.22,17.12],[-91.32,17.2],[-91.4,17.24],[-91.2,17.26],[-91,17.26],[-91,17.44],[-91,17.62],[-90.98,17.82],[-90.62,17.82],[-90.18,17.82],[-89.72,17.82],[-89.38,17.82],[-89.16,17.82],[-89.16,17.9],[-89.14,17.98],[-89.06,18],[-88.94,17.94],[-88.9,17.92],[-88.8,17.96],[-88.74,18.08],[-88.58,18.3],[-88.52,18.44],[-88.46,18.48],[-88.38,18.48],[-88.3,18.48],[-88.24,18.42],[-88.04,18.42],[-88.04,18.2],[-87.82,18.18]]}},{"type":"Feature","properties":{"l":0},"geometry":{"type":"LineString","coordinates":[[-54.62,-25.58],[-54.62,-25.44],[-54.48,-25.22],[-54.44,-25.12],[-54.46,-25.06],[-54.42,-24.86],[-54.32,-24.52],[-54.28,-24.3],[-54.32,-24.2],[-54.32,-24.12],[-54.26,-24.06],[-54.38,-23.98],[-54.44,-23.9],[-54.52,-23.86],[-54.62,-23.82],[-54.72,-23.86],[-54.82,-23.88],[-54.92,-23.96],[-54.98,-23.98],[-55.08,-24],[-55.2,-24.02],[-55.28,-24],[-55.36,-24],[-55.42,-23.96],[-55.44,-23.86],[-55.44,-23.8],[-55.46,-23.68],[-55.52,-23.62],[-55.54,-23.58],[-55.54,-23.52],[-55.54,-23.46],[-55.52,-23.36],[-55.54,-23.26],[-55.56,-23.16],[-55.6,-23.1],[-55.62,-23.02],[-55.62,-22.96],[-55.66,-22.88],[-55.66,-22.82],[-55.62,-22.74],[-55.62,-22.68],[-55.64,-22.62],[-55.7,-22.6],[-55.74,-22.52],[-55.76,-22.42],[-55.8,-22.36],[-55.84,-22.3],[-55.9,-22.3],[-56,-22.28],[-56.06,-22.28],[-56.18,-22.28],[-56.24,-22.26],[-56.36,-22.18],[-56.4,-22.1],[-56.44,-22.08],[-56.52,-22.1],[-56.58,-22.18],[-56.64,-22.24],[-56.7,-22.24],[-56.78,-22.26],[-56.84,-22.26],[-56.94,-22.28],[-57.02,-22.24],[-57.14,-22.22],[-57.24,-22.2],[-57.34,-22.22],[-57.4,-22.2],[-57.48,-22.18],[-57.56,-22.18],[-57.64,-22.12],[-57.72,-22.1],[-57.82,-22.14],[-57.88,-22.14],[-57.96,-22.1],[-57.98,-22.04],[-57.96,-21.96],[-57.94,-21.92],[-57.94,-21.86],[-57.94,-21.8],[-57.92,-21.7],[-57.92,-21.64],[-57.92,-21.6],[-57.94,-21.54],[-57.94,-21.5],[-57.9,-21.42],[-57.88,-21.36],[-57.9,-21.3],[-57.86,-21.2],[-57.82,-21.14],[-57.84,-21],[-57.86,-20.92],[-57.9,-20.88],[-57.9,-20.8],[-57.9,-20.74],[-57.92,-20.7],[-57.96,-20.68],[-58,-20.6],[-58,-20.52],[-58,-20.46],[-58.02,-20.42],[-58.1,-20.34],[-58.12,-20.3],[-58.14,-20.24],[-58.16,-20.16]]}},{"type":"Feature","properties":{"l":0},"geometry":{"type":"LineString","coordinates":[[-62.66,-22.24],[-62.62,-22.3],[-62.54,-22.34],[-62.38,-22.44],[-62.22,-22.62],[-62.06,-22.86],[-61.92,-23.06],[-61.8,-23.18],[-61.68,-23.26],[-61.58,-23.32],[-61.52,-23.36],[-61.4,-23.46],[-61.2,-23.56],[-61.08,-23.66],[-61.04,-23.76],[-60.84,-23.86],[-60.5,-23.96],[-60.26,-24.02],[-60.12,-24],[-59.9,-24.1],[-59.6,-24.26],[-59.44,-24.38],[-59.38,-24.46],[-59.18,-24.56],[-58.72,-24.78],[-58.52,-24.84],[-58.42,-24.9],[-58.36,-24.96],[-58.3,-24.98],[-58.26,-24.96],[-58.14,-24.98],[-57.96,-25.04],[-57.82,-25.14],[-57.64,-25.32],[-57.58,-25.4],[-57.56,-25.48],[-57.58,-25.54],[-57.62,-25.6],[-57.72,-25.66],[-57.76,-25.72],[-57.78,-25.78],[-57.86,-25.9],[-57.88,-25.96],[-57.94,-26.06],[-58.08,-26.14],[-58.12,-26.18],[-58.14,-26.26],[-58.18,-26.3],[-58.2,-26.38],[-58.2,-26.48],[-58.18,-26.6],[-58.22,-26.64],[-58.24,-26.74],[-58.32,-26.8],[-58.32,-26.86],[-58.44,-26.92],[-58.48,-26.96],[-58.5,-27.02],[-58.54,-27.08],[-58.62,-27.14],[-58.64,-27.2],[-58.6,-27.32],[-58.16,-27.28],[-57.82,-27.32],[-57.4,-27.44],[-57.12,-27.48],[-56.98,-27.44],[-56.88,-27.44],[-56.8,-27.48],[-56.72,-27.5],[-56.6,-27.46],[-56.52,-27.48],[-56.44,-27.56],[-56.38,-27.54],[-56.32,-27.44],[-56.24,-27.36],[-56.16,-27.32],[-56.06,-27.3],[-55.96,-27.32],[-55.86,-27.36],[-55.78,-27.42],[-55.72,-27.42],[-55.64,-27.36],[-55.6,-27.28],[-55.6,-27.2],[-55.56,-27.16],[-55.5,-27.12],[-55.46,-27.06],[-55.42,-27],[-55.34,-26.98],[-55.2,-26.96],[-55.14,-26.94],[-55.08,-26.84],[-55.02,-26.8],[-54.96,-26.76],[-54.94,-26.7],[-54.88,-26.66],[-54.82,-26.66],[-54.76,-26.54],[-54.68,-26.3],[-54.64,-26],[-54.62,-25.58]]}},{"type":"Feature","properties":{"l":0},"geometry":{"type":"LineString","coordinates":[[-62.66,-22.24],[-62.74,-22.16],[-62.82,-22.04],[-62.84,-22],[-63.26,-22],[-63.68,-22],[-63.78,-22.02],[-63.86,-22],[-63.92,-22.02],[-63.98,-22.08],[-64.14,-22.36],[-64.2,-22.5],[-64.26,-22.6],[-64.3,-22.8],[-64.38,-22.76],[-64.44,-22.58],[-64.48,-22.48],[-64.52,-22.38],[-64.6,-22.22],[-64.7,-22.18],[-64.76,-22.18],[-64.84,-22.14],[-65,-22.1],[-65.06,-22.1],[-65.48,-22.1],[-65.68,-22.12],[-65.78,-22.1],[-65.86,-22.02],[-66.06,-21.88],[-66.1,-21.84],[-66.18,-21.8],[-66.24,-21.84],[-66.28,-21.94],[-66.32,-22.06],[-66.36,-22.12],[-66.5,-22.16],[-66.64,-22.2],[-66.72,-22.22],[-66.76,-22.26],[-66.76,-22.34],[-66.8,-22.4],[-67,-22.5],[-67.04,-22.56],[-67.06,-22.66],[-67.16,-22.78],[-67.2,-22.82]]}},{"type":"Feature","properties":{"l":0},"geometry":{"type":"LineString","coordinates":[[26.62,48.26],[26.84,48.38],[26.9,48.38],[27,48.36],[27.22,48.38],[27.34,48.44],[27.4,48.42],[27.46,48.44],[27.54,48.48],[27.72,48.44],[27.82,48.42],[27.9,48.36],[27.96,48.34],[28.04,48.32],[28.08,48.26],[28.16,48.24],[28.3,48.24],[28.34,48.22],[28.32,48.16],[28.38,48.16],[28.44,48.1],[28.54,48.16],[28.6,48.14],[28.78,48.12],[28.86,48],[28.92,47.96],[28.98,47.94],[29.04,47.96],[29.1,47.98],[29.2,47.88],[29.22,47.78],[29.18,47.66],[29.16,47.58],[29.12,47.54],[29.16,47.46],[29.34,47.38],[29.38,47.32],[29.46,47.3],[29.52,47.3],[29.54,47.24],[29.54,47.18],[29.52,47.12],[29.56,47.04],[29.56,47],[29.6,46.94],[29.72,46.88],[29.88,46.82],[29.92,46.78],[29.94,46.72],[29.94,46.62],[29.92,46.54],[30.14,46.42],[30.08,46.38],[29.88,46.36],[29.76,46.44],[29.66,46.42],[29.62,46.4],[29.56,46.4],[29.5,46.44],[29.44,46.46],[29.34,46.44],[29.26,46.4],[29.2,46.38],[29.2,46.5],[29.14,46.52],[29.04,46.5],[28.96,46.46],[28.94,46.36],[28.94,46.28],[29,46.18],[28.98,46.12],[28.94,46.04],[28.84,45.98],[28.74,45.94],[28.72,45.86],[28.66,45.8],[28.56,45.74],[28.5,45.66],[28.5,45.62],[28.5,45.54],[28.32,45.5],[28.22,45.46]]}},{"type":"Feature","properties":{"l":0},"geometry":{"type":"LineString","coordinates":[[67.76,37.18],[67.84,37.06],[67.96,36.98],[68.06,36.94],[68.22,37.02],[68.28,37.04],[68.3,37.08],[68.38,37.14],[68.54,37.18],[68.64,37.22],[68.72,37.26],[68.78,37.26],[68.84,37.3],[68.88,37.32],[68.96,37.32],[69.04,37.26],[69.18,37.16],[69.26,37.1],[69.36,37.16],[69.42,37.2],[69.42,37.3],[69.4,37.4],[69.42,37.48],[69.5,37.56],[69.62,37.6],[69.82,37.6],[69.94,37.6],[69.98,37.56],[70.04,37.54],[70.12,37.54],[70.18,37.58],[70.26,37.66],[70.26,37.76],[70.2,37.88],[70.24,37.94],[70.32,37.98],[70.42,38.08],[70.52,38.2],[70.62,38.34],[70.74,38.42],[70.88,38.46],[71.06,38.42],[71.26,38.3],[71.34,38.18],[71.28,38],[71.28,37.92],[71.38,37.9],[71.48,37.94],[71.56,37.94],[71.58,37.86],[71.54,37.8],[71.5,37.6],[71.48,37.44],[71.46,37.28],[71.44,37.12],[71.48,37.02],[71.54,36.84],[71.6,36.74],[71.66,36.7],[71.74,36.68],[71.8,36.7],[71.94,36.76],[72.16,36.9],[72.36,36.98],[72.66,37.02],[72.76,37.18],[72.9,37.26],[73.22,37.4],[73.38,37.46],[73.48,37.48],[73.6,37.44],[73.66,37.44],[73.72,37.42],[73.72,37.32],[73.64,37.3],[73.66,37.24],[73.74,37.24],[73.94,37.28],[74.08,37.32],[74.16,37.32],[74.2,37.38],[74.26,37.42],[74.34,37.42],[74.44,37.4],[74.52,37.38],[74.66,37.4],[74.74,37.36],[74.84,37.28],[74.88,37.24],[74.9,37.24]]}},{"type":"Feature","properties":{"l":0},"geometry":{"type":"LineString","coordinates":[[66.52,37.34],[66.82,37.38],[67.06,37.34],[67.2,37.24],[67.32,37.2],[67.44,37.26],[67.52,37.26],[67.6,37.22],[67.7,37.22],[67.76,37.2],[67.76,37.18]]}},{"type":"Feature","properties":{"l":0},"geometry":{"type":"LineString","coordinates":[[61.26,35.62],[61.34,35.62],[61.42,35.54],[61.54,35.46],[61.62,35.44],[61.72,35.42],[61.84,35.44],[61.94,35.44],[62.08,35.38],[62.22,35.28],[62.26,35.26],[62.28,35.18],[62.38,35.24],[62.46,35.26],[62.54,35.24],[62.62,35.24],[62.68,35.26],[62.86,35.34],[62.98,35.4],[63.06,35.44],[63.08,35.56],[63.12,35.64],[63.16,35.68],[63.16,35.72],[63.1,35.82],[63.18,35.86],[63.3,35.86],[63.52,35.92],[63.7,35.96],[63.86,36.02],[63.94,36.02],[64,36.02],[64.06,36.06],[64.1,36.12],[64.18,36.14],[64.36,36.22],[64.52,36.34],[64.56,36.42],[64.6,36.56],[64.68,36.76],[64.76,36.96],[64.78,37.06],[64.82,37.14],[64.96,37.2],[65.08,37.24],[65.3,37.24],[65.56,37.26],[65.6,37.36],[65.64,37.46],[65.68,37.52],[65.74,37.56],[65.9,37.5],[66.1,37.42],[66.36,37.36],[66.48,37.34],[66.52,37.34]]}},{"type":"Feature","properties":{"l":0},"geometry":{"type":"LineString","coordinates":[[92.58,21.98],[92.56,22.04],[92.54,22.42],[92.5,22.52],[92.5,22.68],[92.46,22.74],[92.44,22.82],[92.4,22.9],[92.34,23.06],[92.34,23.24],[92.34,23.32],[92.28,23.5],[92.24,23.68],[92.18,23.68],[92.16,23.72],[92.04,23.68],[91.98,23.7],[91.92,23.6],[91.94,23.5],[91.8,23.36],[91.76,23.28],[91.76,23.2],[91.78,23.1],[91.76,23.06],[91.7,23],[91.62,22.98],[91.56,23],[91.52,23.04],[91.48,23.14],[91.44,23.2],[91.38,23.2],[91.36,23.14],[91.36,23.08],[91.32,23.1],[91.26,23.38],[91.16,23.58],[91.16,23.66],[91.2,23.76],[91.24,23.92],[91.34,24.02],[91.36,24.1],[91.52,24.1],[91.62,24.16],[91.66,24.2],[91.72,24.2],[91.84,24.18],[91.9,24.26],[91.94,24.32],[92,24.38],[92.06,24.38],[92.1,24.4],[92.12,24.5],[92.2,24.68],[92.22,24.78],[92.22,24.88],[92.38,24.84],[92.44,24.84],[92.48,24.9],[92.38,25.02],[92.2,25.12],[92.04,25.16],[91.76,25.16],[91.48,25.14],[91.4,25.16],[91.3,25.18],[91.04,25.18],[90.74,25.16],[90.62,25.16],[90.56,25.16],[90.44,25.16],[90.26,25.18],[90.12,25.22],[90,25.26],[89.86,25.3],[89.82,25.3],[89.8,25.38],[89.82,25.56],[89.8,25.84],[89.82,25.94],[89.7,26.18],[89.68,26.22],[89.62,26.22],[89.58,26.14],[89.6,26.08],[89.54,26],[89.46,25.98],[89.36,26],[89.28,26.04],[89.18,26.1],[89.1,26.2],[89.1,26.3],[89.06,26.38],[89.02,26.42],[88.96,26.42],[88.94,26.34],[88.98,26.28],[88.94,26.24],[88.82,26.26],[88.76,26.28],[88.68,26.3],[88.68,26.36],[88.62,26.44],[88.52,26.52],[88.42,26.58],[88.34,26.5],[88.38,26.48],[88.44,26.44],[88.44,26.36],[88.38,26.32],[88.34,26.26],[88.24,26.18],[88.16,26.08],[88.12,26.02],[88.1,25.96],[88.08,25.88],[88.1,25.84],[88.14,25.82],[88.26,25.78],[88.36,25.7],[88.46,25.58],[88.5,25.54],[88.6,25.5],[88.76,25.5],[88.82,25.36],[88.94,25.3],[88.92,25.22],[88.82,25.18],[88.74,25.16],[88.68,25.18],[88.58,25.18],[88.46,25.18],[88.38,24.96],[88.32,24.88],[88.18,24.92],[88.04,24.72],[88.04,24.66],[88.08,24.54],[88.14,24.48],[88.22,24.46],[88.28,24.48],[88.34,24.46],[88.4,24.38],[88.5,24.34],[88.64,24.32],[88.72,24.28],[88.72,24.18],[88.72,24.06],[88.7,24],[88.62,23.82],[88.56,23.68],[88.6,23.6],[88.64,23.54],[88.7,23.5],[88.74,23.44],[88.7,23.3],[88.8,23.22],[88.9,23.22],[88.86,23.04],[88.86,22.94],[88.9,22.84],[88.92,22.68],[88.92,22.64],[88.98,22.52],[89.04,22.28],[89.06,22.18],[89.06,22.1]]}},{"type":"Feature","properties":{"l":0},"geometry":{"type":"LineString","coordinates":[[2.38,11.9],[2.42,12],[2.36,12.18],[2.46,12.26],[2.6,12.3],[2.64,12.3],[2.72,12.36],[2.8,12.38],[2.88,12.36],[3.14,12.12],[3.26,12],[3.3,11.92],[3.36,11.88],[3.44,11.86],[3.54,11.78],[3.6,11.7]]}},{"type":"Feature","properties":{"l":0},"geometry":{"type":"LineString","coordinates":[[18.62,3.48],[18.62,3.3],[18.54,3.08],[18.5,2.92],[18.34,2.66],[18.22,2.42],[18.08,2.02],[18.08,1.72],[18.06,1.54],[18.02,1.42],[17.9,1.12],[17.88,0.86],[17.92,0.54],[17.88,0.24],[17.78,-0.06],[17.72,-0.28],[17.76,-0.54],[17.54,-0.78],[17.28,-1],[17.1,-1.06],[16.98,-1.14],[16.88,-1.22],[16.84,-1.28],[16.78,-1.38],[16.62,-1.7],[16.54,-1.84],[16.44,-1.96],[16.28,-2.1],[16.22,-2.18],[16.2,-2.28],[16.2,-2.46],[16.22,-3.04],[16.2,-3.2],[16.14,-3.46],[16,-3.76],[15.88,-3.94],[15.76,-3.98],[15.6,-4.04],[15.52,-4.08],[15.48,-4.18],[15.4,-4.24],[15.26,-4.3],[15.1,-4.46],[14.92,-4.7],[14.78,-4.84],[14.7,-4.88],[14.64,-4.88],[14.56,-4.86],[14.5,-4.86],[14.44,-4.86],[14.42,-4.78],[14.4,-4.68],[14.36,-4.58],[14.4,-4.5],[14.44,-4.44],[14.4,-4.36],[14.36,-4.3],[14.22,-4.36],[14.14,-4.4],[14.04,-4.42],[13.98,-4.46],[13.88,-4.48],[13.78,-4.44],[13.72,-4.46],[13.7,-4.54],[13.7,-4.62],[13.68,-4.68],[13.56,-4.76],[13.48,-4.8],[13.42,-4.84],[13.3,-4.76],[13.22,-4.7],[13.18,-4.66],[13.14,-4.6],[13.08,-4.64]]}},{"type":"Feature","properties":{"l":0},"geometry":{"type":"LineString","coordinates":[[28.98,-30],[29.02,-29.96],[29.1,-29.92],[29.12,-29.8],[29.14,-29.7],[29.2,-29.66],[29.24,-29.62],[29.3,-29.56],[29.34,-29.44],[29.38,-29.32],[29.4,-29.26],[29.38,-29.22],[29.34,-29.16],[29.3,-29.08],[29.18,-29.04],[29.06,-28.96],[28.96,-28.88],[28.86,-28.78],[28.72,-28.68],[28.68,-28.64],[28.66,-28.6],[28.58,-28.6],[28.48,-28.62],[28.24,-28.7],[28.08,-28.78],[27.96,-28.88],[27.84,-28.9],[27.74,-28.94],[27.66,-29.04],[27.6,-29.14],[27.52,-29.24],[27.5,-29.28],[27.42,-29.36],[27.36,-29.46],[27.3,-29.52],[27.2,-29.56],[27.1,-29.6],[27.06,-29.66],[27.1,-29.76],[27.14,-29.84],[27.2,-29.94],[27.24,-30.02],[27.32,-30.1],[27.36,-30.16],[27.34,-30.24],[27.38,-30.32],[27.5,-30.36],[27.54,-30.42],[27.58,-30.46],[27.66,-30.54],[27.76,-30.6],[27.9,-30.62],[28.02,-30.64],[28.1,-30.58],[28.12,-30.52],[28.14,-30.44],[28.18,-30.4],[28.32,-30.22],[28.4,-30.14],[28.5,-30.12],[28.58,-30.12],[28.64,-30.12],[28.74,-30.1],[28.9,-30.04],[28.98,-30]]}},{"type":"Feature","properties":{"l":0},"geometry":{"type":"LineString","coordinates":[[29.36,-22.2],[29.66,-22.14],[29.9,-22.18],[30.2,-22.3],[30.46,-22.32],[30.72,-22.3],[30.92,-22.3],[31.08,-22.3],[31.2,-22.34],[31.28,-22.4]]}},{"type":"Feature","properties":{"l":0},"geometry":{"type":"LineString","coordinates":[[19.98,-24.78],[20.02,-24.8],[20.34,-25.02],[20.44,-25.14],[20.48,-25.22],[20.6,-25.5],[20.72,-25.74],[20.8,-25.92],[20.8,-26],[20.82,-26.08],[20.82,-26.16],[20.76,-26.26],[20.7,-26.34],[20.62,-26.44],[20.62,-26.58],[20.64,-26.74],[20.68,-26.82],[20.74,-26.84],[20.88,-26.8],[20.96,-26.82],[21.08,-26.86],[21.46,-26.84],[21.64,-26.86],[21.7,-26.84],[21.74,-26.8],[21.78,-26.72],[21.84,-26.68],[21.92,-26.66],[22.02,-26.64],[22.1,-26.58],[22.22,-26.38],[22.48,-26.22],[22.54,-26.18],[22.6,-26.14],[22.64,-26.08],[22.72,-25.86],[22.8,-25.68],[22.82,-25.6],[22.88,-25.46],[22.96,-25.38],[23.02,-25.32],[23.14,-25.28],[23.26,-25.26],[23.38,-25.3],[23.52,-25.34],[23.68,-25.44],[23.82,-25.54],[23.9,-25.6],[23.96,-25.62],[24.1,-25.64],[24.2,-25.64],[24.34,-25.74],[24.4,-25.74],[24.56,-25.78],[24.74,-25.82],[24.86,-25.82],[25,-25.76],[25.1,-25.76],[25.22,-25.76],[25.34,-25.74],[25.44,-25.72],[25.52,-25.66],[25.58,-25.6],[25.66,-25.44],[25.7,-25.3],[25.76,-25.14],[25.86,-24.94],[25.88,-24.78],[25.92,-24.74],[26.04,-24.7],[26.14,-24.68],[26.4,-24.62],[26.46,-24.58],[26.5,-24.52],[26.62,-24.4],[26.76,-24.3],[26.84,-24.24],[26.98,-23.76],[26.98,-23.7],[27.08,-23.58],[27.14,-23.52],[27.24,-23.5],[27.32,-23.42],[27.4,-23.38],[27.5,-23.36],[27.56,-23.32],[27.6,-23.26],[27.64,-23.22],[27.72,-23.22],[27.76,-23.14],[27.82,-23.1],[27.9,-23.08],[27.94,-23.04],[28.02,-22.88],[28.22,-22.7],[28.38,-22.6],[28.54,-22.58],[28.7,-22.54],[28.84,-22.48],[28.94,-22.4],[29.02,-22.28],[29.12,-22.22],[29.36,-22.2]]}},{"type":"Feature","properties":{"l":0},"geometry":{"type":"LineString","coordinates":[[34.96,-11.58],[35.18,-11.58],[35.42,-11.58],[35.5,-11.6],[35.56,-11.6],[35.64,-11.58],[35.7,-11.54],[35.78,-11.46],[35.92,-11.46],[36.08,-11.54],[36.18,-11.6],[36.2,-11.68],[36.3,-11.7],[36.52,-11.72],[36.68,-11.68],[36.78,-11.62],[36.88,-11.58],[36.98,-11.56],[37.06,-11.6],[37.12,-11.64],[37.22,-11.68],[37.38,-11.72],[37.54,-11.68],[37.72,-11.58],[37.82,-11.48],[37.86,-11.38],[37.88,-11.32],[38.02,-11.28],[38.18,-11.28],[38.32,-11.32],[38.5,-11.42],[38.6,-11.34],[38.8,-11.22],[38.98,-11.16],[39.18,-11.16],[39.32,-11.12],[39.44,-11.04],[39.56,-10.98],[39.7,-10.96],[39.82,-10.92],[39.98,-10.82],[40.16,-10.68],[40.34,-10.56],[40.46,-10.46]]}},{"type":"Feature","properties":{"l":0},"geometry":{"type":"LineString","coordinates":[[-84.34,10.98],[-84.26,10.9],[-84.2,10.84],[-84.16,10.78],[-84.1,10.78],[-83.92,10.74],[-83.82,10.74],[-83.72,10.78],[-83.66,10.84],[-83.64,10.92]]}},{"type":"Feature","properties":{"l":0},"geometry":{"type":"LineString","coordinates":[[28.14,56.14],[28.04,56.14],[27.9,56.08],[27.7,55.94],[27.64,55.92],[27.58,55.8],[27.46,55.8],[27.3,55.8],[27.06,55.84],[26.96,55.82],[26.82,55.7],[26.78,55.7],[26.62,55.68],[26.6,55.66]]}},{"type":"Feature","properties":{"l":0},"geometry":{"type":"LineString","coordinates":[[28.22,45.46],[28.32,45.34],[28.46,45.3],[28.76,45.24],[28.76,45.28],[28.82,45.32],[28.9,45.28],[29.02,45.32],[29.22,45.4],[29.4,45.42],[29.56,45.38],[29.66,45.32],[29.7,45.26]]}},{"type":"Feature","properties":{"l":0},"geometry":{"type":"LineString","coordinates":[[21.36,44.82],[21.52,44.8],[21.6,44.76],[21.64,44.72],[21.74,44.68],[21.9,44.66],[22.02,44.62],[22.1,44.54],[22.2,44.56],[22.36,44.68],[22.5,44.7],[22.64,44.66],[22.72,44.6],[22.7,44.56],[22.62,44.56],[22.56,44.54],[22.5,44.48],[22.5,44.44],[22.54,44.38],[22.58,44.34],[22.64,44.32],[22.68,44.24],[22.7,44.24]]}},{"type":"Feature","properties":{"l":0},"geometry":{"type":"LineString","coordinates":[[56.24,25.3],[56.22,25.22],[56.28,25.24],[56.28,25.3],[56.24,25.3]]}},{"type":"Feature","properties":{"l":0},"geometry":{"type":"LineString","coordinates":[[32.12,-26.84],[32.2,-26.84],[32.36,-26.86],[32.48,-26.86],[32.58,-26.86],[32.78,-26.86],[32.88,-26.84]]}},{"type":"Feature","properties":{"l":0},"geometry":{"type":"LineString","coordinates":[[71.74,39.98],[71.68,39.96],[71.7,39.92],[71.78,39.96],[71.74,39.98],[71.74,39.98]]}},{"type":"Feature","properties":{"l":0},"geometry":{"type":"LineString","coordinates":[[-122.68,49],[-122.26,49],[-121.84,49],[-121.4,49],[-120.98,49],[-120.56,49],[-120.12,49],[-119.7,49],[-119.28,49],[-118.84,49],[-118.42,49],[-118,49],[-117.56,49],[-117.14,49],[-117.04,49],[-116.72,49],[-116.3,49],[-116.04,49],[-115.86,49],[-115.44,49],[-115.02,49],[-114.58,49],[-114.16,49],[-114.06,49],[-113.74,49],[-113.3,49],[-112.88,49],[-112.46,49],[-112.02,49],[-111.6,49],[-111.18,49],[-110.74,49],[-110.32,49],[-110,49],[-109.9,49],[-109.46,49],[-109.04,49],[-108.62,49],[-108.18,49],[-107.76,49],[-107.34,49],[-106.92,49],[-106.48,49],[-106.06,49],[-105.64,49],[-105.2,49],[-104.78,49],[-104.36,49],[-104.04,49],[-103.92,49],[-103.5,49],[-103.08,49],[-102.64,49],[-102.22,49],[-101.8,49],[-101.36,49],[-100.94,49],[-100.52,49],[-100.08,49],[-99.66,49],[-99.24,49],[-98.8,49],[-98.38,49],[-97.96,49],[-97.52,49],[-97.1,49],[-96.68,49],[-96.26,49],[-95.82,49],[-95.4,49],[-95.16,49],[-95.16,49.2],[-95.16,49.36],[-94.94,49.34],[-94.88,49.32],[-94.86,49.26],[-94.84,49.12],[-94.8,49],[-94.72,48.86],[-94.7,48.8],[-94.62,48.74],[-94.42,48.7],[-94.06,48.66],[-93.86,48.6],[-93.8,48.54],[-93.7,48.52],[-93.56,48.54],[-93.46,48.56],[-93.38,48.62],[-93.26,48.62],[-93.16,48.62],[-93.06,48.62],[-93,48.62],[-92.84,48.56],[-92.74,48.54],[-92.58,48.46],[-92.5,48.44],[-92.46,48.36],[-92.42,48.28],[-92.34,48.28],[-92.3,48.32],[-92.18,48.34],[-92,48.3],[-91.86,48.2],[-91.64,48.1],[-91.52,48.06],[-91.38,48.06],[-91.22,48.1],[-91.04,48.2],[-90.92,48.2],[-90.84,48.2],[-90.8,48.14],[-90.74,48.1],[-90.6,48.12],[-90.32,48.1],[-90.1,48.12],[-90.04,48.08],[-90,48.02],[-89.9,48],[-89.78,48.02],[-89.56,48],[-89.5,48],[-89.28,48.02],[-89.18,48.04],[-89.06,48.1],[-88.9,48.16],[-88.62,48.26],[-88.38,48.3],[-88.16,48.22],[-87.98,48.16],[-87.92,48.14],[-87.74,48.06],[-87.5,47.96],[-87.2,47.84],[-86.92,47.74],[-86.68,47.64],[-86.5,47.56],[-86.42,47.54],[-86.24,47.46],[-86.04,47.38],[-85.84,47.3],[-85.66,47.22],[-85.46,47.14],[-85.26,47.06],[-85.08,46.98],[-84.88,46.9],[-84.82,46.76],[-84.78,46.64],[-84.66,46.54],[-84.56,46.46],[-84.5,46.46],[-84.44,46.5],[-84.34,46.52],[-84.2,46.54],[-84.12,46.52],[-84.16,46.44],[-84.12,46.38],[-84.1,46.28],[-84.08,46.22],[-84.02,46.14],[-83.98,46.08],[-83.92,46.08],[-83.76,46.1],[-83.66,46.12],[-83.62,46.12],[-83.52,46.06],[-83.48,46.02],[-83.6,45.82],[-83.4,45.72],[-83.18,45.64],[-82.92,45.52],[-82.76,45.44],[-82.56,45.34],[-82.52,45.2],[-82.48,45.08],[-82.44,44.92],[-82.4,44.74],[-82.36,44.58],[-82.32,44.4],[-82.28,44.2],[-82.24,44.02],[-82.2,43.82],[-82.14,43.58],[-82.2,43.48],[-82.3,43.26],[-82.4,43.08],[-82.42,43.02],[-82.48,42.74],[-82.54,42.62],[-82.64,42.56],[-82.74,42.5],[-82.86,42.38],[-83,42.34],[-83.08,42.3],[-83.1,42.26],[-83.14,42.14],[-83.14,41.98],[-83.02,41.84],[-82.86,41.76],[-82.7,41.68],[-82.44,41.68],[-82.22,41.78],[-81.98,41.88],[-81.76,41.98],[-81.5,42.1],[-81.28,42.2],[-81.02,42.24],[-80.68,42.3],[-80.52,42.32],[-80.24,42.36],[-80.04,42.44],[-79.76,42.54],[-79.44,42.66],[-79.18,42.74],[-79.04,42.8],[-78.94,42.86],[-78.92,42.9],[-78.94,42.96],[-79.02,43],[-79.02,43.06],[-79.06,43.1],[-79.06,43.28],[-79.08,43.34],[-79.18,43.46],[-79,43.52],[-78.84,43.58],[-78.72,43.62],[-78.46,43.64],[-78.22,43.64],[-77.88,43.62],[-77.6,43.62],[-77.26,43.62],[-77.08,43.62],[-76.82,43.62],[-76.7,43.78],[-76.58,43.92],[-76.46,44.06],[-76.24,44.22],[-76.18,44.24],[-76.16,44.3],[-76.02,44.36],[-75.88,44.42],[-75.82,44.46],[-75.4,44.78],[-75.18,44.9],[-75,44.98],[-74.86,45],[-74.76,45],[-74.7,45],[-74.44,45],[-74.02,45],[-73.6,45],[-73.36,45],[-73.18,45],[-72.76,45],[-72.34,45],[-71.94,45],[-71.52,45],[-71.42,45.2],[-71.32,45.3],[-71.2,45.26],[-71.14,45.26],[-71.08,45.3],[-71,45.34],[-70.92,45.3],[-70.86,45.28],[-70.84,45.36],[-70.8,45.4],[-70.72,45.4],[-70.7,45.5],[-70.7,45.56],[-70.6,45.64],[-70.46,45.7],[-70.42,45.74],[-70.4,45.8],[-70.34,45.86],[-70.3,45.9],[-70.3,45.98],[-70.3,46.06],[-70.28,46.16],[-70.24,46.26],[-70.18,46.34],[-70.06,46.44],[-70.04,46.58],[-70,46.7],[-69.88,46.84],[-69.72,47],[-69.62,47.08],[-69.48,47.24],[-69.36,47.36],[-69.3,47.4],[-69.24,47.46],[-69.14,47.44],[-69.06,47.42],[-69.06,47.34],[-69.04,47.28],[-69,47.24],[-68.94,47.22],[-68.88,47.2],[-68.82,47.2],[-68.66,47.26],[-68.48,47.28],[-68.38,47.32],[-68.32,47.36],[-68.24,47.34],[-68.1,47.28],[-67.94,47.16],[-67.8,47.08],[-67.8,46.94],[-67.8,46.78],[-67.8,46.62],[-67.8,46.5],[-67.8,46.34],[-67.78,46.2],[-67.78,46.04],[-67.78,45.96],[-67.78,45.9],[-67.78,45.82],[-67.8,45.76],[-67.78,45.7],[-67.74,45.68],[-67.66,45.64],[-67.6,45.62],[-67.54,45.62],[-67.44,45.6],[-67.42,45.54],[-67.48,45.5],[-67.48,45.44],[-67.42,45.38],[-67.46,45.3],[-67.46,45.24],[-67.4,45.22],[-67.32,45.16],[-67.28,45.18],[-67.22,45.2],[-67.12,45.16]]}},{"type":"Feature","properties":{"l":0},"geometry":{"type":"LineString","coordinates":[[34.96,-11.58],[34.94,-11.46],[34.9,-11.4],[34.86,-11.36],[34.8,-11.34],[34.76,-11.3],[34.72,-11.24],[34.68,-11.18],[34.64,-11.12],[34.6,-11.08],[34.6,-11],[34.66,-10.88],[34.66,-10.8],[34.66,-10.72],[34.64,-10.62],[34.58,-10.52],[34.58,-10.42],[34.58,-10.32],[34.56,-10.24],[34.52,-10.08],[34.48,-9.94],[34.32,-9.76],[34.08,-9.54],[34,-9.5],[33.94,-9.56],[33.96,-9.62],[33.88,-9.68]]}},{"type":"Feature","properties":{"l":0},"geometry":{"type":"LineString","coordinates":[[107.98,21.5],[107.9,21.56],[107.8,21.64],[107.64,21.62],[107.48,21.6],[107.44,21.64],[107.36,21.6],[107.28,21.72],[107.18,21.72],[107.06,21.8],[107.02,21.84],[107,21.9],[106.92,21.92],[106.88,21.96],[106.8,21.98],[106.72,22],[106.66,21.98],[106.66,22.14],[106.66,22.24],[106.64,22.28],[106.6,22.32],[106.54,22.4],[106.56,22.5],[106.58,22.58],[106.64,22.58],[106.7,22.64],[106.74,22.72],[106.78,22.78],[106.62,22.88],[106.54,22.9],[106.46,22.9],[106.34,22.86],[106.28,22.86],[106.18,22.96],[106.06,22.98],[106,22.98],[105.96,22.94],[105.9,22.92],[105.84,22.92],[105.78,22.96],[105.7,23.02],[105.54,23.08],[105.54,23.12],[105.5,23.18],[105.44,23.24],[105.36,23.3],[105.28,23.34],[105.18,23.28],[105,23.2],[104.92,23.16],[104.86,23.14],[104.82,23.1],[104.82,23.02],[104.8,22.92],[104.74,22.86],[104.68,22.82],[104.64,22.82],[104.58,22.82],[104.52,22.8],[104.38,22.7],[104.3,22.72],[104.24,22.76],[104.14,22.8],[104.06,22.76],[104.02,22.66],[104,22.58],[103.94,22.54],[103.64,22.78],[103.58,22.74],[103.52,22.62],[103.48,22.6],[103.36,22.76],[103.3,22.76],[103.26,22.72],[103.2,22.64],[103.14,22.6],[103.14,22.54],[103.08,22.5],[103,22.46],[102.94,22.46],[102.88,22.52],[102.84,22.58],[102.72,22.64],[102.6,22.7],[102.52,22.74],[102.42,22.74],[102.38,22.64],[102.3,22.54],[102.24,22.46],[102.18,22.42],[102.12,22.38]]}},{"type":"Feature","properties":{"l":0},"geometry":{"type":"LineString","coordinates":[[7.44,43.76],[7.38,43.76],[7.38,43.74]]}},{"type":"Feature","properties":{"l":0},"geometry":{"type":"LineString","coordinates":[[12.44,41.9],[12.44,41.9]]}},{"type":"Feature","properties":{"l":0},"geometry":{"type":"LineString","coordinates":[[113.54,22.22],[113.5,22.24],[113.48,22.2]]}},{"type":"Feature","properties":{"l":0},"geometry":{"type":"LineString","coordinates":[[114.02,22.52],[114.1,22.56],[114.18,22.56],[114.26,22.54]]}},{"type":"Feature","properties":{"l":0},"geometry":{"type":"LineString","coordinates":[[70.62,39.78],[70.56,39.8],[70.52,39.82],[70.48,39.88],[70.56,39.86],[70.66,39.86],[70.62,39.78]]}},{"type":"Feature","properties":{"l":0},"geometry":{"type":"LineString","coordinates":[[71.22,39.9],[71.16,39.88],[71.06,39.88],[71.02,39.9],[71.04,39.98],[70.98,40.04],[70.96,40.08],[71,40.16],[71.08,40.08],[71.14,40.06],[71.22,40.04],[71.18,39.98],[71.22,39.9]]}},{"type":"Feature","properties":{"l":0},"geometry":{"type":"LineString","coordinates":[[145.94,43.1],[145.9,43.26],[145.86,43.38],[145.84,43.42],[145.78,43.48],[145.68,43.54],[145.54,43.52],[145.42,43.64],[145.26,43.74],[145.24,43.78],[145.26,43.86],[145.54,44.14],[145.62,44.3],[145.66,44.44],[145.64,44.6],[145.58,44.78]]}},{"type":"Feature","properties":{"l":0},"geometry":{"type":"LineString","coordinates":[[-1.28,32.08],[-1.22,32.1],[-1.22,32.16],[-1.26,32.28],[-1.24,32.34],[-1.16,32.4],[-1.06,32.46],[-1.12,32.56],[-1.18,32.6],[-1.3,32.68],[-1.36,32.7],[-1.46,32.78],[-1.52,32.88],[-1.56,33.08],[-1.62,33.18],[-1.68,33.32],[-1.64,33.56],[-1.7,33.72],[-1.72,33.78],[-1.72,33.86],[-1.7,34],[-1.7,34.18],[-1.8,34.36],[-1.76,34.44],[-1.74,34.5],[-1.82,34.56],[-1.84,34.6],[-1.84,34.66],[-1.8,34.72],[-1.92,34.84],[-2.14,34.98],[-2.2,35.02],[-2.22,35.1]]}},{"type":"Feature","properties":{"l":0},"geometry":{"type":"LineString","coordinates":[[29,9.62],[29.12,9.68],[29.24,9.72],[29.48,9.76],[29.56,9.84],[29.6,9.92],[29.6,10.06],[29.7,10.12],[29.96,10.26],[30,10.28],[30.48,9.98],[30.74,9.74],[30.8,9.74],[30.94,9.76],[31.16,9.78],[31.22,9.8],[31.66,10.22],[31.8,10.38],[31.86,10.48],[31.94,10.66],[32.4,11.06],[32.42,11.12],[32.36,11.24],[32.34,11.32],[32.34,11.42],[32.34,11.58],[32.34,11.68],[32.08,12],[32.74,12],[32.72,12.1],[32.72,12.18],[33.2,12.22],[33.2,12.14],[33.14,11.94],[33.14,11.82],[33.12,11.7],[33.1,11.64],[33.08,11.6],[33.18,10.86],[33.14,10.78],[33.36,10.66],[33.46,10.56],[33.9,10.2],[33.96,10.08],[33.96,10],[33.94,9.94],[33.96,9.9],[33.9,9.72],[33.88,9.62],[33.86,9.56],[33.9,9.46],[34.08,9.46]]}},{"type":"Feature","properties":{"l":0},"geometry":{"type":"LineString","coordinates":[[24.14,8.66],[24.22,8.76],[24.3,8.82],[24.54,8.88],[24.54,9],[24.64,9.18],[24.66,9.22],[24.66,9.34],[24.68,9.38],[24.76,9.48],[24.8,9.62],[24.78,9.78],[24.82,9.84],[24.96,9.98],[25,10.06],[25.02,10.12],[25.02,10.18],[25.02,10.24],[25.06,10.3],[25.22,10.32],[25.28,10.32],[25.74,10.4],[25.8,10.42],[25.86,10.4],[25.88,10.34],[25.88,10.24],[25.92,10.16],[26,10.12],[26.06,10.04],[26.16,9.96],[26.56,9.52],[26.66,9.48],[26.76,9.5],[26.98,9.6],[27.08,9.62],[27.8,9.58],[27.88,9.6]]}},{"type":"Feature","properties":{"l":0},"geometry":{"type":"LineString","coordinates":[[27.88,9.6],[28,9.38],[28.04,9.32],[28.84,9.32],[28.82,9.38],[28.84,9.46],[28.94,9.54],[29,9.62]]}},{"type":"Feature","properties":{"l":0},"geometry":{"type":"LineString","coordinates":[[-56.48,1.94],[-56.52,1.98],[-56.56,2],[-56.62,2.02],[-56.7,2.04],[-56.76,2.12],[-56.82,2.22],[-56.84,2.28],[-56.88,2.32],[-56.94,2.4],[-56.94,2.46],[-56.98,2.52],[-57.02,2.6],[-57.06,2.66],[-57.1,2.74],[-57.16,2.84],[-57.2,2.88],[-57.2,2.96],[-57.24,3.08],[-57.24,3.14],[-57.28,3.22],[-57.28,3.36],[-57.42,3.38],[-57.5,3.36],[-57.54,3.36],[-57.6,3.36]]}},{"type":"Feature","properties":{"l":0},"geometry":{"type":"LineString","coordinates":[[-54.62,2.32],[-54.56,2.34],[-54.48,2.42],[-54.4,2.46],[-54.26,2.72],[-54.2,2.82],[-54.18,2.88],[-54.18,3],[-54.2,3.14],[-54.08,3.32],[-54.08,3.32]]}},{"type":"Feature","properties":{"l":0},"geometry":{"type":"LineString","coordinates":[[33.88,-9.68],[33.76,-9.62],[33.7,-9.6],[33.52,-9.6],[33.46,-9.62],[33.34,-9.52],[33.22,-9.5],[33.14,-9.5],[32.98,-9.4],[32.92,-9.4]]}},{"type":"Feature","properties":{"l":0},"geometry":{"type":"LineString","coordinates":[[33.6,46.1],[33.66,46.14],[33.66,46.22],[33.8,46.2],[34.02,46.1],[34.12,46.08],[34.22,46.1],[34.36,46.06],[34.44,45.96],[34.52,45.98],[34.68,45.98],[34.8,45.9],[34.8,45.8],[34.94,45.72],[35,45.74]]}},{"type":"Feature","properties":{"l":0},"geometry":{"type":"LineString","coordinates":[[77.04,35.1],[77,35.2],[76.98,35.24],[76.92,35.34],[76.88,35.44],[76.82,35.58],[76.76,35.66]]}},{"type":"Feature","properties":{"l":0},"geometry":{"type":"LineString","coordinates":[[77.04,35.1],[77.16,35.18],[77.3,35.24],[77.42,35.3],[77.58,35.38],[77.7,35.44],[77.8,35.5]]}},{"type":"Feature","properties":{"l":0},"geometry":{"type":"LineString","coordinates":[[79.12,33.22],[79.36,33.16],[79.34,33.04],[79.34,32.98],[79.44,32.84],[79.5,32.74],[79.46,32.64],[79.38,32.58],[79.3,32.5],[79.22,32.5],[79.22,32.5]]}},{"type":"Feature","properties":{"l":0},"geometry":{"type":"LineString","coordinates":[[79.22,32.5],[79.12,32.48],[79.06,32.38],[79,32.36],[78.92,32.36],[78.84,32.42],[78.78,32.46],[78.74,32.56],[78.7,32.6],[78.64,32.58],[78.52,32.58],[78.42,32.56],[78.42,32.46],[78.44,32.4],[78.46,32.3],[78.48,32.24],[78.48,32.24]]}},{"type":"Feature","properties":{"l":0},"geometry":{"type":"LineString","coordinates":[[78.48,32.24],[78.68,32.02],[78.72,31.98],[78.72,31.88],[78.72,31.88]]}},{"type":"Feature","properties":{"l":0},"geometry":{"type":"LineString","coordinates":[[78.72,31.88],[78.68,31.8],[78.7,31.74],[78.76,31.66],[78.8,31.62],[78.76,31.56],[78.72,31.48],[78.74,31.32],[78.8,31.3],[78.84,31.3]]}},{"type":"Feature","properties":{"l":0},"geometry":{"type":"LineString","coordinates":[[78.84,31.3],[78.9,31.34],[78.98,31.32],[79.02,31.42],[79.1,31.4],[79.24,31.24],[79.34,31.1],[79.38,31.08]]}},{"type":"Feature","properties":{"l":0},"geometry":{"type":"LineString","coordinates":[[79.38,31.08],[79.5,31],[79.56,30.94],[79.66,30.96],[79.8,30.96],[79.88,30.92],[79.92,30.9]]}},{"type":"Feature","properties":{"l":0},"geometry":{"type":"LineString","coordinates":[[79.92,30.9],[80.08,30.78],[80.14,30.78],[80.2,30.76],[80.2,30.68],[80.18,30.6],[80.2,30.56]]}},{"type":"Feature","properties":{"l":0},"geometry":{"type":"LineString","coordinates":[[80.2,30.56],[80.26,30.56],[80.4,30.5],[80.54,30.46],[80.6,30.44],[80.68,30.42],[80.74,30.36],[80.88,30.3],[80.98,30.24],[81.02,30.16]]}},{"type":"Feature","properties":{"l":0},"geometry":{"type":"LineString","coordinates":[[90.34,28.12],[90.36,28.16],[90.34,28.24],[90.22,28.28],[90.1,28.3],[89.98,28.32],[89.9,28.3],[89.82,28.26],[89.8,28.24]]}},{"type":"Feature","properties":{"l":0},"geometry":{"type":"LineString","coordinates":[[89.8,28.24],[89.74,28.18],[89.66,28.16],[89.54,28.1],[89.48,28.06],[89.4,27.96],[89.28,27.84],[89.16,27.72],[89.12,27.62]]}},{"type":"Feature","properties":{"l":0},"geometry":{"type":"LineString","coordinates":[[89.12,27.62],[89.02,27.52],[89.02,27.52]]}},{"type":"Feature","properties":{"l":0},"geometry":{"type":"LineString","coordinates":[[89.02,27.52],[88.94,27.46],[88.9,27.32]]}},{"type":"Feature","properties":{"l":0},"geometry":{"type":"LineString","coordinates":[[75.3,32.32],[75.32,32.22],[75.26,32.14],[75.14,32.1],[75.08,32.08],[74.74,31.94],[74.64,31.88],[74.56,31.82],[74.52,31.76],[74.52,31.72],[74.58,31.52],[74.6,31.46],[74.54,31.26],[74.52,31.18],[74.54,31.14],[74.62,31.12],[74.64,31.04],[74.5,30.96],[74.38,30.9],[74.22,30.76],[74,30.52],[73.9,30.44],[73.88,30.36],[73.92,30.28],[73.94,30.22],[73.88,30.16],[73.8,30.1],[73.66,30.04],[73.46,29.98],[73.38,29.94],[73.32,29.78],[73.26,29.62],[73.24,29.56],[73.12,29.36],[72.94,29.08],[72.9,29.02],[72.62,28.9],[72.34,28.76],[72.3,28.7],[72.24,28.56],[72.18,28.42],[72.12,28.34],[71.94,28.18],[71.88,28.04],[71.88,27.96],[71.72,27.92],[71.54,27.86],[71.3,27.86],[71.18,27.84],[70.88,27.72],[70.8,27.7],[70.74,27.72],[70.7,27.76],[70.64,27.84],[70.62,27.94],[70.56,27.98],[70.48,28.02],[70.4,28.02],[70.32,27.98],[70.24,27.94],[70.2,27.9],[70.14,27.84],[70.04,27.7],[69.9,27.48],[69.72,27.32],[69.66,27.26],[69.62,27.22],[69.56,27.18],[69.54,27.12],[69.5,26.96],[69.48,26.8],[69.5,26.74],[69.6,26.7],[69.74,26.62],[69.92,26.58],[70.06,26.58],[70.12,26.54],[70.14,26.5],[70.14,26.34],[70.14,26.22],[70.08,26.08],[70.08,26],[70.1,25.92],[70.26,25.7],[70.32,25.68],[70.44,25.68],[70.5,25.68],[70.56,25.7],[70.64,25.66],[70.66,25.42],[70.7,25.34],[70.8,25.2],[70.88,25.06],[70.96,24.9],[71.02,24.76],[71.04,24.68],[71,24.66],[70.96,24.58],[70.98,24.52],[71,24.44],[71.04,24.4],[70.98,24.36],[70.92,24.36],[70.8,24.26],[70.72,24.24],[70.66,24.24],[70.58,24.28],[70.56,24.34],[70.56,24.38],[70.48,24.42],[70.28,24.36],[70.1,24.28],[70.06,24.24],[70.02,24.2],[69.94,24.18],[69.8,24.16],[69.72,24.18],[69.64,24.22],[69.56,24.28],[69.44,24.28],[69.24,24.26],[69.12,24.26],[69.06,24.28],[68.98,24.28],[68.9,24.3],[68.82,24.26],[68.8,24.3],[68.74,24.3],[68.72,23.96],[68.58,23.96],[68.48,23.96],[68.38,23.96],[68.28,23.92],[68.24,23.9],[68.16,23.86]]}},{"type":"Feature","properties":{"l":0},"geometry":{"type":"LineString","coordinates":[[36.7,45.62],[36.7,45.44],[36.66,45.34],[36.62,45.32],[36.64,45.26],[36.5,45.2],[36.54,45.14],[36.6,45.04],[36.62,44.96]]}},{"type":"Feature","properties":{"l":0},"geometry":{"type":"LineString","coordinates":[[-55.8,-31.04],[-55.88,-31.06],[-55.96,-31.08],[-56,-31.08],[-56.02,-31],[-56,-30.86]]}},{"type":"Feature","properties":{"l":0},"geometry":{"type":"LineString","coordinates":[[-56,-30.86],[-56.04,-30.78],[-56.1,-30.72],[-56.18,-30.62],[-56.4,-30.44],[-56.72,-30.18],[-56.84,-30.1],[-56.94,-30.1],[-57.04,-30.1],[-57.12,-30.14],[-57.18,-30.26],[-57.38,-30.28],[-57.56,-30.26],[-57.6,-30.18]]}},{"type":"Feature","properties":{"l":0},"geometry":{"type":"LineString","coordinates":[[-73.48,-49.76],[-73.5,-49.7],[-73.58,-49.58],[-73.56,-49.46],[-73.48,-49.4],[-73.46,-49.32],[-73.14,-49.3]]}},{"type":"Feature","properties":{"l":0},"geometry":{"type":"LineString","coordinates":[[-73.14,-49.3],[-73.14,-49.18],[-73.1,-49.1],[-73.04,-49.02],[-72.98,-48.98],[-72.86,-48.94],[-72.72,-48.9],[-72.66,-48.84],[-72.62,-48.8],[-72.6,-48.72],[-72.58,-48.66],[-72.6,-48.52],[-72.58,-48.48],[-72.5,-48.42],[-72.36,-48.36],[-72.3,-48.22],[-72.32,-48.12],[-72.4,-48.02],[-72.5,-47.98],[-72.52,-47.88],[-72.48,-47.78],[-72.42,-47.68],[-72.34,-47.58],[-72.34,-47.5],[-72.28,-47.44],[-72.1,-47.34],[-72.04,-47.24],[-71.98,-47.22],[-71.9,-47.2],[-71.9,-47.14],[-71.96,-47.08],[-71.96,-47.02],[-71.96,-46.94],[-71.94,-46.84],[-71.86,-46.8],[-71.74,-46.7],[-71.7,-46.66],[-71.7,-46.58],[-71.74,-46.42],[-71.76,-46.32],[-71.84,-46.2],[-71.88,-46.16],[-71.8,-46.1],[-71.68,-46.04],[-71.64,-45.96],[-71.68,-45.88],[-71.76,-45.84],[-71.78,-45.72],[-71.74,-45.58],[-71.7,-45.54],[-71.5,-45.52],[-71.5,-45.44],[-71.34,-45.34],[-71.36,-45.24],[-71.44,-45.16],[-71.54,-45.06],[-71.6,-44.98],[-71.82,-44.94],[-72.04,-44.9],[-72.08,-44.82],[-71.96,-44.8],[-71.78,-44.78],[-71.66,-44.78],[-71.56,-44.76],[-71.46,-44.74],[-71.36,-44.78],[-71.26,-44.76],[-71.22,-44.64],[-71.16,-44.56],[-71.16,-44.5],[-71.22,-44.44],[-71.32,-44.42],[-71.82,-44.38],[-71.84,-44.34],[-71.84,-44.24],[-71.82,-44.16],[-71.76,-44.06],[-71.72,-43.98],[-71.68,-43.92],[-71.72,-43.86],[-71.8,-43.76],[-71.74,-43.7],[-71.74,-43.64],[-71.76,-43.6],[-71.84,-43.52],[-71.9,-43.44],[-71.9,-43.34],[-71.82,-43.32],[-71.76,-43.3],[-71.76,-43.24],[-71.78,-43.16],[-71.9,-43.14],[-72.06,-43.1],[-72.1,-43.06],[-72.14,-43],[-72.12,-42.78],[-72.14,-42.64],[-72.14,-42.58],[-72.1,-42.52],[-72.06,-42.48],[-72.08,-42.36],[-72.12,-42.3],[-72.06,-42.2],[-72.02,-42.14],[-71.94,-42.16],[-71.86,-42.14],[-71.76,-42.1],[-71.74,-42.04],[-71.78,-41.96],[-71.84,-41.78],[-71.92,-41.66],[-71.88,-41.56],[-71.9,-41.4],[-71.88,-41.3],[-71.88,-41],[-71.88,-40.9],[-71.94,-40.78],[-71.94,-40.7],[-71.88,-40.62],[-71.84,-40.52],[-71.8,-40.44],[-71.76,-40.4],[-71.7,-40.38],[-71.72,-40.3],[-71.8,-40.24],[-71.82,-40.18],[-71.8,-40.12],[-71.7,-40.1],[-71.66,-40.02],[-71.64,-39.92],[-71.68,-39.84],[-71.7,-39.7],[-71.72,-39.64],[-71.66,-39.6],[-71.58,-39.62],[-71.54,-39.56],[-71.5,-39.5],[-71.46,-39.4],[-71.42,-39.28],[-71.4,-39.2],[-71.42,-38.98],[-71.4,-38.94],[-71.36,-38.88],[-71.28,-38.84],[-71.2,-38.8],[-71.08,-38.76],[-70.96,-38.74],[-70.9,-38.68],[-70.86,-38.6],[-70.84,-38.54],[-70.9,-38.5],[-70.96,-38.44],[-71,-38.32],[-71.02,-38.2],[-71.02,-38.04],[-71.1,-37.9],[-71.16,-37.76],[-71.18,-37.64],[-71.16,-37.56],[-71.14,-37.44],[-71.16,-37.4],[-71.2,-37.3],[-71.16,-37.22],[-71.12,-37.12],[-71.12,-37.06],[-71.16,-36.92],[-71.2,-36.84],[-71.16,-36.76],[-71.1,-36.68],[-71.06,-36.64],[-71.08,-36.58],[-71.06,-36.52],[-70.98,-36.48],[-70.9,-36.42],[-70.86,-36.42],[-70.8,-36.42],[-70.74,-36.34],[-70.72,-36.28],[-70.62,-36.22],[-70.56,-36.14],[-70.46,-36.14],[-70.4,-36.06],[-70.4,-35.98],[-70.42,-35.88],[-70.38,-35.78],[-70.42,-35.6],[-70.42,-35.52],[-70.46,-35.46],[-70.44,-35.38],[-70.48,-35.32],[-70.54,-35.3],[-70.56,-35.24],[-70.46,-35.2],[-70.4,-35.14],[-70.34,-34.92],[-70.32,-34.86],[-70.28,-34.78],[-70.26,-34.68],[-70.22,-34.58],[-70.14,-34.5],[-70.1,-34.44],[-70.06,-34.36],[-70.06,-34.3],[-70,-34.28],[-69.94,-34.26],[-69.88,-34.26],[-69.86,-34.18],[-69.86,-34.08],[-69.88,-33.92],[-69.9,-33.74],[-69.88,-33.6],[-69.84,-33.46],[-69.8,-33.4],[-69.8,-33.34],[-69.82,-33.28],[-69.9,-33.26],[-69.96,-33.28],[-70.02,-33.28],[-70.08,-33.2],[-70.1,-33.12],[-70.1,-33.02],[-70.04,-32.96],[-70.02,-32.88],[-70.12,-32.8],[-70.18,-32.62],[-70.16,-32.48],[-70.22,-32.44],[-70.26,-32.3],[-70.32,-32.26],[-70.34,-32.18],[-70.36,-32.08],[-70.3,-32.04],[-70.26,-31.96],[-70.34,-31.88],[-70.4,-31.88],[-70.46,-31.84],[-70.52,-31.66],[-70.58,-31.56],[-70.56,-31.42],[-70.56,-31.32],[-70.52,-31.22],[-70.52,-31.14],[-70.48,-31.12],[-70.38,-31.12],[-70.36,-31.06],[-70.3,-31.02],[-70.34,-30.96],[-70.34,-30.9],[-70.32,-30.84],[-70.26,-30.68],[-70.2,-30.5],[-70.16,-30.44],[-70.16,-30.38],[-70.1,-30.38],[-69.96,-30.36],[-69.9,-30.28],[-69.88,-30.22],[-69.84,-30.18],[-69.86,-30.12],[-69.92,-30.1],[-69.94,-30.02],[-69.92,-29.88],[-69.92,-29.76],[-69.98,-29.54],[-70.02,-29.32],[-70,-29.24],[-69.9,-29.14],[-69.82,-29.1],[-69.82,-29.04],[-69.74,-28.78],[-69.74,-28.64],[-69.68,-28.56],[-69.66,-28.42],[-69.52,-28.28],[-69.48,-28.2],[-69.44,-28.2],[-69.34,-28.08],[-69.26,-27.98],[-69.18,-27.92],[-69.16,-27.84],[-69.12,-27.74],[-69.04,-27.56],[-69,-27.44],[-68.94,-27.4],[-68.88,-27.24],[-68.84,-27.16],[-68.76,-27.12],[-68.7,-27.1],[-68.66,-27.14],[-68.6,-27.14],[-68.54,-27.08],[-68.4,-27.04],[-68.34,-27.02],[-68.32,-26.98],[-68.32,-26.88],[-68.38,-26.8],[-68.48,-26.68],[-68.58,-26.52],[-68.6,-26.42],[-68.58,-26.36],[-68.52,-26.28],[-68.42,-26.16],[-68.42,-26.06],[-68.52,-25.74],[-68.54,-25.66],[-68.6,-25.48],[-68.6,-25.42],[-68.54,-25.24],[-68.5,-25.16],[-68.44,-25.14],[-68.38,-25.1],[-68.42,-25.06],[-68.44,-25],[-68.46,-24.92],[-68.52,-24.9],[-68.56,-24.84],[-68.56,-24.74],[-68.5,-24.62],[-68.44,-24.6],[-68.42,-24.54],[-68.36,-24.5],[-68.3,-24.46],[-68.26,-24.4],[-68.04,-24.3],[-67.88,-24.24],[-67.58,-24.12],[-67.36,-24.04],[-67.34,-23.98],[-67.22,-23.64],[-67.08,-23.24],[-67,-23],[-67.2,-22.82]]}},{"type":"Feature","properties":{"l":0},"geometry":{"type":"LineString","coordinates":[[75.32,34.58],[75.26,34.6],[75.18,34.64],[75.12,34.64],[74.96,34.64],[74.78,34.68],[74.6,34.72],[74.5,34.74],[74.3,34.76],[74.18,34.72],[74.06,34.68],[73.96,34.66],[73.88,34.52],[73.86,34.48],[73.82,34.42],[73.8,34.32],[73.92,34.28],[73.98,34.24],[73.94,34.14],[73.9,34.1],[73.92,34.04],[74.12,34],[74.2,34],[74.26,33.94],[74.22,33.88],[74.08,33.84],[74,33.78],[73.98,33.72],[73.98,33.66],[74.06,33.6],[74.14,33.54],[74.14,33.46],[74.12,33.38],[74.06,33.3],[74,33.24],[74,33.18],[74.04,33.14],[74.12,33.08],[74.22,33.02],[74.28,33],[74.32,32.92],[74.32,32.86],[74.3,32.82]]}},{"type":"Feature","properties":{"l":0},"geometry":{"type":"LineString","coordinates":[[23.6,51.52],[23.54,51.62],[23.54,51.72],[23.58,51.76],[23.62,51.8],[23.6,51.88],[23.66,51.98],[23.66,52.04],[23.6,52.1],[23.5,52.14],[23.46,52.16],[23.32,52.2],[23.2,52.26],[23.18,52.3],[23.3,52.42],[23.42,52.52],[23.48,52.56],[23.84,52.66],[23.9,52.7],[23.92,52.78],[23.9,52.9],[23.88,53.02],[23.86,53.12],[23.78,53.28],[23.6,53.6],[23.48,53.94]]}},{"type":"Feature","properties":{"l":0},"geometry":{"type":"LineString","coordinates":[[34.08,9.46],[34.08,9.52],[34.12,9.72],[34.16,9.86],[34.18,9.92],[34.3,10.12],[34.32,10.2],[34.32,10.26],[34.28,10.52],[34.34,10.66],[34.44,10.78],[34.5,10.84],[34.58,10.88],[34.68,10.8],[34.78,10.74],[34.88,10.82],[34.94,10.86],[34.92,10.96],[34.96,11.16],[34.96,11.28],[35,11.42],[35.06,11.62],[35.08,11.74],[35.12,11.82],[35.26,11.96],[35.38,12.16],[35.44,12.3],[35.6,12.54],[35.68,12.62],[35.74,12.66],[35.82,12.68],[35.98,12.7],[36.1,12.72],[36.14,12.8],[36.14,12.92],[36.16,13.1],[36.22,13.28],[36.28,13.4],[36.3,13.46],[36.34,13.52],[36.4,13.62],[36.44,13.84],[36.44,13.98],[36.52,14.26]]}},{"type":"Feature","properties":{"l":0},"geometry":{"type":"LineString","coordinates":[[2.38,11.9],[2.36,11.84],[2.28,11.7],[2.24,11.62],[1.98,11.42],[1.86,11.44],[1.6,11.4],[1.56,11.44],[1.5,11.46],[1.42,11.44],[1.4,11.4],[1.32,11.3],[1.24,11.26],[1.18,11.26],[1.14,11.22],[1.1,11.16],[1.08,11.08],[1.02,11.06],[0.96,11.02],[0.9,11]]}},{"type":"Feature","properties":{"l":0},"geometry":{"type":"LineString","coordinates":[[31.94,-25.96],[31.88,-25.98],[31.64,-25.86],[31.42,-25.74],[31.34,-25.76],[31.2,-25.84],[31.08,-25.98],[31.04,-26.1],[30.94,-26.22],[30.8,-26.42],[30.78,-26.62],[30.8,-26.76],[30.88,-26.8],[30.94,-26.92],[31.06,-27.12],[31.28,-27.24],[31.46,-27.3],[31.74,-27.3],[31.96,-27.3],[31.94,-27.18],[31.96,-26.96],[32,-26.82],[32.08,-26.82],[32.12,-26.84]]}},{"type":"Feature","properties":{"l":0},"geometry":{"type":"LineString","coordinates":[[32.12,-26.84],[32.1,-26.52],[32.08,-26.44],[32.04,-26.34],[32.04,-26.28],[32.06,-26.22],[32.06,-26.12],[32.06,-26.02],[31.96,-25.98],[31.94,-25.96]]}},{"type":"Feature","properties":{"l":0},"geometry":{"type":"LineString","coordinates":[[76.76,35.66],[76.64,35.72],[76.56,35.78],[76.56,35.88],[76.5,35.88],[76.38,35.84],[76.26,35.82],[76.18,35.82],[76.1,35.94],[76.02,36],[75.94,36.02],[75.9,36.08],[75.94,36.14],[75.98,36.38]]}},{"type":"Feature","properties":{"l":0},"geometry":{"type":"LineString","coordinates":[[27.34,5.18],[27.4,5.1],[27.44,5.04],[27.5,4.96],[27.66,4.84],[27.72,4.78],[27.76,4.7],[27.78,4.64],[27.84,4.6],[27.92,4.56],[27.98,4.54],[28.02,4.48],[28.08,4.42],[28.2,4.36],[28.24,4.34],[28.32,4.34],[28.36,4.32],[28.42,4.32],[28.52,4.38],[28.64,4.46],[28.72,4.5],[28.94,4.48],[29.06,4.44],[29.16,4.38],[29.22,4.4],[29.38,4.5],[29.46,4.62],[29.56,4.64],[29.68,4.58],[29.78,4.48],[29.88,4.32],[29.94,4.26],[30.02,4.18],[30.2,3.98],[30.42,3.88],[30.5,3.84],[30.54,3.78],[30.56,3.72],[30.56,3.66],[30.64,3.64],[30.7,3.64],[30.76,3.62],[30.8,3.58],[30.84,3.5]]}},{"type":"Feature","properties":{"l":0},"geometry":{"type":"LineString","coordinates":[[22.86,10.92],[22.94,10.8],[22.96,10.76],[23.26,10.46],[23.32,10.38],[23.46,10.18],[23.54,10.04],[23.64,9.82],[23.66,9.72],[23.64,9.62],[23.62,9.34],[23.6,9.26],[23.46,9.12],[23.46,9.04],[23.48,9],[23.56,8.94],[23.54,8.82],[23.58,8.76],[23.68,8.74],[23.92,8.7],[24.04,8.7],[24.14,8.66]]}},{"type":"Feature","properties":{"l":0},"geometry":{"type":"LineString","coordinates":[[46.12,38.88],[46.18,38.86],[46.32,38.92],[46.5,38.9]]}},{"type":"Feature","properties":{"l":0},"geometry":{"type":"MultiLineString","coordinates":[[[44.78,39.68],[44.84,39.62],[45,39.42],[45.08,39.36],[45.12,39.32],[45.14,39.26],[45.2,39.22],[45.26,39.2],[45.34,39.14],[45.38,39.1],[45.48,39],[45.58,38.98],[45.92,38.9],[46.12,38.88],[46.12,38.88]],[[46.5,38.9],[46.56,38.9],[46.78,39.08],[46.86,39.14],[46.98,39.18],[47.06,39.26],[47.18,39.34],[47.34,39.42],[47.48,39.5],[47.58,39.54],[47.78,39.64],[47.9,39.68],[48,39.68],[48.16,39.56],[48.28,39.44],[48.32,39.4],[48.26,39.36],[48.14,39.32],[48.1,39.24],[48.12,39.18],[48.28,39.1],[48.3,39.02],[48.24,38.98],[48.14,38.96],[48.06,38.94],[48,38.88],[48.02,38.82],[48.2,38.72],[48.26,38.64],[48.3,38.62],[48.38,38.6],[48.6,38.42],[48.84,38.44],[48.86,38.44]]]}},{"type":"Feature","properties":{"l":0},"geometry":{"type":"LineString","coordinates":[[81.02,30.16],[80.9,30.18],[80.84,30.14],[80.68,30],[80.62,29.96],[80.54,29.9],[80.4,29.74],[80.32,29.58],[80.26,29.42],[80.26,29.32],[80.24,29.2],[80.16,29.12],[80.08,29],[80.06,28.88],[80.14,28.78],[80.22,28.72],[80.32,28.66],[80.42,28.62],[80.48,28.6],[80.52,28.66],[80.58,28.64],[80.68,28.6],[80.72,28.56],[80.9,28.46],[81.02,28.4],[81.16,28.34],[81.2,28.28],[81.24,28.24],[81.32,28.18],[81.48,28.06],[81.64,27.98],[81.76,27.92],[81.86,27.86],[81.94,27.9],[82.04,27.9],[82.12,27.86],[82.28,27.76],[82.46,27.68],[82.62,27.68],[82.72,27.6],[82.74,27.52],[82.94,27.46],[83.06,27.44],[83.22,27.4],[83.28,27.38],[83.36,27.42],[83.44,27.46],[83.56,27.46],[83.74,27.4],[83.82,27.38],[83.9,27.44],[84.02,27.46],[84.1,27.5],[84.22,27.42],[84.48,27.34],[84.62,27.3],[84.64,27.24],[84.66,27.1],[84.68,27.04],[84.94,26.92],[85.02,26.88],[85.08,26.86],[85.16,26.84],[85.18,26.78],[85.24,26.76],[85.3,26.74],[85.46,26.8],[85.56,26.84],[85.64,26.82],[85.7,26.78],[85.7,26.72],[85.74,26.64],[85.8,26.6],[85.86,26.6],[86,26.64],[86.12,26.62],[86.24,26.6],[86.36,26.58],[86.42,26.56],[86.54,26.5],[86.7,26.44],[86.76,26.44],[87.02,26.56],[87.08,26.44],[87.16,26.4],[87.28,26.36],[87.42,26.42],[87.52,26.4],[87.64,26.4],[87.74,26.42],[87.84,26.44],[88,26.38],[88.06,26.44],[88.12,26.58],[88.16,26.72],[88.16,26.8],[88.12,26.92],[88,27.08],[88.02,27.4],[88.06,27.56],[88.1,27.64],[88.14,27.74],[88.16,27.8],[88.1,27.88]]}},{"type":"Feature","properties":{"l":0},"geometry":{"type":"LineString","coordinates":[[75.98,36.38],[75.96,36.46],[75.94,36.52],[75.88,36.6],[75.84,36.64],[75.78,36.7],[75.66,36.74],[75.58,36.76],[75.46,36.72],[75.38,36.88],[75.14,36.98],[75.06,36.98],[74.94,36.96],[74.88,36.96],[74.84,36.98],[74.76,37.02],[74.7,37.04],[74.6,37.04],[74.54,37.02]]}},{"type":"Feature","properties":{"l":1},"geometry":{"type":"LineString","coordinates":[[-53.94,-27.16],[-53.86,-27.16],[-53.8,-27.16],[-53.72,-27.16],[-53.66,-27.2],[-53.54,-27.2],[-53.48,-27.14],[-53.4,-27.08],[-53.34,-27.08],[-53.26,-27.16],[-53.18,-27.14],[-53.14,-27.14],[-53.08,-27.14],[-53,-27.16],[-52.9,-27.18],[-52.82,-27.18],[-52.74,-27.24],[-52.64,-27.26],[-52.52,-27.24],[-52.42,-27.24],[-52.34,-27.28],[-52.26,-27.28],[-52.2,-27.28],[-52.14,-27.28],[-52.06,-27.32],[-51.98,-27.38],[-51.92,-27.48],[-51.88,-27.5],[-51.76,-27.52],[-51.7,-27.48],[-51.64,-27.5],[-51.58,-27.54],[-51.54,-27.56],[-51.4,-27.62],[-51.28,-27.72],[-51.2,-27.78],[-51.12,-27.8],[-50.96,-27.96],[-50.74,-28.24],[-50.58,-28.38],[-50.44,-28.42],[-50.24,-28.46],[-50.16,-28.48],[-50.06,-28.44],[-49.94,-28.44],[-49.84,-28.46],[-49.74,-28.52],[-49.7,-28.6],[-49.8,-28.62],[-49.84,-28.7],[-49.96,-28.8],[-49.94,-28.94],[-50,-29.1],[-50.06,-29.1],[-50.16,-29.2],[-50.16,-29.28],[-50.06,-29.36],[-50.08,-29.24],[-49.96,-29.2],[-49.86,-29.22],[-49.82,-29.28],[-49.72,-29.32]]}},{"type":"Feature","properties":{"l":1},"geometry":{"type":"LineString","coordinates":[[-38.22,-9.34],[-38.16,-9.26],[-38.1,-9.18],[-37.96,-9.14],[-37.82,-8.98],[-37.8,-8.9],[-37.74,-8.86],[-37.68,-8.98],[-37.62,-8.98],[-37.52,-8.94],[-37.48,-9],[-37.4,-9.04],[-37.18,-9.24],[-37,-9.3],[-36.94,-9.36],[-36.9,-9.28],[-36.84,-9.26],[-36.58,-9.3],[-36.44,-9.2],[-36.34,-9.2],[-36.26,-9.14],[-36.24,-9.08],[-36.12,-9.02],[-36.02,-8.9],[-35.88,-8.88],[-35.8,-8.86],[-35.72,-8.92],[-35.6,-8.86],[-35.48,-8.84],[-35.4,-8.88],[-35.3,-8.88],[-35.16,-8.92]]}},{"type":"Feature","properties":{"l":1},"geometry":{"type":"LineString","coordinates":[[-38.7,-7.62],[-38.82,-7.66],[-38.86,-7.7],[-38.96,-7.84],[-39.08,-7.86],[-39.1,-7.76],[-39.24,-7.68],[-39.3,-7.62],[-39.36,-7.54],[-39.54,-7.48],[-39.66,-7.38],[-39.84,-7.34],[-39.96,-7.36],[-40.06,-7.4],[-40.18,-7.42],[-40.26,-7.4],[-40.54,-7.4]]}},{"type":"Feature","properties":{"l":1},"geometry":{"type":"LineString","coordinates":[[-34.8,-7.56],[-34.98,-7.52],[-35.06,-7.4],[-35.28,-7.38],[-35.38,-7.46],[-35.5,-7.46],[-35.56,-7.66],[-35.68,-7.72],[-35.84,-7.74],[-35.88,-7.74],[-35.94,-7.84],[-36.08,-7.82],[-36.12,-7.78],[-36.16,-7.82],[-36.22,-7.78],[-36.26,-7.82],[-36.34,-7.82],[-36.42,-7.82],[-36.44,-7.9],[-36.56,-7.92],[-36.66,-8.02],[-36.62,-8.08],[-36.78,-8.22],[-36.96,-8.28],[-37.06,-8.24],[-37.12,-8.16],[-37.16,-7.98],[-37.22,-7.96],[-37.34,-8],[-37.22,-7.82],[-37.16,-7.76],[-37.22,-7.64],[-37.2,-7.58],[-37.02,-7.5],[-37.02,-7.4],[-37.16,-7.34],[-37.26,-7.28],[-37.34,-7.3],[-37.38,-7.36],[-37.44,-7.34],[-37.56,-7.48],[-37.7,-7.54],[-37.8,-7.64],[-37.9,-7.68],[-37.98,-7.78],[-38.06,-7.76],[-38.08,-7.82],[-38.16,-7.78],[-38.22,-7.82],[-38.26,-7.86],[-38.3,-7.78],[-38.36,-7.7],[-38.42,-7.74],[-38.52,-7.76],[-38.58,-7.74],[-38.64,-7.68],[-38.7,-7.62]]}},{"type":"Feature","properties":{"l":1},"geometry":{"type":"LineString","coordinates":[[-40.54,-7.4],[-40.64,-7.4],[-40.7,-7.42],[-40.7,-7.52],[-40.62,-7.64],[-40.66,-7.76],[-40.54,-7.84],[-40.52,-7.9],[-40.54,-8.04],[-40.6,-8.12],[-40.74,-8.24],[-40.84,-8.36],[-40.88,-8.36],[-40.92,-8.44],[-41.02,-8.42],[-41.08,-8.52],[-41.16,-8.54],[-41.22,-8.64],[-41.36,-8.72]]}},{"type":"Feature","properties":{"l":1},"geometry":{"type":"LineString","coordinates":[[-46.02,-14.86],[-45.94,-14.74],[-45.92,-14.7],[-45.96,-14.54],[-45.96,-14.46],[-45.92,-14.36],[-46.02,-14.3],[-46.04,-14.26],[-46.12,-14.18],[-46.18,-14.08],[-46.22,-14],[-46.26,-13.86],[-46.28,-13.66],[-46.18,-13.4],[-46.1,-13.36],[-46.08,-13.26],[-46.18,-13.22],[-46.18,-13.16],[-46.16,-13.02],[-46.08,-12.98],[-46.08,-12.92],[-46.24,-12.8]]}},{"type":"Feature","properties":{"l":1},"geometry":{"type":"LineString","coordinates":[[-47.3,-16.04],[-47.86,-16.04],[-48.18,-16.04],[-48.26,-16.04],[-48.24,-15.96],[-48.28,-15.84],[-48.2,-15.74],[-48.24,-15.7],[-48.18,-15.48],[-47.76,-15.48],[-47.42,-15.5],[-47.3,-15.58],[-47.3,-15.7],[-47.36,-15.84],[-47.36,-15.98],[-47.3,-16.04]]}},{"type":"Feature","properties":{"l":1},"geometry":{"type":"LineString","coordinates":[[-50.96,-19.52],[-51.04,-19.36],[-51.14,-19.28],[-51.32,-19.26],[-51.4,-19.16],[-51.54,-19.14],[-51.64,-19.12],[-51.84,-19.04],[-51.92,-18.98],[-52.06,-18.94],[-52.1,-18.9],[-52.28,-18.82],[-52.34,-18.82],[-52.5,-18.7],[-52.62,-18.72],[-52.76,-18.7],[-52.86,-18.68],[-52.84,-18.54],[-52.78,-18.46],[-52.78,-18.4],[-52.9,-18.34],[-52.98,-18.38],[-53.04,-18.36],[-53.06,-18.3],[-53.04,-18.1],[-53.06,-18.02]]}},{"type":"Feature","properties":{"l":1},"geometry":{"type":"LineString","coordinates":[[-46.02,-14.86],[-46.08,-14.92],[-46.2,-14.94],[-46.3,-14.9],[-46.32,-14.84],[-46.38,-14.78],[-46.52,-14.72],[-46.58,-14.8],[-46.56,-14.86],[-46.54,-15.04],[-46.64,-15.08],[-46.74,-15.02],[-46.84,-15.02],[-46.9,-15.04],[-46.94,-15.22],[-46.86,-15.32],[-46.94,-15.44],[-46.94,-15.54],[-46.86,-15.6],[-46.84,-15.84],[-46.86,-15.88],[-47.08,-15.94],[-47.12,-15.92],[-47.24,-16.04],[-47.3,-16.04],[-47.34,-16.14],[-47.32,-16.22],[-47.36,-16.3],[-47.44,-16.4],[-47.46,-16.5],[-47.4,-16.58],[-47.26,-16.66],[-47.16,-16.92],[-47.16,-16.98],[-47.24,-17.02],[-47.22,-17.08],[-47.32,-17.14],[-47.42,-17.28],[-47.46,-17.34],[-47.52,-17.46],[-47.46,-17.52],[-47.4,-17.5],[-47.28,-17.54],[-47.28,-17.66],[-47.32,-17.74],[-47.36,-17.82],[-47.34,-17.88],[-47.28,-18.06],[-47.44,-18.18],[-47.78,-18.38],[-47.92,-18.44],[-48.02,-18.44],[-48.22,-18.34],[-48.96,-18.32],[-49.1,-18.38],[-49.18,-18.4],[-49.24,-18.46],[-49.28,-18.5],[-49.32,-18.56],[-49.42,-18.6],[-49.48,-18.52],[-49.56,-18.52],[-49.62,-18.56],[-49.68,-18.6],[-49.78,-18.62],[-49.96,-18.62],[-50.1,-18.64],[-50.24,-18.7],[-50.36,-18.76],[-50.46,-18.88],[-50.5,-18.96],[-50.48,-19.02],[-50.54,-19.08],[-50.58,-19.12],[-50.64,-19.12],[-50.72,-19.16],[-50.8,-19.24],[-50.84,-19.32],[-50.86,-19.38],[-50.86,-19.44],[-50.92,-19.46],[-50.96,-19.52],[-50.96,-19.52]]}},{"type":"Feature","properties":{"l":1},"geometry":{"type":"LineString","coordinates":[[-44.82,-23.3],[-44.86,-23.2],[-44.8,-23.14],[-44.8,-23],[-44.72,-22.94],[-44.58,-22.88],[-44.48,-22.86],[-44.36,-22.86],[-44.28,-22.82],[-44.24,-22.74],[-44.16,-22.7],[-44.22,-22.6],[-44.54,-22.62],[-44.64,-22.6],[-44.78,-22.42],[-44.84,-22.4]]}},{"type":"Feature","properties":{"l":1},"geometry":{"type":"LineString","coordinates":[[-46.24,-12.8],[-46.24,-12.72],[-46.16,-12.6],[-46.16,-12.5],[-46.32,-12.42],[-46.34,-12.34],[-46.34,-12.12],[-46.24,-12.04],[-46.22,-12],[-46.08,-11.92],[-46.1,-11.86],[-46.16,-11.84],[-46.24,-11.84],[-46.28,-11.76],[-46.24,-11.72],[-46.1,-11.66],[-46.08,-11.6],[-46.2,-11.54],[-46.42,-11.5],[-46.48,-11.42],[-46.56,-11.38],[-46.56,-11.32],[-46.52,-11.24],[-46.46,-11.18],[-46.36,-10.96],[-46.24,-10.92],[-46.3,-10.76],[-46.08,-10.58],[-46.04,-10.58],[-45.86,-10.46],[-45.76,-10.32]]}},{"type":"Feature","properties":{"l":1},"geometry":{"type":"LineString","coordinates":[[-45.76,-10.32],[-45.94,-10.32]]}},{"type":"Feature","properties":{"l":1},"geometry":{"type":"LineString","coordinates":[[-50.48,-12.84],[-50.4,-12.62],[-50.3,-12.48],[-50.16,-12.38],[-50.14,-12.48],[-50.2,-12.58],[-50.2,-12.66],[-50.28,-12.78],[-50.28,-12.9],[-50.24,-12.94],[-50.06,-13.02],[-49.98,-13.02],[-49.92,-13.08],[-49.68,-13.18],[-49.52,-13.2],[-49.38,-13.24],[-49.36,-13.14],[-49.3,-13],[-49.14,-12.74],[-49.02,-12.66],[-49,-12.74],[-48.92,-12.78],[-48.82,-12.88],[-48.8,-12.92],[-48.8,-13],[-48.76,-13.1],[-48.76,-13.2],[-48.78,-13.36],[-48.68,-13.34],[-48.66,-13.18],[-48.58,-13.16],[-48.48,-13.2],[-48.36,-13.18],[-48.22,-13.1],[-48.16,-13.1],[-48.18,-13.18],[-48.08,-13.2],[-48,-13.24],[-47.94,-13.24],[-47.86,-13.3],[-47.68,-13.36],[-47.72,-13.16],[-47.64,-13.12],[-47.56,-13.24],[-47.44,-13.24],[-47.3,-13.2],[-47.1,-13.1],[-46.98,-13.08],[-46.82,-13.08],[-46.76,-13.04],[-46.64,-12.92],[-46.6,-12.9],[-46.44,-12.84],[-46.3,-12.84],[-46.24,-12.8]]}},{"type":"Feature","properties":{"l":1},"geometry":{"type":"LineString","coordinates":[[-37.38,-11.5],[-37.58,-11.54],[-37.64,-11.52],[-37.8,-11.52],[-37.86,-11.44],[-37.96,-11.4],[-38,-11.36],[-37.98,-11.24],[-38.06,-11.16],[-38.1,-11.04],[-38.18,-10.98],[-38.24,-10.9],[-38.24,-10.82],[-38.2,-10.72],[-38.1,-10.7],[-38.02,-10.76],[-37.82,-10.68],[-37.78,-10.62],[-37.82,-10.54],[-37.84,-10.42],[-37.78,-10.3],[-37.78,-10.08],[-37.9,-9.94],[-37.96,-9.88],[-38.02,-9.72],[-38,-9.64],[-38.04,-9.6],[-37.98,-9.52]]}},{"type":"Feature","properties":{"l":1},"geometry":{"type":"LineString","coordinates":[[-48.58,-25.98],[-48.66,-25.98],[-48.92,-25.98],[-49.1,-26],[-49.22,-26.04],[-49.3,-26.1],[-49.46,-26.16],[-49.48,-26.22],[-49.6,-26.22],[-49.72,-26.16],[-49.88,-26.04],[-49.94,-26.02],[-50.2,-26.06],[-50.32,-26.06],[-50.36,-26.08],[-50.46,-26.02],[-50.54,-26.02],[-50.64,-26.08],[-50.74,-26.24],[-50.9,-26.28],[-50.94,-26.24],[-51.08,-26.24],[-51.24,-26.34],[-51.28,-26.42],[-51.28,-26.5],[-51.24,-26.6],[-51.28,-26.66],[-51.42,-26.7],[-51.5,-26.6],[-51.88,-26.6],[-52,-26.58],[-52.2,-26.44],[-52.46,-26.44],[-52.54,-26.4],[-52.64,-26.4],[-52.82,-26.34],[-52.92,-26.36],[-53,-26.36],[-53.12,-26.36],[-53.28,-26.26],[-53.36,-26.24],[-53.46,-26.28],[-53.52,-26.28],[-53.66,-26.26]]}},{"type":"Feature","properties":{"l":1},"geometry":{"type":"LineString","coordinates":[[-63.4,2.22],[-63.3,2.16],[-63.16,2.18],[-63.12,2.12],[-63,2.02],[-62.84,2.02],[-62.7,1.94],[-62.74,1.84],[-62.72,1.74],[-62.78,1.6],[-62.72,1.5],[-62.62,1.42],[-62.62,1.36],[-62.52,1.06],[-62.52,0.96],[-62.44,0.8],[-62.54,0.74],[-62.54,0.68],[-62.48,0.54],[-62.48,0.48],[-62.52,0.42],[-62.54,0.32],[-62.56,0.24],[-62.56,0.18],[-62.52,0.1],[-62.58,0.02],[-62.56,-0.04],[-62.52,-0.12],[-62.48,-0.22],[-62.4,-0.28],[-62.38,-0.34],[-62.36,-0.46],[-62.32,-0.52],[-62.32,-0.64],[-62.38,-0.72],[-62.48,-0.7],[-62.5,-0.78],[-62.42,-0.82],[-62.32,-0.94],[-62.24,-0.98],[-62.2,-1.04],[-62.14,-1.06],[-62.02,-1.14],[-61.94,-1.24],[-61.88,-1.36],[-61.8,-1.38],[-61.72,-1.4],[-61.62,-1.44],[-61.62,-1.28],[-61.58,-1.14],[-61.56,-1.02],[-61.58,-0.94],[-61.54,-0.72],[-61.46,-0.64],[-61.24,-0.54],[-61.22,-0.5],[-61.1,-0.5],[-61.06,-0.54],[-60.94,-0.56],[-60.9,-0.62],[-60.82,-0.68],[-60.74,-0.86],[-60.64,-0.86],[-60.52,-0.82],[-60.46,-0.74],[-60.34,-0.7],[-60.32,-0.62],[-60.4,-0.52],[-60.38,-0.46],[-60.32,-0.3],[-60.32,-0.24],[-60.26,-0.16],[-60.22,-0.04],[-60.16,0],[-60.12,0.14],[-60.02,0.22],[-59.78,0.22],[-58.86,0.22]]}},{"type":"Feature","properties":{"l":1},"geometry":{"type":"LineString","coordinates":[[-58.98,1.38],[-58.86,0.22]]}},{"type":"Feature","properties":{"l":1},"geometry":{"type":"LineString","coordinates":[[-73.8,-7.12],[-72.66,-7.6],[-70.38,-8.16],[-69.8,-8.46],[-66.82,-9.84],[-66.82,-9.84]]}},{"type":"Feature","properties":{"l":1},"geometry":{"type":"LineString","coordinates":[[-61.6,-8.76],[-61.5,-8.84],[-61.48,-8.92],[-61.52,-9],[-61.56,-9.12],[-61.52,-9.22],[-61.6,-9.24],[-61.6,-9.32],[-61.54,-9.4],[-61.56,-9.46],[-61.48,-9.64],[-61.52,-9.7],[-61.52,-9.86],[-61.54,-10],[-61.56,-10.06],[-61.56,-10.26],[-61.48,-10.44],[-61.5,-10.68],[-61.48,-10.76],[-61.52,-10.78],[-61.5,-10.88],[-61.52,-10.96],[-61.48,-11],[-60.44,-11],[-60.38,-11.1],[-60.28,-11.08],[-60.18,-11.12],[-60.06,-11.12],[-60,-11.14],[-59.9,-11.38],[-60.02,-11.54],[-60.1,-11.6],[-60.1,-11.74],[-60.06,-11.9],[-59.98,-11.92],[-59.94,-12.06],[-59.88,-12.12],[-59.9,-12.24],[-59.82,-12.38],[-59.9,-12.62],[-60,-12.74],[-60.04,-12.88],[-60.08,-12.92],[-60.2,-12.98],[-60.28,-13.08],[-60.28,-13.14],[-60.36,-13.28],[-60.38,-13.42],[-60.66,-13.6],[-60.72,-13.66]]}},{"type":"Feature","properties":{"l":1},"geometry":{"type":"LineString","coordinates":[[-38.52,-6.38],[-38.6,-6.4],[-38.58,-6.26],[-38.52,-6.18],[-38.5,-6.12],[-38.42,-6.06],[-38.36,-6.1],[-38.3,-6.08],[-38.12,-5.88],[-38.08,-5.76],[-38.08,-5.68],[-38.04,-5.62],[-37.92,-5.46],[-37.72,-5.06],[-37.6,-4.96],[-37.54,-4.94],[-37.16,-4.8]]}},{"type":"Feature","properties":{"l":1},"geometry":{"type":"LineString","coordinates":[[-38.52,-6.38],[-38.44,-6.42],[-38.28,-6.5],[-38.14,-6.52],[-38.06,-6.44],[-38,-6.44],[-37.84,-6.34],[-37.8,-6.3],[-37.76,-6.18],[-37.64,-6.12],[-37.48,-6.08],[-37.42,-6.1],[-37.26,-6.02],[-37.18,-6.06],[-37.18,-6.12],[-37.4,-6.4],[-37.44,-6.52],[-37.5,-6.56],[-37.52,-6.68],[-37.34,-6.7],[-37.28,-6.74],[-37.22,-6.82],[-37.16,-6.78],[-37.04,-6.76],[-36.98,-6.7],[-36.94,-6.74],[-36.8,-6.76],[-36.74,-6.82],[-36.78,-6.94],[-36.72,-6.98],[-36.66,-6.94],[-36.58,-6.92],[-36.5,-6.78],[-36.52,-6.74],[-36.54,-6.64],[-36.44,-6.62],[-36.52,-6.48],[-36.5,-6.38],[-36.38,-6.3],[-36.3,-6.3],[-36.26,-6.42],[-35.92,-6.46],[-35.72,-6.44],[-35.66,-6.42],[-35.46,-6.46],[-35.3,-6.54],[-35.26,-6.5],[-35.04,-6.54],[-34.92,-6.48]]}},{"type":"Feature","properties":{"l":1},"geometry":{"type":"LineString","coordinates":[[-41.86,-20.78],[-41.74,-20.82],[-41.72,-20.98],[-41.74,-21.04],[-41.72,-21.12],[-41.44,-21.2],[-41.4,-21.18],[-41.26,-21.24],[-41.06,-21.22],[-40.96,-21.28]]}},{"type":"Feature","properties":{"l":1},"geometry":{"type":"LineString","coordinates":[[-45.76,-10.32],[-45.6,-10.34],[-45.52,-10.42],[-45.48,-10.48],[-45.44,-10.62],[-45.32,-10.78],[-45.04,-10.9],[-44.94,-10.86],[-44.86,-10.88],[-44.78,-10.86],[-44.76,-10.78],[-44.64,-10.74],[-44.62,-10.68],[-44.54,-10.62],[-44.42,-10.58],[-44.32,-10.6],[-44.22,-10.62],[-44.12,-10.58],[-44,-10.46],[-43.92,-10.44],[-43.8,-10.2],[-43.76,-10.16],[-43.76,-10.1],[-43.7,-10.04],[-43.72,-9.94],[-43.68,-9.8],[-43.72,-9.74],[-43.78,-9.56],[-43.82,-9.5],[-43.82,-9.42],[-43.7,-9.44],[-43.66,-9.36],[-43.6,-9.34],[-43.54,-9.36],[-43.44,-9.3],[-43.38,-9.42],[-43.18,-9.42],[-43.12,-9.38],[-43.04,-9.4],[-42.94,-9.48],[-42.86,-9.54],[-42.76,-9.52],[-42.62,-9.56],[-42.58,-9.48],[-42.48,-9.5],[-42.44,-9.4],[-42.32,-9.3],[-42.16,-9.3],[-42.04,-9.2],[-41.92,-9.22],[-41.86,-9.26],[-41.8,-9.18],[-41.74,-9.14],[-41.74,-8.98],[-41.6,-8.96],[-41.56,-8.98],[-41.5,-8.94],[-41.46,-8.86],[-41.4,-8.78],[-41.36,-8.72]]}},{"type":"Feature","properties":{"l":1},"geometry":{"type":"LineString","coordinates":[[-40.54,-7.4],[-40.54,-7.32],[-40.58,-7.2],[-40.52,-7],[-40.44,-6.9],[-40.42,-6.82],[-40.48,-6.74],[-40.62,-6.7],[-40.7,-6.66],[-40.72,-6.58],[-40.78,-6.5],[-40.8,-6.38],[-40.8,-6.26],[-40.9,-6.02],[-40.9,-5.9],[-40.92,-5.68],[-40.92,-5.6],[-40.94,-5.42],[-41.02,-5.36],[-41.06,-5.3],[-41.06,-5.16],[-41.12,-5.06],[-41.12,-5],[-41.18,-4.92],[-41.18,-4.82],[-41.22,-4.72],[-41.24,-4.62],[-41.24,-4.54],[-41.14,-4.42],[-41.08,-4.32],[-41.12,-4.18],[-41.18,-4.12],[-41.24,-4.04],[-41.28,-3.82],[-41.36,-3.7],[-41.38,-3.6],[-41.44,-3.44],[-41.42,-3.32],[-41.38,-3.28],[-41.26,-3.08],[-41.28,-2.86]]}},{"type":"Feature","properties":{"l":1},"geometry":{"type":"LineString","coordinates":[[-38.7,-7.62],[-38.64,-7.54],[-38.64,-7.46],[-38.58,-7.42],[-38.54,-7.3],[-38.54,-7.24],[-38.6,-7.22],[-38.68,-7.16],[-38.68,-7.04],[-38.74,-7],[-38.72,-6.9],[-38.66,-6.84],[-38.62,-6.76],[-38.66,-6.7],[-38.58,-6.48],[-38.52,-6.38]]}},{"type":"Feature","properties":{"l":1},"geometry":{"type":"LineString","coordinates":[[-54.68,2.52],[-54.74,2.42],[-54.72,2.26],[-54.78,2.14],[-54.76,2.08],[-54.8,2.02],[-54.76,1.96],[-54.76,1.9],[-54.74,1.78],[-54.58,1.78],[-54.5,1.74],[-54.36,1.76],[-54.2,1.66],[-54.08,1.54],[-54,1.52],[-53.92,1.46],[-53.9,1.4],[-53.76,1.4],[-53.66,1.42],[-53.66,1.36],[-53.56,1.36],[-53.54,1.24],[-53.44,1.26],[-53.4,1.18],[-53.46,1.16],[-53.42,0.94],[-53.26,0.78],[-53.14,0.76],[-53.14,0.54],[-53.12,0.38],[-53.04,0.24],[-53,0.14],[-53.02,0.06],[-52.98,-0.02],[-52.92,-0.2],[-52.82,-0.18],[-52.7,-0.3],[-52.62,-0.4],[-52.64,-0.56],[-52.6,-0.62],[-52.52,-0.64],[-52.5,-0.74],[-52.52,-0.88],[-52.4,-0.86],[-52.36,-0.92],[-52.36,-1.08],[-52.24,-1.14],[-52.14,-1.16],[-52.06,-1.18],[-51.98,-1.14],[-51.88,-1.16]]}},{"type":"Feature","properties":{"l":1},"geometry":{"type":"LineString","coordinates":[[-58.86,0.22],[-58.86,-0.08],[-58.86,-0.18],[-58.86,-0.36],[-58.74,-0.44],[-58.74,-0.62],[-58.7,-0.7],[-58.62,-0.76],[-58.56,-0.76],[-58.44,-0.86],[-58.4,-1.04],[-58.32,-1.12],[-58.26,-1.12],[-58.16,-1.24],[-58.08,-1.3],[-57.98,-1.34],[-57.9,-1.42],[-57.82,-1.44],[-57.66,-1.58],[-57.56,-1.62],[-57.44,-1.7],[-57.34,-1.74],[-57.28,-1.72],[-57.24,-1.76],[-57.16,-1.78],[-57.08,-1.82],[-57,-1.94],[-56.82,-2.04],[-56.74,-2.06],[-56.74,-2.18],[-56.64,-2.22],[-56.5,-2.16],[-56.48,-2.24],[-56.4,-2.34],[-56.4,-2.4],[-56.76,-3.18],[-58.3,-6.5],[-58.38,-6.58],[-58.44,-6.68],[-58.46,-6.8],[-58.38,-6.94],[-58.22,-7.14],[-58.14,-7.26],[-58.14,-7.34]]}},{"type":"Feature","properties":{"l":1},"geometry":{"type":"LineString","coordinates":[[-50.24,-9.84],[-51.3,-9.78],[-55.1,-9.56],[-56.46,-9.46],[-56.68,-9.38],[-56.78,-9.4],[-56.84,-9.28],[-56.92,-9.24],[-57.04,-9.24],[-57.08,-9.18],[-57.08,-9.08],[-57.3,-8.96],[-57.48,-8.8],[-57.58,-8.76],[-57.64,-8.62],[-57.66,-8.5],[-57.68,-8.44],[-57.64,-8.24],[-57.78,-8.04],[-57.9,-7.7],[-57.94,-7.62],[-57.98,-7.54],[-58.06,-7.4],[-58.14,-7.34]]}},{"type":"Feature","properties":{"l":1},"geometry":{"type":"LineString","coordinates":[[-41.86,-20.78],[-41.82,-20.64],[-41.8,-20.54],[-41.8,-20.42],[-41.86,-20.36],[-41.72,-20.2],[-41.4,-20.22],[-41.3,-19.96],[-41.18,-19.86],[-41.16,-19.66],[-41.02,-19.54],[-41.04,-19.5],[-40.96,-19.48],[-40.92,-19.3],[-40.94,-19.14],[-41.06,-19.04],[-41.02,-18.98],[-41.1,-18.88],[-41.16,-18.9],[-41.24,-18.86],[-41.2,-18.8],[-41.1,-18.82],[-40.94,-18.8],[-40.92,-18.7],[-41.02,-18.64],[-41,-18.46],[-41.02,-18.4],[-41.12,-18.34],[-41.06,-18.18],[-40.92,-18.1],[-40.84,-18.16],[-40.76,-18.14],[-40.9,-17.98],[-40.78,-17.98],[-40.72,-17.94],[-40.66,-17.96],[-40.54,-17.9],[-40.48,-17.92],[-40.42,-17.9],[-40.22,-17.98]]}},{"type":"Feature","properties":{"l":1},"geometry":{"type":"LineString","coordinates":[[-40.22,-17.98],[-40.2,-17.98]]}},{"type":"Feature","properties":{"l":1},"geometry":{"type":"LineString","coordinates":[[-61.6,-8.76],[-58.54,-8.74],[-58.48,-8.7],[-58.42,-8.52],[-58.4,-8.42],[-58.36,-8.28],[-58.32,-8.06],[-58.36,-7.9],[-58.34,-7.78],[-58.26,-7.68],[-58.22,-7.58],[-58.22,-7.48],[-58.2,-7.42],[-58.14,-7.34]]}},{"type":"Feature","properties":{"l":1},"geometry":{"type":"LineString","coordinates":[[-53.06,-18.02],[-53.06,-18.02]]}},{"type":"Feature","properties":{"l":1},"geometry":{"type":"LineString","coordinates":[[-40.2,-17.98],[-39.68,-18.32]]}},{"type":"Feature","properties":{"l":1},"geometry":{"type":"LineString","coordinates":[[-50.48,-12.84],[-50.56,-12.82],[-50.62,-12.76],[-50.66,-12.66],[-50.66,-12.56],[-50.62,-12.44],[-50.64,-12.28],[-50.66,-12.12],[-50.68,-11.98],[-50.66,-11.92],[-50.66,-11.86],[-50.72,-11.74],[-50.66,-11.66],[-50.68,-11.58],[-50.72,-11.48],[-50.7,-11.34],[-50.64,-11.16],[-50.62,-11],[-50.6,-10.68],[-50.56,-10.56],[-50.46,-10.38],[-50.4,-10.26],[-50.4,-10.18],[-50.34,-10.04],[-50.24,-9.84]]}},{"type":"Feature","properties":{"l":1},"geometry":{"type":"LineString","coordinates":[[-48.72,-5.36],[-48.26,-4.96],[-47.8,-4.6],[-47.66,-4.6],[-47.58,-4.54],[-47.48,-4.42],[-47.46,-4.34],[-47.38,-4.28],[-47.34,-4.16],[-47.32,-4.06],[-47.06,-3.84],[-47.02,-3.6],[-46.96,-3.52],[-46.94,-3.4],[-46.86,-3.32],[-46.74,-3.2],[-46.66,-3.1],[-46.64,-2.98],[-46.66,-2.92],[-46.58,-2.84],[-46.66,-2.74],[-46.6,-2.66],[-46.5,-2.62],[-46.48,-2.54],[-46.42,-2.52],[-46.44,-2.4],[-46.42,-2.24],[-46.28,-2.14],[-46.22,-1.92],[-46.22,-1.8],[-46.3,-1.8],[-46.32,-1.74],[-46.24,-1.72],[-46.2,-1.68],[-46.18,-1.58],[-46.2,-1.48],[-46.12,-1.34],[-46.14,-1.24],[-46,-1.14]]}},{"type":"Feature","properties":{"l":1},"geometry":{"type":"LineString","coordinates":[[-45.94,-10.32],[-45.94,-10.22],[-45.9,-10.08],[-45.9,-10.02],[-45.86,-9.84],[-45.84,-9.54],[-45.8,-9.46],[-45.82,-9.38],[-45.9,-9.32],[-45.9,-9.18],[-45.94,-9.12],[-45.94,-9.02],[-45.98,-8.92],[-45.92,-8.78],[-45.82,-8.7],[-45.76,-8.56],[-45.74,-8.44],[-45.66,-8.32],[-45.66,-8.26],[-45.58,-8.16],[-45.54,-7.86],[-45.48,-7.68],[-45.3,-7.56],[-45.02,-7.5],[-44.9,-7.44],[-44.82,-7.36],[-44.72,-7.4],[-44.58,-7.24],[-44.44,-7.14],[-44.3,-7.12],[-44.26,-7],[-44.16,-6.92],[-44.1,-6.8],[-44.04,-6.76],[-43.96,-6.76],[-43.82,-6.7],[-43.68,-6.7],[-43.56,-6.76],[-43.46,-6.84],[-43.3,-6.8],[-43.2,-6.76],[-43.14,-6.78],[-42.98,-6.74],[-42.92,-6.66],[-42.92,-6.62],[-42.86,-6.48],[-42.86,-6.26],[-42.96,-6.18],[-43,-6.12],[-43.08,-6.06],[-43.1,-5.78],[-43.08,-5.72],[-43.1,-5.62],[-43.04,-5.6],[-42.92,-5.4],[-42.84,-5.32],[-42.8,-5.16],[-42.84,-5.1],[-42.86,-4.94],[-42.9,-4.82],[-42.96,-4.78],[-42.94,-4.66],[-42.86,-4.5],[-42.9,-4.4],[-42.96,-4.4],[-42.98,-4.24],[-42.9,-4.14],[-42.86,-4.04],[-42.74,-3.92],[-42.66,-3.78],[-42.68,-3.7],[-42.62,-3.62],[-42.58,-3.58],[-42.5,-3.44],[-42.46,-3.48],[-42.36,-3.44],[-42.22,-3.44],[-42.1,-3.3],[-42,-3.24],[-41.92,-3.12],[-41.84,-3.04],[-41.82,-2.94],[-41.86,-2.86],[-41.84,-2.68]]}},{"type":"Feature","properties":{"l":1},"geometry":{"type":"LineString","coordinates":[[-41.36,-8.72],[-41.16,-8.7],[-41.1,-8.72],[-41.1,-8.78],[-41,-8.78],[-40.9,-8.86],[-40.9,-9.04],[-40.86,-9.1],[-40.86,-9.16],[-40.7,-9.22],[-40.7,-9.34],[-40.74,-9.42],[-40.68,-9.48],[-40.56,-9.46],[-40.42,-9.4],[-40.32,-9.3],[-40.28,-9.14],[-40.22,-9.1],[-40.08,-9.08],[-40,-9.06],[-39.94,-9.02],[-39.9,-8.98],[-39.88,-8.92],[-39.88,-8.86],[-39.84,-8.8],[-39.74,-8.8],[-39.68,-8.74],[-39.68,-8.68],[-39.6,-8.62],[-39.44,-8.56],[-39.34,-8.56],[-39.26,-8.64],[-39.1,-8.72],[-38.84,-8.8],[-38.7,-8.88],[-38.62,-8.9],[-38.58,-8.86],[-38.5,-8.84],[-38.48,-8.96],[-38.44,-9],[-38.34,-9.02],[-38.3,-9.04],[-38.3,-9.1],[-38.28,-9.2],[-38.22,-9.34],[-38.22,-9.36]]}},{"type":"Feature","properties":{"l":1},"geometry":{"type":"LineString","coordinates":[[-40.2,-17.98],[-40.24,-17.92],[-40.18,-17.82],[-40.2,-17.76],[-40.28,-17.72],[-40.38,-17.62],[-40.42,-17.56],[-40.48,-17.56],[-40.5,-17.42],[-40.6,-17.4],[-40.6,-17.32],[-40.56,-17.26],[-40.58,-17.14],[-40.52,-16.94],[-40.48,-16.86],[-40.3,-16.88],[-40.24,-16.84],[-40.28,-16.74],[-40.28,-16.62],[-40.26,-16.56],[-40.14,-16.54],[-40.06,-16.4],[-39.94,-16.32],[-39.86,-16.12],[-39.94,-16],[-40,-16],[-40.14,-15.9],[-40.24,-15.82],[-40.32,-15.82],[-40.48,-15.78],[-40.54,-15.8],[-40.58,-15.76],[-40.66,-15.72],[-40.76,-15.74],[-40.82,-15.68],[-40.9,-15.7],[-40.94,-15.68],[-41.02,-15.74],[-41.16,-15.78],[-41.34,-15.72],[-41.36,-15.5],[-41.8,-15.12],[-41.94,-15.18],[-42.08,-15.18],[-42.18,-15.1],[-42.26,-15.1],[-42.44,-15.04],[-42.58,-14.94],[-42.64,-14.94],[-42.9,-14.74],[-42.96,-14.68],[-43.24,-14.64],[-43.38,-14.7],[-43.44,-14.78],[-43.7,-14.74],[-43.82,-14.7],[-43.86,-14.66],[-43.88,-14.6],[-43.86,-14.56],[-43.8,-14.36],[-43.84,-14.32],[-44.16,-14.28],[-44.22,-14.24],[-44.32,-14.24],[-44.56,-14.34],[-44.84,-14.52],[-44.88,-14.6],[-45.1,-14.72],[-45.22,-14.74],[-45.32,-14.86],[-45.46,-14.94],[-45.56,-14.94],[-45.66,-15.04],[-45.72,-15.12],[-45.76,-15.14],[-45.92,-15.12],[-45.96,-15.18],[-46.08,-15.24],[-45.98,-14.98],[-46.02,-14.86]]}},{"type":"Feature","properties":{"l":1},"geometry":{"type":"LineString","coordinates":[[-44.84,-22.4],[-44.92,-22.44],[-45.06,-22.46],[-45.24,-22.56],[-45.28,-22.6],[-45.4,-22.64],[-45.48,-22.62],[-45.52,-22.66],[-45.58,-22.62],[-45.68,-22.62],[-45.8,-22.7],[-45.74,-22.72],[-45.74,-22.8],[-45.8,-22.86],[-45.86,-22.86],[-45.9,-22.82],[-46.02,-22.88],[-46.14,-22.9],[-46.28,-22.88],[-46.36,-22.84],[-46.36,-22.74],[-46.48,-22.68],[-46.4,-22.62],[-46.46,-22.52],[-46.54,-22.48],[-46.64,-22.4],[-46.7,-22.32],[-46.66,-22.2],[-46.6,-22.14],[-46.66,-22.06],[-46.62,-21.98],[-46.66,-21.9],[-46.66,-21.82],[-46.62,-21.78],[-46.6,-21.68],[-46.5,-21.52],[-46.5,-21.46],[-46.6,-21.42],[-46.66,-21.38],[-46.82,-21.36],[-46.9,-21.4],[-47,-21.4],[-47,-21.34],[-47.06,-21.2],[-47.12,-21.14],[-47.14,-20.98],[-47.22,-20.92],[-47.22,-20.8],[-47.1,-20.64],[-47.16,-20.52],[-47.26,-20.48],[-47.3,-20.42],[-47.26,-20.28],[-47.24,-20.2],[-47.32,-20.12],[-47.42,-20.04],[-47.52,-20],[-47.6,-20.02],[-47.66,-20.02],[-47.7,-20],[-47.74,-19.98],[-47.82,-19.98],[-47.86,-20.02],[-47.9,-20.08],[-48,-20.08],[-48.06,-20.12],[-48.1,-20.12],[-48.18,-20.08],[-48.26,-20.1],[-48.36,-20.14],[-48.72,-20.14],[-48.82,-20.16],[-48.86,-20.24],[-48.88,-20.38],[-48.92,-20.42],[-48.98,-20.34],[-49,-20.22],[-49.04,-20.18],[-49.12,-20.26],[-49.16,-20.3],[-49.24,-20.24],[-49.28,-20.14],[-49.28,-20.08],[-49.26,-20.02],[-49.38,-19.98],[-50.36,-19.86],[-50.44,-19.8],[-50.48,-19.8],[-50.58,-19.82],[-51,-20.1]]}},{"type":"Feature","properties":{"l":1},"geometry":{"type":"LineString","coordinates":[[-51,-20.1],[-51.06,-20.22],[-51.16,-20.3],[-51.4,-20.44],[-51.54,-20.56],[-51.6,-20.66],[-51.62,-20.8],[-51.7,-20.94],[-51.82,-21.08],[-51.86,-21.18],[-51.86,-21.26],[-51.88,-21.32],[-51.94,-21.42],[-51.96,-21.46],[-52.04,-21.52],[-52.06,-21.62],[-52.12,-21.72],[-52.24,-21.84],[-52.34,-21.96],[-52.4,-22.06],[-52.56,-22.2],[-52.96,-22.46],[-53.12,-22.64],[-53.12,-22.64]]}},{"type":"Feature","properties":{"l":1},"geometry":{"type":"LineString","coordinates":[[-51,-22.8],[-51.18,-22.74],[-51.36,-22.66],[-51.54,-22.68],[-51.64,-22.66],[-51.7,-22.66],[-51.74,-22.62],[-51.88,-22.62],[-51.98,-22.54],[-52.06,-22.52],[-52.14,-22.54],[-52.16,-22.6],[-52.22,-22.64],[-52.26,-22.6],[-52.32,-22.62],[-52.44,-22.6],[-52.52,-22.62],[-52.62,-22.58],[-52.7,-22.6],[-52.94,-22.58],[-53.04,-22.64],[-53.12,-22.64]]}},{"type":"Feature","properties":{"l":1},"geometry":{"type":"LineString","coordinates":[[-48.08,-25.3],[-48.1,-25.24],[-48.18,-25.2],[-48.24,-25.02],[-48.42,-24.96],[-48.52,-25.08],[-48.56,-25.06],[-48.54,-24.82],[-48.48,-24.74],[-48.62,-24.68],[-48.78,-24.7],[-48.82,-24.66],[-49.02,-24.66],[-49.1,-24.68],[-49.22,-24.7],[-49.3,-24.66],[-49.32,-24.54],[-49.24,-24.42],[-49.22,-24.34],[-49.28,-24.32],[-49.34,-24.22],[-49.34,-24.14],[-49.4,-24.08],[-49.6,-23.86],[-49.56,-23.72],[-49.6,-23.64],[-49.66,-23.5],[-49.62,-23.4],[-49.64,-23.26],[-49.74,-23.1],[-49.9,-23.04],[-49.96,-22.96],[-49.98,-22.92],[-50.12,-22.94],[-50.3,-22.96],[-50.36,-22.92],[-50.44,-22.94],[-50.62,-22.92],[-50.72,-22.94],[-50.78,-22.94],[-50.88,-22.82],[-51,-22.8]]}},{"type":"Feature","properties":{"l":1},"geometry":{"type":"LineString","coordinates":[[-53.06,-18.02],[-53.14,-18.04],[-53.3,-18],[-53.5,-18.02],[-53.6,-18],[-53.72,-18],[-53.86,-17.94],[-53.98,-17.94],[-53.86,-17.7],[-53.76,-17.64],[-53.68,-17.26],[-53.74,-17.26],[-53.82,-17.3],[-53.94,-17.46],[-54.04,-17.52],[-54.08,-17.58],[-54.14,-17.62],[-54.24,-17.64],[-54.32,-17.68],[-54.4,-17.68],[-54.42,-17.58],[-54.52,-17.52],[-54.7,-17.52],[-54.78,-17.56],[-54.82,-17.6],[-54.9,-17.66],[-55.08,-17.68],[-55.18,-17.68],[-55.34,-17.58],[-55.54,-17.5],[-55.6,-17.4],[-55.78,-17.36],[-55.84,-17.32],[-55.98,-17.26],[-56.02,-17.22],[-56.1,-17.18],[-56.24,-17.22],[-56.32,-17.28],[-56.44,-17.32],[-56.48,-17.3],[-56.66,-17.32],[-56.74,-17.32],[-56.78,-17.38],[-56.88,-17.52],[-56.98,-17.6],[-57.08,-17.74],[-57.2,-17.82],[-57.36,-17.88],[-57.48,-17.9],[-57.6,-17.82],[-57.64,-17.74],[-57.76,-17.74]]}},{"type":"Feature","properties":{"l":1},"geometry":{"type":"LineString","coordinates":[[138,-16.56],[138,-26]]}},{"type":"Feature","properties":{"l":1},"geometry":{"type":"LineString","coordinates":[[129,-26],[129,-14.88]]}},{"type":"Feature","properties":{"l":1},"geometry":{"type":"LineString","coordinates":[[138,-26],[129,-26]]}},{"type":"Feature","properties":{"l":1},"geometry":{"type":"LineString","coordinates":[[141,-29],[141,-26],[138,-26]]}},{"type":"Feature","properties":{"l":1},"geometry":{"type":"LineString","coordinates":[[129,-31.7],[129,-26]]}},{"type":"Feature","properties":{"l":1},"geometry":{"type":"LineString","coordinates":[[141,-34.02],[140.96,-38.08]]}},{"type":"Feature","properties":{"l":1},"geometry":{"type":"LineString","coordinates":[[141,-29],[148.98,-29],[149.02,-28.96],[149.06,-28.94],[149.08,-28.88],[149.18,-28.8],[149.34,-28.72],[149.44,-28.66],[149.46,-28.6],[149.52,-28.58],[149.6,-28.56],[149.68,-28.62],[149.86,-28.6],[150.14,-28.56],[150.34,-28.56],[150.46,-28.66],[150.72,-28.64],[150.86,-28.66],[150.98,-28.7],[151.04,-28.76],[151.12,-28.86],[151.24,-28.9],[151.3,-28.98],[151.34,-29.1],[151.4,-29.14],[151.48,-29.08],[151.52,-29.04],[151.56,-28.96],[151.72,-28.88],[151.76,-28.94],[151.82,-28.98],[151.86,-28.92],[151.94,-28.92],[152.02,-28.88],[152.06,-28.7],[152,-28.64],[151.96,-28.54],[152.16,-28.44],[152.22,-28.44],[152.3,-28.38],[152.42,-28.34],[152.5,-28.26],[152.58,-28.32],[152.76,-28.36],[152.84,-28.32],[153.12,-28.36],[153.2,-28.26],[153.38,-28.24],[153.52,-28.14]]}},{"type":"Feature","properties":{"l":1},"geometry":{"type":"LineString","coordinates":[[148.76,-35.5],[148.78,-35.64],[148.8,-35.7],[148.86,-35.74],[148.9,-35.82],[148.94,-35.88],[149.06,-35.92],[149.1,-35.82],[149.08,-35.62],[149.14,-35.5],[149.14,-35.44],[149.18,-35.38],[149.28,-35.34],[149.36,-35.36],[149.26,-35.28],[149.2,-35.22],[149.1,-35.14],[148.82,-35.32],[148.76,-35.5]]}},{"type":"Feature","properties":{"l":1},"geometry":{"type":"LineString","coordinates":[[141,-29],[141.02,-34.04]]}},{"type":"Feature","properties":{"l":1},"geometry":{"type":"LineString","coordinates":[[149.94,-37.5],[148.22,-36.8],[148.14,-36.78],[148.16,-36.74],[148.2,-36.62],[148.14,-36.54],[148.04,-36.18],[147.98,-36.04],[147.94,-36.02],[147.76,-35.96],[147.68,-35.96],[147.6,-35.98],[147.54,-35.98],[147.46,-35.96],[147.4,-35.98],[147.36,-36.06],[147.28,-36.04],[147.16,-36.04],[147.1,-36.06],[147.04,-36.1],[146.9,-36.1],[146.74,-36.06],[146.58,-36],[146.48,-36],[146.4,-36.04],[146.32,-36.06],[146.22,-36.06],[146.04,-36.02],[145.82,-35.98],[145.7,-35.94],[145.58,-35.86],[145.44,-35.84],[145.38,-35.84],[145.32,-35.84],[145.28,-35.84],[145.22,-35.84],[145.18,-35.86],[145.12,-35.86],[145,-35.88],[144.96,-35.92],[144.94,-35.98],[144.94,-36.02],[144.96,-36.08],[144.92,-36.1],[144.8,-36.12],[144.66,-36.08],[144.52,-36],[144.42,-35.9],[144.38,-35.82],[144.28,-35.72],[144.16,-35.64],[143.98,-35.52],[143.72,-35.42],[143.58,-35.32],[143.54,-35.24],[143.46,-35.2],[143.4,-35.16],[143.36,-35.04],[143.36,-34.88],[143.32,-34.78],[143.22,-34.74],[142.96,-34.7],[142.86,-34.66],[142.82,-34.6],[142.74,-34.6],[142.7,-34.64],[142.66,-34.74],[142.62,-34.78],[142.5,-34.72],[142.42,-34.6],[142.38,-34.48],[142.4,-34.38],[142.38,-34.34],[142.28,-34.28],[142.26,-34.22],[142.16,-34.18],[141.92,-34.12],[141.76,-34.12],[141.66,-34.14],[141.58,-34.2],[141.46,-34.18],[141.32,-34.12],[141.2,-34.08],[141.1,-34.06],[141.02,-34.04],[141,-34.02]]}},{"type":"Feature","properties":{"l":1},"geometry":{"type":"LineString","coordinates":[[150.7,-35.12],[150.64,-35.14],[150.62,-35.18]]}},{"type":"Feature","properties":{"l":1},"geometry":{"type":"LineString","coordinates":[[-66.82,-9.84],[-66.62,-9.92]]}},{"type":"Feature","properties":{"l":1},"geometry":{"type":"LineString","coordinates":[[-84.32,34.98],[-84.28,35.2],[-84.26,35.24],[-84.12,35.26],[-84.06,35.28],[-84,35.42],[-83.88,35.52],[-83.82,35.54],[-83.72,35.56],[-83.52,35.58],[-83.28,35.68],[-83.12,35.78],[-83,35.8],[-82.94,35.84],[-82.92,35.88],[-82.9,35.94],[-82.82,35.94],[-82.76,36],[-82.7,36.02],[-82.64,36.04],[-82.58,35.98],[-82.52,35.98],[-82.48,36.02],[-82.36,36.1],[-82.3,36.14],[-82.18,36.16],[-82.1,36.1],[-82.06,36.12],[-81.9,36.3],[-81.86,36.34],[-81.74,36.36],[-81.74,36.4],[-81.7,36.48],[-81.7,36.54],[-81.66,36.62]]}},{"type":"Feature","properties":{"l":1},"geometry":{"type":"LineString","coordinates":[[-74.7,41.36],[-74.78,41.32],[-74.84,41.26],[-74.92,41.16],[-75.04,41.06],[-75.12,41],[-75.08,40.88],[-75.12,40.8],[-75.18,40.78],[-75.2,40.68],[-75.18,40.6],[-75.1,40.54],[-75.04,40.42],[-74.98,40.4],[-74.74,40.16],[-74.9,40.08],[-75.02,40.02],[-75.08,39.98]]}},{"type":"Feature","properties":{"l":1},"geometry":{"type":"LineString","coordinates":[[-71.52,45],[-71.52,44.9],[-71.62,44.78],[-71.56,44.6],[-71.6,44.52],[-71.68,44.46],[-71.82,44.38],[-72,44.32],[-72.06,44.12],[-72.1,44.02],[-72.18,43.88],[-72.22,43.8],[-72.3,43.72],[-72.34,43.62],[-72.38,43.52],[-72.4,43.34],[-72.44,43.22],[-72.48,43.04],[-72.5,43],[-72.54,42.88],[-72.54,42.82],[-72.48,42.76],[-72.46,42.74]]}},{"type":"Feature","properties":{"l":1},"geometry":{"type":"LineString","coordinates":[[-82.58,38.42],[-82.6,38.44]]}},{"type":"Feature","properties":{"l":1},"geometry":{"type":"LineString","coordinates":[[-82.62,38.44],[-82.58,38.42]]}},{"type":"Feature","properties":{"l":1},"geometry":{"type":"LineString","coordinates":[[-81.96,37.54],[-82.1,37.58],[-82.28,37.68],[-82.4,37.82],[-82.42,37.9],[-82.48,37.94],[-82.58,38.1],[-82.62,38.14],[-82.58,38.24],[-82.58,38.42],[-82.58,38.42]]}},{"type":"Feature","properties":{"l":1},"geometry":{"type":"LineString","coordinates":[[-81.96,37.54],[-82.34,37.3],[-82.52,37.2],[-82.68,37.14],[-82.74,37.04],[-82.84,36.98],[-82.9,36.9],[-83.04,36.84],[-83.16,36.76],[-83.42,36.68],[-83.56,36.66],[-83.66,36.6]]}},{"type":"Feature","properties":{"l":1},"geometry":{"type":"LineString","coordinates":[[-89.74,31],[-89.76,30.88],[-89.84,30.74],[-89.82,30.64],[-89.8,30.56],[-89.74,30.52],[-89.68,30.46],[-89.64,30.34],[-89.62,30.3],[-89.6,30.22],[-89.54,30.2],[-89.52,30.2]]}},{"type":"Feature","properties":{"l":1},"geometry":{"type":"LineString","coordinates":[[-96.56,45.94],[-96.58,46.02],[-96.56,46.14],[-96.6,46.22],[-96.62,46.32],[-96.74,46.48],[-96.76,46.6],[-96.78,46.64],[-96.8,46.8],[-96.78,46.92],[-96.82,46.98],[-96.84,47.38],[-96.86,47.42],[-96.86,47.58],[-96.94,47.76],[-96.98,47.82],[-97,47.9],[-97.08,48.04],[-97.12,48.18],[-97.12,48.28],[-97.14,48.38],[-97.14,48.44],[-97.14,48.54],[-97.12,48.6],[-97.12,48.68],[-97.22,49]]}},{"type":"Feature","properties":{"l":1},"geometry":{"type":"LineString","coordinates":[[-94.04,33.56],[-94.1,33.58],[-94.2,33.58],[-94.3,33.58],[-94.36,33.56],[-94.44,33.6],[-94.48,33.64]]}},{"type":"Feature","properties":{"l":1},"geometry":{"type":"LineString","coordinates":[[-75.42,39.82],[-75.52,39.84],[-75.64,39.84],[-75.7,39.8],[-75.78,39.72]]}},{"type":"Feature","properties":{"l":1},"geometry":{"type":"LineString","coordinates":[[-81.08,35.16],[-81.06,35.08],[-81.04,35.06]]}},{"type":"Feature","properties":{"l":1},"geometry":{"type":"LineString","coordinates":[[-82.78,35.08],[-82.66,35.12],[-82.46,35.18],[-82.4,35.22],[-82.36,35.2]]}},{"type":"Feature","properties":{"l":1},"geometry":{"type":"LineString","coordinates":[[-120,60],[-120,59.62],[-120,59.24],[-120,58.84],[-120,58.46],[-120,58.08],[-120,57.7],[-120,57.3],[-120,56.92],[-120,56.54],[-120,56.16],[-120,55.76],[-120,55.38],[-120,55],[-120,54.62],[-120,54.22],[-120,53.84],[-119.98,53.8],[-119.92,53.76],[-119.88,53.7],[-119.82,53.7],[-119.74,53.64],[-119.88,53.62],[-119.9,53.52],[-119.82,53.5],[-119.72,53.4],[-119.68,53.38],[-119.6,53.38],[-119.44,53.36],[-119.3,53.24],[-119.26,53.2],[-119.04,53.14],[-119.02,53.2],[-118.92,53.22],[-118.8,53.16],[-118.76,53.06],[-118.68,53.02],[-118.66,52.98],[-118.64,52.9],[-118.5,52.88],[-118.42,52.84],[-118.42,52.78],[-118.36,52.74],[-118.32,52.68],[-118.36,52.62],[-118.28,52.56],[-118.22,52.48],[-118.24,52.4],[-118.2,52.38],[-118.06,52.42],[-118.02,52.46],[-117.88,52.44],[-117.76,52.4],[-117.82,52.28],[-117.78,52.24],[-117.58,52.14],[-117.38,52.14],[-117.32,52.16],[-117.24,52.04],[-117.08,51.92],[-117.04,51.88],[-116.94,51.74],[-116.82,51.72],[-116.8,51.78],[-116.72,51.8],[-116.64,51.76],[-116.56,51.66],[-116.5,51.62],[-116.46,51.58],[-116.42,51.54],[-116.38,51.5],[-116.3,51.44],[-116.28,51.34],[-116.18,51.3],[-116.14,51.26],[-116.06,51.24],[-116.02,51.16],[-115.94,51.1],[-115.8,51.08],[-115.62,50.96],[-115.58,50.9],[-115.64,50.86],[-115.44,50.76],[-115.38,50.72],[-115.34,50.72],[-115.3,50.68],[-115.26,50.6],[-115.22,50.56],[-115.12,50.58],[-115.04,50.58],[-115,50.54],[-114.78,50.36],[-114.72,50.12],[-114.66,50.06],[-114.66,49.98],[-114.68,49.94],[-114.64,49.8],[-114.64,49.74],[-114.68,49.64],[-114.74,49.6],[-114.68,49.56],[-114.6,49.56],[-114.6,49.46],[-114.56,49.4],[-114.48,49.34],[-114.42,49.28],[-114.38,49.24],[-114.18,49.16],[-114.14,49.1],[-114.06,49.04],[-114.06,49]]}},{"type":"Feature","properties":{"l":1},"geometry":{"type":"LineString","coordinates":[[-123.82,60],[-123.88,60.04],[-124,60.04],[-124,60.1],[-124.1,60.22],[-124.18,60.32],[-124.22,60.46],[-124.4,60.5],[-124.46,60.56],[-124.6,60.66],[-124.5,60.78],[-124.58,60.96],[-124.8,60.96],[-124.86,60.92],[-124.88,60.86],[-125.16,60.84],[-125.22,60.82],[-125.32,60.8],[-125.38,60.8],[-125.7,60.84],[-125.86,60.88],[-125.94,60.88],[-126,60.8],[-126.06,60.82],[-126.12,60.86],[-126.22,60.86],[-126.26,60.8],[-126.36,60.78],[-126.52,60.8],[-126.66,60.76],[-126.76,60.78],[-126.84,60.76],[-126.88,60.8],[-126.92,60.86],[-126.9,60.96],[-126.94,61.06],[-127.06,61.06],[-127.1,61.08],[-127.02,61.12],[-127.02,61.2],[-127.08,61.36],[-127.12,61.4],[-127.16,61.46],[-127.22,61.5],[-127.3,61.52],[-127.46,61.52],[-127.6,61.54],[-127.66,61.56],[-127.72,61.58],[-127.8,61.62],[-128,61.72],[-128.02,61.78],[-128.1,61.84],[-128.2,61.86],[-128.26,61.92],[-128.36,62],[-128.4,62.04],[-128.56,62.12],[-128.62,62.12],[-128.68,62.12],[-128.78,62.06],[-128.84,62.08],[-128.88,62.12],[-129.02,62.14],[-129.14,62.12],[-129.2,62.14],[-129.26,62.16],[-129.24,62.22],[-129.3,62.3],[-129.24,62.38],[-129.3,62.42],[-129.2,62.48],[-129.44,62.58],[-129.5,62.62],[-129.52,62.68],[-129.62,62.72],[-129.66,62.78],[-129.72,62.84],[-129.72,62.9],[-129.62,63.04],[-129.74,63.08],[-129.82,63.1],[-129.88,63.16],[-129.98,63.22],[-130.06,63.26],[-130.14,63.28],[-130.1,63.32],[-129.94,63.38],[-129.9,63.4],[-129.84,63.48],[-129.88,63.56],[-129.94,63.58],[-130.06,63.64],[-130.1,63.68],[-130.24,63.68],[-130.3,63.7],[-130.26,63.74],[-130.14,63.76],[-130.28,63.82],[-130.36,63.86],[-130.52,63.92],[-130.66,63.96],[-130.76,64],[-130.8,64.04],[-130.84,64.04],[-130.92,64.12],[-130.92,64.2],[-130.98,64.26],[-131.02,64.3],[-131.1,64.4],[-131.26,64.44],[-131.36,64.46],[-131.44,64.42],[-131.52,64.4],[-131.58,64.38],[-131.76,64.38],[-131.8,64.42],[-131.74,64.48],[-131.76,64.54],[-131.9,64.58],[-132.06,64.68],[-132.1,64.7],[-132.32,64.76],[-132.4,64.78],[-132.56,64.78],[-132.6,64.8],[-132.5,64.88],[-132.5,64.96],[-132.38,65.02],[-132.38,65.08],[-132.52,65.1],[-132.54,65.18],[-132.6,65.18],[-132.7,65.16],[-132.76,65.18],[-132.6,65.28],[-132.54,65.34],[-132.34,65.44],[-132.26,65.54],[-132.2,65.6],[-132.3,65.72],[-132.38,65.76],[-132.48,65.82],[-132.56,65.86],[-132.34,65.96],[-132.48,65.98],[-132.58,66.02],[-132.72,66],[-132.76,65.98],[-132.82,65.92],[-132.9,65.92],[-132.96,65.94],[-132.94,65.98],[-132.94,66.02],[-133.04,66.02],[-133.22,66],[-133.42,65.96],[-133.5,65.96],[-133.58,65.96],[-133.62,66.02],[-133.68,66.08],[-133.6,66.14],[-133.56,66.2],[-133.58,66.28],[-133.66,66.3],[-133.76,66.3],[-133.8,66.34],[-133.76,66.42],[-133.7,66.44],[-133.66,66.46],[-133.66,66.5],[-133.64,66.56],[-133.72,66.64],[-133.76,66.66],[-133.8,66.72],[-133.78,66.78],[-133.84,66.86],[-133.92,66.9],[-134.04,66.94],[-134.06,67],[-134.12,67],[-134.4,67],[-134.7,67],[-134.98,67],[-135.26,67],[-135.56,67],[-135.84,67],[-136.12,67],[-136.2,67.04],[-136.22,67.08],[-136.22,67.16],[-136.16,67.22],[-136.1,67.28],[-136.12,67.36],[-136.18,67.42],[-136.16,67.52],[-136.2,67.58],[-136.26,67.62],[-136.4,67.66],[-136.44,67.74],[-136.44,68.04],[-136.44,68.32],[-136.44,68.62],[-136.44,68.9]]}},{"type":"Feature","properties":{"l":1},"geometry":{"type":"LineString","coordinates":[[-68.38,47.58],[-68.42,47.52],[-68.5,47.48],[-68.62,47.42],[-69.06,47.3]]}},{"type":"Feature","properties":{"l":1},"geometry":{"type":"LineString","coordinates":[[-67.62,48],[-67.58,47.94],[-67.36,47.86],[-67.3,47.88],[-67.18,47.9],[-67.06,47.92],[-66.96,47.9],[-66.92,47.96],[-66.84,48],[-66.7,48.02]]}},{"type":"Feature","properties":{"l":1},"geometry":{"type":"LineString","coordinates":[[-120,42],[-120.26,42],[-120.52,42],[-120.8,42],[-121.06,42],[-121.32,42],[-121.58,42],[-121.84,42],[-122.12,42],[-122.38,42],[-122.64,42],[-122.9,42],[-123.16,42],[-123.42,42],[-123.7,42],[-123.96,42],[-124.22,42]]}},{"type":"Feature","properties":{"l":1},"geometry":{"type":"LineString","coordinates":[[-111.06,44.5],[-111.12,44.52],[-111.16,44.56],[-111.2,44.6],[-111.26,44.68],[-111.3,44.72],[-111.38,44.74],[-111.44,44.72],[-111.5,44.62],[-111.48,44.56],[-111.66,44.56],[-111.8,44.54],[-111.9,44.56],[-112.08,44.54],[-112.24,44.56],[-112.28,44.56],[-112.36,44.48],[-112.64,44.5],[-112.72,44.5],[-112.78,44.46],[-112.82,44.4],[-112.92,44.42],[-112.98,44.46],[-113,44.54],[-113.06,44.6],[-113.06,44.66],[-113.1,44.72],[-113.14,44.76],[-113.18,44.8],[-113.32,44.8],[-113.44,44.88],[-113.46,44.92],[-113.44,45],[-113.48,45.08],[-113.56,45.14],[-113.6,45.2],[-113.7,45.3],[-113.72,45.38],[-113.76,45.44],[-113.76,45.5],[-113.8,45.54],[-113.8,45.6],[-113.88,45.64],[-113.94,45.68],[-114,45.7],[-114.12,45.58],[-114.22,45.54],[-114.26,45.5],[-114.32,45.48],[-114.44,45.56],[-114.52,45.58],[-114.54,45.64],[-114.5,45.68],[-114.54,45.78],[-114.5,45.84],[-114.4,45.88],[-114.42,45.98],[-114.46,46.02],[-114.46,46.1],[-114.48,46.16],[-114.44,46.2],[-114.44,46.28],[-114.42,46.34],[-114.38,46.46],[-114.34,46.56],[-114.34,46.6],[-114.34,46.66],[-114.52,46.64],[-114.6,46.66],[-114.64,46.72],[-114.68,46.76],[-114.74,46.74],[-114.78,46.78],[-114.88,46.84],[-114.94,46.92],[-115.04,47],[-115.12,47.08],[-115.3,47.24],[-115.34,47.26],[-115.48,47.32],[-115.6,47.38],[-115.7,47.44],[-115.66,47.5],[-115.72,47.56],[-115.7,47.6],[-115.72,47.68],[-115.82,47.78],[-115.86,47.84],[-115.94,47.9],[-116.04,48],[-116.04,48.26],[-116.04,48.5],[-116.04,48.74],[-116.04,49]]}},{"type":"Feature","properties":{"l":1},"geometry":{"type":"LineString","coordinates":[[-111.06,44.5],[-111.06,44.34],[-111.06,44.18],[-111.06,44.04],[-111.06,43.88],[-111.06,43.72],[-111.06,43.56],[-111.06,43.4],[-111.06,43.24],[-111.06,43.1],[-111.06,42.94],[-111.06,42.78],[-111.06,42.62],[-111.06,42.46],[-111.06,42.32],[-111.06,42.16],[-111.06,42]]}},{"type":"Feature","properties":{"l":1},"geometry":{"type":"LineString","coordinates":[[-111.06,44.5],[-111.06,44.62],[-111.06,44.74],[-111.06,44.88],[-111.06,45],[-110.84,45],[-110.62,45],[-110.4,45],[-110.18,45],[-109.96,45],[-109.74,45],[-109.52,45],[-109.3,45],[-109.08,45],[-108.86,45],[-108.64,45],[-108.42,45],[-108.2,45],[-107.98,45],[-107.76,45],[-107.54,45],[-107.32,45],[-107.1,45],[-106.88,45],[-106.66,45],[-106.44,45],[-106.22,45],[-106,45],[-105.8,45],[-105.58,45],[-105.36,45],[-105.14,45],[-104.92,45],[-104.7,45],[-104.48,45],[-104.26,45],[-104.04,45]]}},{"type":"Feature","properties":{"l":1},"geometry":{"type":"LineString","coordinates":[[-117.02,42],[-117.38,42],[-117.76,42],[-118.14,42],[-118.5,42],[-118.88,42],[-119.26,42],[-119.62,42],[-120,42]]}},{"type":"Feature","properties":{"l":1},"geometry":{"type":"LineString","coordinates":[[-117.02,42],[-116.64,42],[-116.28,42],[-115.9,42],[-115.52,42],[-115.16,42],[-114.78,42],[-114.42,42],[-114.04,42]]}},{"type":"Feature","properties":{"l":1},"geometry":{"type":"LineString","coordinates":[[-111.06,42],[-111.24,42],[-111.42,42],[-111.62,42],[-111.8,42],[-111.98,42],[-112.18,42],[-112.36,42],[-112.54,42],[-112.74,42],[-112.92,42],[-113.1,42],[-113.3,42],[-113.48,42],[-113.66,42],[-113.86,42],[-114.04,42]]}},{"type":"Feature","properties":{"l":1},"geometry":{"type":"LineString","coordinates":[[-111.06,42],[-111.06,41.88],[-111.06,41.76],[-111.06,41.62],[-111.06,41.5],[-111.06,41.38],[-111.06,41.26],[-111.06,41.12],[-111.04,41],[-110.8,41],[-110.54,41],[-110.3,41],[-110.04,41],[-109.8,41],[-109.54,41],[-109.3,41],[-109.04,41]]}},{"type":"Feature","properties":{"l":1},"geometry":{"type":"LineString","coordinates":[[-114.04,42],[-114.04,41.84],[-114.04,41.68],[-114.04,41.54],[-114.04,41.38],[-114.04,41.22],[-114.04,41.06],[-114.04,40.9],[-114.04,40.76],[-114.04,40.6],[-114.04,40.44],[-114.04,40.28],[-114.04,40.12],[-114.04,39.98],[-114.04,39.82],[-114.04,39.66],[-114.04,39.5],[-114.04,39.34],[-114.04,39.2],[-114.04,39.04],[-114.04,38.88],[-114.04,38.72],[-114.04,38.56],[-114.04,38.4],[-114.04,38.26],[-114.04,38.1],[-114.04,37.94],[-114.04,37.78],[-114.04,37.62],[-114.04,37.48],[-114.04,37.32],[-114.04,37.16],[-114.04,37]]}},{"type":"Feature","properties":{"l":1},"geometry":{"type":"LineString","coordinates":[[-114.04,37],[-113.72,37],[-113.42,37],[-113.1,37],[-112.8,37],[-112.48,37],[-112.16,37],[-111.86,37],[-111.54,37],[-111.24,37],[-110.92,37],[-110.6,37],[-110.3,37],[-109.98,37],[-109.68,37],[-109.36,37],[-109.04,37]]}},{"type":"Feature","properties":{"l":1},"geometry":{"type":"LineString","coordinates":[[-109.04,37],[-109.04,36.64],[-109.04,36.3],[-109.04,35.94],[-109.04,35.58],[-109.04,35.22],[-109.04,34.88],[-109.04,34.52],[-109.04,34.16],[-109.04,33.82],[-109.04,33.46],[-109.04,33.1],[-109.04,32.74],[-109.04,32.4],[-109.04,32.04],[-109.04,31.68],[-109.04,31.32]]}},{"type":"Feature","properties":{"l":1},"geometry":{"type":"LineString","coordinates":[[-109.04,41],[-108.74,41],[-108.42,41],[-108.1,41],[-107.8,41],[-107.48,41],[-107.16,41],[-106.84,41],[-106.54,41],[-106.22,41],[-105.9,41],[-105.6,41],[-105.28,41],[-104.96,41],[-104.64,41],[-104.34,41],[-104.02,41]]}},{"type":"Feature","properties":{"l":1},"geometry":{"type":"LineString","coordinates":[[-109.04,41],[-109.04,40.76],[-109.04,40.5],[-109.04,40.26],[-109.04,40],[-109.04,39.76],[-109.04,39.5],[-109.04,39.26],[-109.04,39],[-109.04,38.76],[-109.04,38.5],[-109.04,38.26],[-109.04,38],[-109.04,37.76],[-109.04,37.5],[-109.04,37.26],[-109.04,37]]}},{"type":"Feature","properties":{"l":1},"geometry":{"type":"LineString","coordinates":[[-103,37],[-103.38,37],[-103.76,37],[-104.14,37],[-104.52,37],[-104.9,37],[-105.26,37],[-105.64,37],[-106.02,37],[-106.4,37],[-106.78,37],[-107.16,37],[-107.54,37],[-107.92,37],[-108.3,37],[-108.66,37],[-109.04,37]]}},{"type":"Feature","properties":{"l":1},"geometry":{"type":"LineString","coordinates":[[-104.02,45.94],[-104.02,46.14],[-104.02,46.32],[-104.02,46.52],[-104.02,46.7],[-104.02,46.9],[-104.02,47.08],[-104.02,47.28],[-104.02,47.46],[-104.02,47.66],[-104.02,47.84],[-104.02,48.04],[-104.02,48.24],[-104.02,48.42],[-104.04,48.62],[-104.04,48.8],[-104.04,49]]}},{"type":"Feature","properties":{"l":1},"geometry":{"type":"LineString","coordinates":[[-104.04,45],[-104,45.24],[-104,45.48],[-104,45.72],[-104.02,45.94]]}},{"type":"Feature","properties":{"l":1},"geometry":{"type":"LineString","coordinates":[[-104.02,43],[-104.02,43.26],[-104.04,43.5],[-104.04,43.76],[-104.04,44],[-104.04,44.26],[-104.04,44.5],[-104.04,44.76],[-104.04,45]]}},{"type":"Feature","properties":{"l":1},"geometry":{"type":"LineString","coordinates":[[-96.56,45.94],[-96.78,45.94],[-97.02,45.94],[-97.26,45.94],[-97.48,45.94],[-97.72,45.94],[-97.96,45.94],[-98.18,45.94],[-98.42,45.94],[-98.66,45.94],[-98.88,45.94],[-99.12,45.94],[-99.36,45.94],[-99.58,45.94],[-99.82,45.94],[-100.06,45.94],[-100.28,45.94],[-100.52,45.94],[-100.74,45.94],[-100.98,45.94],[-101.22,45.94],[-101.44,45.94],[-101.68,45.94],[-101.92,45.94],[-102.14,45.94],[-102.38,45.94],[-102.62,45.94],[-102.84,45.94],[-103.08,45.94],[-103.32,45.94],[-103.54,45.94],[-103.78,45.94],[-104.02,45.94]]}},{"type":"Feature","properties":{"l":1},"geometry":{"type":"LineString","coordinates":[[-104.02,41],[-104.02,41.26],[-104.02,41.5],[-104.02,41.76],[-104.02,42],[-104.02,42.26],[-104.02,42.5],[-104.02,42.76],[-104.02,43]]}},{"type":"Feature","properties":{"l":1},"geometry":{"type":"LineString","coordinates":[[-102.02,40],[-102.02,40.12],[-102.02,40.26],[-102.02,40.38],[-102.02,40.5],[-102.02,40.62],[-102.02,40.76],[-102.02,40.88],[-102.02,41],[-102.28,41],[-102.52,41],[-102.78,41],[-103.02,41],[-103.28,41],[-103.52,41],[-103.78,41],[-104.02,41]]}},{"type":"Feature","properties":{"l":1},"geometry":{"type":"LineString","coordinates":[[-102.02,37],[-102.02,37.18],[-102.02,37.38],[-102.02,37.56],[-102.02,37.76],[-102.02,37.94],[-102.02,38.12],[-102.02,38.32],[-102.02,38.5],[-102.02,38.68],[-102.02,38.88],[-102.02,39.06],[-102.02,39.26],[-102.02,39.44],[-102.02,39.62],[-102.02,39.82],[-102.02,40]]}},{"type":"Feature","properties":{"l":1},"geometry":{"type":"LineString","coordinates":[[-95.34,40],[-95.52,40],[-95.74,40],[-95.94,40],[-96.16,40],[-96.36,40],[-96.58,40],[-96.78,40],[-97,40],[-97.2,40],[-97.42,40],[-97.62,40],[-97.84,40],[-98.04,40],[-98.26,40],[-98.46,40],[-98.68,40],[-98.88,40],[-99.1,40],[-99.3,40],[-99.5,40],[-99.72,40],[-99.92,40],[-100.14,40],[-100.34,40],[-100.56,40],[-100.76,40],[-100.98,40],[-101.18,40],[-101.4,40],[-101.6,40],[-101.82,40],[-102.02,40]]}},{"type":"Feature","properties":{"l":1},"geometry":{"type":"LineString","coordinates":[[-103,36.5],[-103,36.62],[-103,36.76],[-103,36.88],[-103,37]]}},{"type":"Feature","properties":{"l":1},"geometry":{"type":"LineString","coordinates":[[-102.02,37],[-102.26,37],[-102.5,37],[-102.76,37],[-103,37]]}},{"type":"Feature","properties":{"l":1},"geometry":{"type":"LineString","coordinates":[[-94.48,33.64],[-94.7,33.7],[-94.76,33.74],[-94.86,33.76],[-94.96,33.84],[-95.14,33.94],[-95.22,33.96],[-95.28,33.92],[-95.38,33.88],[-95.42,33.88],[-95.52,33.88],[-95.56,33.92],[-95.62,33.94],[-95.76,33.9],[-95.86,33.86],[-95.94,33.88],[-96.14,33.82],[-96.2,33.78],[-96.28,33.76],[-96.32,33.72],[-96.42,33.78],[-96.48,33.8],[-96.6,33.84],[-96.6,33.9],[-96.64,33.9],[-96.7,33.86],[-96.74,33.86],[-96.84,33.88],[-96.88,33.94],[-96.98,33.94],[-97,33.88],[-97.06,33.86],[-97.1,33.76],[-97.18,33.76],[-97.2,33.8],[-97.18,33.88],[-97.26,33.86],[-97.36,33.84],[-97.44,33.84],[-97.48,33.88],[-97.58,33.92],[-97.6,33.98],[-97.66,34],[-97.8,33.9],[-97.84,33.88],[-97.92,33.88],[-97.96,33.98],[-98.06,34.04],[-98.1,34.14],[-98.22,34.14],[-98.36,34.14],[-98.42,34.08],[-98.5,34.08],[-98.6,34.16],[-98.74,34.14],[-98.8,34.16],[-98.96,34.2],[-99.1,34.22],[-99.16,34.22],[-99.2,34.32],[-99.26,34.38],[-99.36,34.46],[-99.4,34.4],[-99.54,34.4],[-99.64,34.38],[-99.68,34.42],[-99.86,34.54],[-99.94,34.58],[-100,34.58],[-100,34.7],[-100,34.82],[-100,34.94],[-100,35.06],[-100,35.18],[-100,35.3],[-100,35.42],[-100,35.54],[-100,35.66],[-100,35.78],[-100,35.9],[-100,36.02],[-100,36.14],[-100,36.26],[-100,36.38],[-100,36.5],[-100.18,36.5],[-100.38,36.5],[-100.56,36.5],[-100.76,36.5],[-100.94,36.5],[-101.12,36.5],[-101.32,36.5],[-101.5,36.5],[-101.68,36.5],[-101.88,36.5],[-102.06,36.5],[-102.26,36.5],[-102.44,36.5],[-102.62,36.5],[-102.82,36.5],[-103,36.5]]}},{"type":"Feature","properties":{"l":1},"geometry":{"type":"LineString","coordinates":[[-94.62,37],[-94.84,37],[-95.08,37],[-95.32,37],[-95.54,37],[-95.78,37],[-96,37],[-96.24,37],[-96.46,37],[-96.7,37],[-96.92,37],[-97.16,37],[-97.4,37],[-97.62,37],[-97.86,37],[-98.08,37],[-98.32,37],[-98.54,37],[-98.78,37],[-99,37],[-99.24,37],[-99.48,37],[-99.7,37],[-99.94,37],[-100.16,37],[-100.4,37],[-100.62,37],[-100.86,37],[-101.08,37],[-101.32,37],[-101.56,37],[-101.78,37],[-102.02,37]]}},{"type":"Feature","properties":{"l":1},"geometry":{"type":"LineString","coordinates":[[-96.46,43.5],[-96.6,43.5],[-96.58,43.44],[-96.54,43.38],[-96.54,43.3],[-96.56,43.24],[-96.5,43.2],[-96.46,43.12],[-96.5,43.04],[-96.52,42.96],[-96.56,42.86],[-96.62,42.8],[-96.62,42.72],[-96.54,42.66],[-96.5,42.6],[-96.48,42.52]]}},{"type":"Feature","properties":{"l":1},"geometry":{"type":"LineString","coordinates":[[-94.62,39.08],[-94.62,38.96],[-94.62,38.82],[-94.62,38.7],[-94.62,38.56],[-94.62,38.44],[-94.62,38.3],[-94.62,38.18],[-94.62,38.04],[-94.62,37.92],[-94.62,37.78],[-94.62,37.66],[-94.62,37.52],[-94.62,37.4],[-94.62,37.26],[-94.62,37.14],[-94.62,37]]}},{"type":"Feature","properties":{"l":1},"geometry":{"type":"LineString","coordinates":[[-94.62,39.12],[-94.62,39.08]]}},{"type":"Feature","properties":{"l":1},"geometry":{"type":"LineString","coordinates":[[-94.62,37],[-94.62,36.88],[-94.62,36.76],[-94.62,36.62],[-94.62,36.5]]}},{"type":"Feature","properties":{"l":1},"geometry":{"type":"LineString","coordinates":[[-95.76,40.6],[-95.52,40.6],[-95.26,40.6],[-95.02,40.6],[-94.76,40.6],[-94.5,40.6],[-94.26,40.62],[-94,40.62],[-93.74,40.62],[-93.5,40.62],[-93.24,40.62],[-93,40.62],[-92.74,40.62],[-92.48,40.62],[-92.24,40.62],[-91.98,40.62],[-91.74,40.62],[-91.68,40.56],[-91.62,40.54],[-91.54,40.46],[-91.44,40.38]]}},{"type":"Feature","properties":{"l":1},"geometry":{"type":"LineString","coordinates":[[-94.04,33.02],[-94.04,33.14],[-94.04,33.28],[-94.04,33.42],[-94.04,33.56]]}},{"type":"Feature","properties":{"l":1},"geometry":{"type":"LineString","coordinates":[[-94.62,36.5],[-94.6,36.36],[-94.58,36.22],[-94.56,36.08],[-94.52,35.94],[-94.5,35.8],[-94.48,35.66],[-94.46,35.52],[-94.44,35.38],[-94.44,35.28],[-94.44,35.16],[-94.44,35.06],[-94.46,34.96],[-94.46,34.84],[-94.46,34.74],[-94.46,34.62],[-94.46,34.52],[-94.46,34.4],[-94.46,34.3],[-94.48,34.2],[-94.48,34.08],[-94.48,33.98],[-94.48,33.86],[-94.48,33.76],[-94.48,33.64]]}},{"type":"Feature","properties":{"l":1},"geometry":{"type":"LineString","coordinates":[[-94.62,36.5],[-94.34,36.5],[-94.06,36.5],[-93.78,36.5],[-93.5,36.5],[-93.22,36.5],[-92.94,36.5],[-92.66,36.5],[-92.4,36.5],[-92.12,36.5],[-91.84,36.5],[-91.56,36.5],[-91.28,36.5],[-91,36.5],[-90.72,36.5],[-90.44,36.5],[-90.16,36.5],[-90.12,36.42],[-90.08,36.38],[-90.08,36.3],[-90.14,36.22],[-90.22,36.18],[-90.26,36.14],[-90.3,36.1],[-90.38,36],[-90.22,36],[-90.06,36],[-89.88,36],[-89.7,36]]}},{"type":"Feature","properties":{"l":1},"geometry":{"type":"LineString","coordinates":[[-80.52,40.64],[-80.52,40.76],[-80.52,40.86],[-80.52,40.96],[-80.52,41.06],[-80.52,41.18],[-80.52,41.28],[-80.52,41.38],[-80.52,41.48],[-80.52,41.6],[-80.52,41.7],[-80.52,41.8],[-80.52,41.9],[-80.52,42.02],[-80.52,42.12],[-80.52,42.22],[-80.52,42.32]]}},{"type":"Feature","properties":{"l":1},"geometry":{"type":"LineString","coordinates":[[-79.48,39.72],[-79.6,39.72],[-79.74,39.72],[-79.86,39.72],[-80,39.72],[-80.12,39.72],[-80.26,39.72],[-80.38,39.72],[-80.52,39.72],[-80.52,39.84],[-80.52,39.96],[-80.52,40.06],[-80.52,40.18],[-80.52,40.3],[-80.52,40.42],[-80.52,40.54],[-80.52,40.64]]}},{"type":"Feature","properties":{"l":1},"geometry":{"type":"LineString","coordinates":[[-93.8,29.98],[-93.72,30.08],[-93.72,30.28],[-93.76,30.34],[-93.72,30.48],[-93.72,30.56],[-93.66,30.66],[-93.62,30.72],[-93.58,30.82],[-93.56,30.9],[-93.54,30.94],[-93.56,31],[-93.54,31.04],[-93.56,31.1],[-93.56,31.18],[-93.66,31.32],[-93.74,31.48],[-93.8,31.56],[-93.82,31.76],[-93.9,31.88],[-94.04,32],[-94.04,32.12],[-94.04,32.26],[-94.04,32.38],[-94.04,32.5],[-94.04,32.64],[-94.04,32.76],[-94.04,32.88],[-94.04,33.02]]}},{"type":"Feature","properties":{"l":1},"geometry":{"type":"LineString","coordinates":[[-94.04,33.02],[-93.86,33.02],[-93.68,33.02],[-93.5,33.02],[-93.32,33.02],[-93.14,33.02],[-92.96,33.02],[-92.78,33.02],[-92.6,33.02],[-92.42,33.02],[-92.24,33.02],[-92.06,33.02],[-91.88,33.02],[-91.7,33.02],[-91.52,33.02],[-91.34,33.02],[-91.14,33.02]]}},{"type":"Feature","properties":{"l":1},"geometry":{"type":"LineString","coordinates":[[-90.3,35],[-90.04,35],[-89.78,35],[-89.5,35],[-89.24,35],[-88.98,35],[-88.72,35],[-88.44,35],[-88.18,35]]}},{"type":"Feature","properties":{"l":1},"geometry":{"type":"LineString","coordinates":[[-85,31],[-85.34,31],[-85.66,31],[-85.98,31],[-86.3,31],[-86.62,31],[-86.94,31],[-87.28,31],[-87.6,31],[-87.6,30.92],[-87.6,30.86],[-87.56,30.8],[-87.42,30.68],[-87.44,30.54],[-87.42,30.48],[-87.48,30.42],[-87.48,30.38]]}},{"type":"Feature","properties":{"l":1},"geometry":{"type":"LineString","coordinates":[[-83.1,35],[-83.1,35]]}},{"type":"Feature","properties":{"l":1},"geometry":{"type":"LineString","coordinates":[[-84.32,34.98],[-84.64,35],[-84.98,35],[-85.3,35],[-85.62,35]]}},{"type":"Feature","properties":{"l":1},"geometry":{"type":"LineString","coordinates":[[-83.12,35],[-83.42,35],[-83.72,35],[-84.02,35],[-84.32,34.98]]}},{"type":"Feature","properties":{"l":1},"geometry":{"type":"LineString","coordinates":[[-82.78,35.08],[-82.94,35.04],[-83.1,35],[-83.12,35]]}},{"type":"Feature","properties":{"l":1},"geometry":{"type":"LineString","coordinates":[[-81.04,35.06],[-80.94,35.12],[-80.88,35.06],[-80.8,34.96],[-80.78,34.9],[-80.78,34.82],[-80.64,34.82],[-80.5,34.82],[-80.36,34.82],[-80.22,34.82],[-80.08,34.8],[-79.94,34.8],[-79.8,34.8],[-79.66,34.8],[-79.52,34.68],[-79.38,34.56],[-79.24,34.46],[-79.12,34.34],[-78.98,34.22],[-78.84,34.12],[-78.7,34],[-78.56,33.88]]}},{"type":"Feature","properties":{"l":1},"geometry":{"type":"LineString","coordinates":[[-82.36,35.2],[-82.2,35.2],[-82.04,35.2],[-81.88,35.18],[-81.72,35.18],[-81.56,35.18],[-81.4,35.16],[-81.24,35.16],[-81.08,35.16]]}},{"type":"Feature","properties":{"l":1},"geometry":{"type":"LineString","coordinates":[[-71.8,42.02],[-71.72,42.02],[-71.62,42.02],[-71.52,42.02],[-71.46,42.02],[-71.38,42.02],[-71.38,41.9],[-71.34,41.84],[-71.3,41.78],[-71.24,41.7]]}},{"type":"Feature","properties":{"l":1},"geometry":{"type":"LineString","coordinates":[[-73.48,42.06],[-73.4,42.06],[-73.32,42.06],[-73.22,42.04],[-73.14,42.04],[-73.06,42.04],[-72.98,42.04],[-72.9,42.04],[-72.8,42.04],[-72.76,42.04],[-72.64,42.04],[-72.52,42.04],[-72.4,42.02],[-72.28,42.02],[-72.16,42.02],[-72.04,42.02],[-71.92,42.02],[-71.8,42.02],[-71.8,42.02]]}},{"type":"Feature","properties":{"l":1},"geometry":{"type":"LineString","coordinates":[[-71.8,42.02],[-71.8,41.96],[-71.8,41.88],[-71.8,41.82],[-71.8,41.76],[-71.8,41.66],[-71.8,41.58],[-71.8,41.52],[-71.8,41.42],[-71.84,41.34]]}},{"type":"Feature","properties":{"l":1},"geometry":{"type":"LineString","coordinates":[[-81.96,37.54],[-81.98,37.48],[-81.94,37.44],[-81.92,37.36],[-81.88,37.32],[-81.82,37.3],[-81.76,37.28],[-81.66,37.22],[-81.58,37.2],[-81.48,37.26],[-81.42,37.28],[-81.36,37.34],[-81.22,37.26],[-81.06,37.3],[-80.94,37.3],[-80.88,37.34],[-80.88,37.4],[-80.82,37.42],[-80.78,37.4],[-80.72,37.4],[-80.5,37.46],[-80.46,37.44],[-80.38,37.48],[-80.32,37.5],[-80.3,37.56],[-80.24,37.62],[-80.28,37.68],[-80.24,37.76],[-80.18,37.82],[-79.98,38.04],[-79.9,38.18],[-79.82,38.26],[-79.78,38.34],[-79.72,38.4],[-79.66,38.54],[-79.6,38.58],[-79.52,38.54],[-79.4,38.46],[-79.3,38.44],[-79.24,38.48],[-79.2,38.52],[-79.16,38.62],[-79.1,38.68],[-79.08,38.74],[-79.04,38.78],[-79,38.82],[-78.86,38.82],[-78.8,38.86],[-78.76,38.9],[-78.7,38.92],[-78.58,39],[-78.44,39.16],[-78.4,39.26],[-78.36,39.34],[-78.36,39.42],[-78.32,39.46],[-78.2,39.38],[-78.12,39.32],[-77.94,39.22],[-77.84,39.14],[-77.8,39.22],[-77.72,39.34]]}},{"type":"Feature","properties":{"l":1},"geometry":{"type":"LineString","coordinates":[[-79.48,39.72],[-79.24,39.72],[-79.02,39.72],[-78.78,39.72],[-78.56,39.72],[-78.32,39.72],[-78.1,39.72],[-77.86,39.72],[-77.64,39.72],[-77.4,39.72],[-77.16,39.72],[-76.94,39.72],[-76.7,39.72],[-76.48,39.72],[-76.24,39.72],[-76.02,39.72],[-75.78,39.72]]}},{"type":"Feature","properties":{"l":1},"geometry":{"type":"LineString","coordinates":[[-79.48,39.72],[-79.48,39.6],[-79.48,39.46],[-79.48,39.34],[-79.48,39.22]]}},{"type":"Feature","properties":{"l":1},"geometry":{"type":"LineString","coordinates":[[-75.78,39.72],[-75.78,39.56],[-75.76,39.4],[-75.76,39.24],[-75.74,39.08],[-75.74,38.94],[-75.72,38.78],[-75.72,38.62],[-75.7,38.46],[-75.58,38.46],[-75.36,38.46],[-75.14,38.46],[-75.04,38.46]]}},{"type":"Feature","properties":{"l":1},"geometry":{"type":"LineString","coordinates":[[-75.66,37.96],[-75.62,38],[-75.46,38.02],[-75.38,38.02],[-75.26,38.04],[-75.22,38.04]]}},{"type":"Feature","properties":{"l":1},"geometry":{"type":"LineString","coordinates":[[-77.02,38.8],[-76.94,38.88],[-76.98,38.96],[-77.04,39.02],[-77.12,38.94]]}},{"type":"Feature","properties":{"l":1},"geometry":{"type":"LineString","coordinates":[[-74.7,41.36],[-74.76,41.42],[-74.94,41.48],[-74.98,41.5],[-75.02,41.56],[-75.06,41.6],[-75.06,41.66],[-75.06,41.76],[-75.1,41.8],[-75.12,41.86],[-75.24,41.9],[-75.28,41.94],[-75.36,42],[-75.48,42],[-75.62,42],[-75.76,42],[-75.9,42],[-76.04,42],[-76.18,42],[-76.32,42],[-76.46,42],[-76.6,42],[-76.72,42],[-76.86,42],[-77,42],[-77.14,42],[-77.28,42],[-77.42,42],[-77.56,42],[-77.7,42],[-77.84,42],[-77.98,42],[-78.1,42],[-78.24,42],[-78.38,42],[-78.52,42],[-78.66,42],[-78.8,42],[-78.94,42],[-79.08,42],[-79.22,42],[-79.34,42],[-79.48,42],[-79.62,42],[-79.76,42],[-79.76,42.14],[-79.76,42.28],[-79.76,42.4],[-79.76,42.54]]}},{"type":"Feature","properties":{"l":1},"geometry":{"type":"LineString","coordinates":[[-73.26,42.76],[-73.28,42.66],[-73.32,42.58],[-73.34,42.5],[-73.38,42.42],[-73.42,42.34],[-73.44,42.24],[-73.48,42.16],[-73.5,42.08],[-73.48,42.06]]}},{"type":"Feature","properties":{"l":1},"geometry":{"type":"LineString","coordinates":[[-73.48,42.06],[-73.48,41.96],[-73.5,41.86],[-73.5,41.78],[-73.52,41.68],[-73.52,41.58],[-73.52,41.48],[-73.54,41.4],[-73.54,41.3],[-73.48,41.22],[-73.58,41.18],[-73.64,41.14],[-73.72,41.1],[-73.68,41.06],[-73.64,41]]}},{"type":"Feature","properties":{"l":1},"geometry":{"type":"LineString","coordinates":[[-74.7,41.36],[-74.6,41.32],[-74.5,41.26],[-74.4,41.22],[-74.3,41.18],[-74.2,41.12],[-74.1,41.08],[-74,41.04],[-73.92,41]]}},{"type":"Feature","properties":{"l":1},"geometry":{"type":"LineString","coordinates":[[-72.46,42.74],[-72.56,42.74],[-72.66,42.74],[-72.76,42.74],[-72.86,42.74],[-72.96,42.74],[-73.06,42.74],[-73.16,42.74],[-73.26,42.76]]}},{"type":"Feature","properties":{"l":1},"geometry":{"type":"LineString","coordinates":[[-73.26,42.76],[-73.28,42.82],[-73.26,42.86],[-73.26,42.94],[-73.26,43.02],[-73.26,43.12],[-73.26,43.26],[-73.26,43.36],[-73.26,43.44],[-73.24,43.56],[-73.3,43.62],[-73.4,43.58],[-73.42,43.62],[-73.38,43.76],[-73.38,43.88],[-73.42,44.04],[-73.4,44.14],[-73.38,44.18],[-73.34,44.24],[-73.32,44.36],[-73.3,44.46],[-73.38,44.6],[-73.34,44.78],[-73.36,44.86],[-73.34,44.94],[-73.36,45]]}},{"type":"Feature","properties":{"l":1},"geometry":{"type":"LineString","coordinates":[[-70.8,42.88],[-70.92,42.88],[-70.98,42.88],[-71.08,42.82],[-71.14,42.8],[-71.24,42.72],[-71.32,42.7],[-71.48,42.7],[-71.62,42.7],[-71.76,42.72],[-71.9,42.72],[-72.04,42.72],[-72.18,42.72],[-72.32,42.72],[-72.46,42.74]]}},{"type":"Feature","properties":{"l":1},"geometry":{"type":"LineString","coordinates":[[-70.74,43.08],[-70.82,43.16],[-70.82,43.24],[-70.92,43.32],[-70.96,43.38],[-70.96,43.46],[-70.96,43.54],[-70.98,43.64],[-70.98,43.76],[-70.98,43.86],[-71,43.98],[-71,44.08],[-71,44.2],[-71.02,44.3],[-71.02,44.42],[-71.04,44.52],[-71.04,44.64],[-71.04,44.76],[-71.06,44.86],[-71.06,44.98],[-71.06,45.08],[-71.08,45.2],[-71.08,45.3]]}},{"type":"Feature","properties":{"l":1},"geometry":{"type":"LineString","coordinates":[[-96.46,43.5],[-96.46,43.72],[-96.46,43.96],[-96.46,44.18],[-96.46,44.4],[-96.46,44.62],[-96.46,44.84],[-96.46,45.08],[-96.46,45.3],[-96.52,45.38],[-96.7,45.44],[-96.74,45.46],[-96.82,45.56],[-96.86,45.62],[-96.82,45.66],[-96.66,45.76],[-96.62,45.8],[-96.56,45.94]]}},{"type":"Feature","properties":{"l":1},"geometry":{"type":"LineString","coordinates":[[-91.24,43.5],[-91.58,43.5],[-91.9,43.5],[-92.22,43.5],[-92.56,43.5],[-92.88,43.5],[-93.2,43.5],[-93.52,43.5],[-93.86,43.5],[-94.18,43.5],[-94.5,43.5],[-94.82,43.5],[-95.16,43.5],[-95.48,43.5],[-95.8,43.5],[-96.12,43.5],[-96.46,43.5]]}},{"type":"Feature","properties":{"l":1},"geometry":{"type":"LineString","coordinates":[[-84.8,41.7],[-84.46,41.72],[-84.14,41.72],[-83.8,41.72],[-83.46,41.74],[-83.3,41.84],[-83.12,41.96]]}},{"type":"Feature","properties":{"l":1},"geometry":{"type":"LineString","coordinates":[[-89.96,47.28],[-89.84,47.46],[-89.72,47.64],[-89.62,47.82],[-89.5,48]]}},{"type":"Feature","properties":{"l":1},"geometry":{"type":"LineString","coordinates":[[-87.22,41.76],[-87.18,41.94],[-87.14,42.12],[-87.08,42.3],[-87.04,42.5]]}},{"type":"Feature","properties":{"l":1},"geometry":{"type":"LineString","coordinates":[[-90.66,42.52],[-90.2,42.52],[-89.74,42.5],[-89.3,42.5],[-88.84,42.5],[-88.38,42.5],[-87.94,42.5],[-87.48,42.5],[-87.04,42.5]]}},{"type":"Feature","properties":{"l":1},"geometry":{"type":"LineString","coordinates":[[-84.82,39.1],[-84.82,39.42],[-84.82,39.74],[-84.82,40.08],[-84.8,40.4],[-84.8,40.72],[-84.8,41.06],[-84.8,41.38],[-84.8,41.7]]}},{"type":"Feature","properties":{"l":1},"geometry":{"type":"LineString","coordinates":[[-87.22,41.76],[-86.92,41.76],[-86.62,41.76],[-86.32,41.76],[-86,41.76],[-85.7,41.76],[-85.4,41.76],[-85.1,41.76],[-84.8,41.76],[-84.8,41.7]]}},{"type":"Feature","properties":{"l":1},"geometry":{"type":"LineString","coordinates":[[-87.04,42.5],[-87.08,42.78],[-87.12,43.04],[-87.16,43.32],[-87.14,43.58],[-87.14,43.66],[-87.08,43.9],[-87.04,44.1],[-86.92,44.36],[-86.82,44.6],[-86.72,44.84],[-86.54,45.04],[-86.4,45.14],[-86.26,45.22],[-86.48,45.32],[-86.78,45.46],[-86.94,45.46],[-87.12,45.46],[-87.24,45.28],[-87.42,45.18],[-87.46,45.06],[-87.66,45.12],[-87.7,45.16],[-87.72,45.24],[-87.66,45.34],[-87.7,45.38],[-87.76,45.36],[-87.84,45.36],[-87.88,45.42],[-87.82,45.5],[-87.82,45.56],[-87.82,45.66],[-87.84,45.72],[-87.92,45.76],[-88.12,45.82],[-88.1,45.88],[-88.16,45.94],[-88.36,46],[-88.5,46.02],[-88.62,46.02],[-88.72,46.04],[-88.84,46.04],[-88.9,46.06],[-88.98,46.1],[-89.04,46.12],[-89.12,46.14],[-89.24,46.18],[-89.36,46.2],[-89.5,46.22],[-89.62,46.24],[-89.74,46.26],[-89.86,46.3],[-90,46.32],[-90.12,46.34],[-90.14,46.38],[-90.18,46.42],[-90.2,46.46],[-90.24,46.5],[-90.28,46.52],[-90.34,46.56],[-90.4,46.54],[-90.36,46.68],[-90.3,46.76],[-90.24,46.84],[-90.18,46.94],[-90.12,47.02],[-90.08,47.12],[-90.02,47.2],[-89.96,47.28]]}},{"type":"Feature","properties":{"l":1},"geometry":{"type":"LineString","coordinates":[[-91.66,31],[-91.42,31],[-91.18,31],[-90.94,31],[-90.7,31],[-90.46,31],[-90.22,31],[-89.98,31],[-89.74,31]]}},{"type":"Feature","properties":{"l":1},"geometry":{"type":"LineString","coordinates":[[-89.48,36.5],[-89.56,36.5]]}},{"type":"Feature","properties":{"l":1},"geometry":{"type":"LineString","coordinates":[[-114.62,35],[-114.88,35.2],[-115.14,35.4],[-115.4,35.6],[-115.64,35.8],[-115.9,36],[-116.16,36.2],[-116.4,36.4],[-116.66,36.58],[-116.84,36.72],[-117.02,36.86],[-117.2,37],[-117.4,37.14],[-117.58,37.28],[-117.76,37.42],[-117.94,37.56],[-118.12,37.7],[-118.36,37.86],[-118.6,38.02],[-118.82,38.18],[-119.06,38.34],[-119.3,38.5],[-119.54,38.68],[-119.76,38.84],[-120,39],[-120,39.18],[-120,39.38],[-120,39.56],[-120,39.76],[-120,39.94],[-120,40.12],[-120,40.32],[-120,40.5],[-120,40.68],[-120,40.88],[-120,41.06],[-120,41.26],[-120,41.44],[-120,41.62],[-120,41.82],[-120,42]]}},{"type":"Feature","properties":{"l":1},"geometry":{"type":"LineString","coordinates":[[-67.62,48],[-67.74,48],[-67.92,48],[-68.02,48],[-68.12,48],[-68.12,47.92],[-68.26,47.92],[-68.38,47.92],[-68.38,47.84],[-68.38,47.76],[-68.38,47.7],[-68.38,47.58]]}},{"type":"Feature","properties":{"l":1},"geometry":{"type":"LineString","coordinates":[[-123.82,60],[-124.78,60],[-125.72,60],[-126.68,60],[-127.62,60],[-128.58,60],[-129.52,60],[-130.48,60],[-131.44,60],[-132.38,60],[-133.34,60],[-134.28,60],[-135.24,60],[-136.2,60],[-137.14,60],[-138.1,60],[-139.06,60]]}},{"type":"Feature","properties":{"l":1},"geometry":{"type":"LineString","coordinates":[[-120,60],[-120.48,60],[-120.96,60],[-121.44,60],[-121.9,60],[-122.38,60],[-122.86,60],[-123.34,60],[-123.82,60]]}},{"type":"Feature","properties":{"l":1},"geometry":{"type":"LineString","coordinates":[[-64.04,46.02],[-64.16,45.96],[-64.22,45.9],[-64.28,45.84],[-64.32,45.84]]}},{"type":"Feature","properties":{"l":1},"geometry":{"type":"LineString","coordinates":[[-64.62,60.3],[-64.82,60.26],[-64.78,60.2],[-64.64,60.16],[-64.64,60.12],[-64.72,60.1],[-64.78,60.06],[-64.88,60.04],[-64.84,59.98],[-64.68,59.94],[-64.76,59.86],[-64.8,59.82],[-64.82,59.54],[-64.78,59.48],[-64.72,59.46],[-64.44,59.52],[-64.38,59.52],[-64.42,59.46],[-64.5,59.4],[-64.52,59.22],[-64.5,59.16],[-64.48,59.12],[-64.34,59.04],[-64.4,59],[-64.78,59.04],[-64.84,59.02],[-64.84,58.94],[-64.62,58.92],[-64.3,58.86],[-64.24,58.78],[-64.16,58.78],[-64,58.82],[-63.72,58.86],[-63.66,58.86],[-63.6,58.82],[-63.54,58.8],[-63.5,58.76],[-63.56,58.74],[-63.96,58.68],[-64.04,58.66],[-64.08,58.62],[-64.06,58.56],[-63.88,58.56],[-63.84,58.5],[-64.02,58.4],[-64.1,58.36],[-64.38,58.16],[-64.4,58.12],[-64.22,58.02],[-64.14,57.88],[-64.08,57.82],[-63.98,57.8],[-63.92,57.78],[-63.88,57.74],[-63.8,57.7],[-63.72,57.7],[-63.62,57.72],[-63.62,57.66],[-63.74,57.58],[-63.76,57.52],[-63.74,57.4],[-63.8,57.32],[-63.76,57.24],[-63.8,57.12],[-63.84,57.08],[-63.88,57.02],[-63.9,56.88],[-63.96,56.86],[-64,56.82],[-64.1,56.74],[-63.96,56.52],[-63.92,56.48],[-64.06,56.42],[-64.14,56.4],[-64.12,56.34],[-64.08,56.28],[-63.92,56.22],[-64,56.14],[-63.96,56.1],[-63.88,56.08],[-63.84,56.06],[-63.58,56.02],[-63.58,55.98],[-63.66,55.94],[-63.7,55.88],[-63.52,55.7],[-63.42,55.6],[-63.36,55.56],[-63.3,55.54],[-63.16,55.52],[-63.16,55.44],[-63.12,55.34],[-63.16,55.3],[-63.42,55.2],[-63.52,55.16],[-63.56,55.08],[-63.48,54.98],[-63.5,54.92],[-63.56,54.78],[-63.66,54.64],[-63.7,54.62],[-63.76,54.62],[-63.92,54.64],[-64.34,54.72],[-64.82,54.74],[-65.12,54.72],[-65.68,54.74],[-65.74,54.76],[-65.8,54.8],[-65.86,54.9],[-66.08,54.94],[-66.16,54.96],[-66.24,55],[-66.62,55.26],[-66.74,55.32],[-66.8,55.32],[-66.72,55.22],[-66.74,55.12],[-66.7,55],[-66.72,54.94],[-66.66,54.84],[-66.72,54.74],[-66.86,54.78],[-67.16,54.94],[-67.3,55.06],[-67.4,55.08],[-67.42,54.98],[-67.38,54.92],[-67.3,54.82],[-67.2,54.7],[-67.14,54.66],[-67.24,54.58],[-67.28,54.52],[-67.54,54.58],[-67.6,54.56],[-67.6,54.46],[-67.58,54.4],[-67.52,54.28],[-67.68,54.14],[-67.74,54.1],[-67.76,54.04],[-67.54,53.84],[-67.48,53.8],[-67.46,53.74],[-67.48,53.64],[-67.16,53.54],[-67.12,53.5],[-67.08,53.42],[-67.02,53.4],[-66.94,53.36],[-66.96,53.18],[-66.98,53.08],[-67.02,52.98],[-67.06,52.92],[-67.06,52.84],[-67.06,52.76],[-67.02,52.72],[-66.96,52.7],[-66.9,52.7],[-66.82,52.68],[-66.68,52.72],[-66.64,52.92],[-66.52,52.96],[-66.48,53],[-66.42,53.02],[-66.32,52.94],[-66.32,52.86],[-66.36,52.8],[-66.36,52.74],[-66.42,52.68],[-66.4,52.42],[-66.46,52.34],[-66.44,52.22],[-66.4,52.18],[-66.34,52.16],[-66.3,52.3],[-66.14,52.22],[-66.1,52.2],[-66.04,52.1],[-65.98,52.08],[-65.88,52.06],[-65.82,52.06],[-65.78,52.1],[-65.7,52.1],[-65.64,52.08],[-65.56,52.1],[-65.48,52.2],[-65.4,52.2],[-65.26,52.18],[-65.14,52.16],[-65.04,52.12],[-64.94,52.06],[-64.76,51.9],[-64.66,51.84],[-64.64,51.8],[-64.7,51.76],[-64.6,51.6],[-64.5,51.6],[-64.3,51.72],[-64.32,51.82],[-64.32,51.92],[-64.28,52.08],[-64.16,52.14],[-64.1,52.38],[-64.18,52.56],[-64.18,52.62],[-64.18,52.82],[-64.14,52.86],[-64,52.88],[-63.92,53.06],[-63.8,53.1],[-63.72,53.1],[-63.68,53.1],[-63.6,53.04],[-63.56,52.96],[-63.56,52.82],[-63.56,52.78],[-63.4,52.68],[-63.52,52.64],[-63.82,52.62],[-63.9,52.58],[-63.96,52.56],[-64.02,52.52],[-64.06,52.48],[-63.96,52.42],[-63.94,52.38],[-63.88,52.34],[-63.76,52.3],[-63.68,52.14],[-63.66,52.06],[-63.78,52.06],[-63.6,52],[-63.2,52],[-62.8,52],[-62.38,52],[-61.98,52],[-61.58,52],[-61.16,52],[-60.76,52],[-60.36,52],[-59.94,52],[-59.54,52],[-59.14,52],[-58.72,52],[-58.32,52],[-57.92,52],[-57.5,52],[-57.1,52],[-57.1,51.72],[-57.1,51.44]]}},{"type":"Feature","properties":{"l":1},"geometry":{"type":"LineString","coordinates":[[-102,60],[-102,60.24],[-102,60.48],[-102,60.72],[-102,60.96],[-102,61.2],[-102,61.44],[-102,61.68],[-102,61.92],[-102,62.16],[-102,62.4],[-102,62.64],[-102,62.88],[-102,63.12],[-102,63.36],[-102,63.6],[-102,63.84],[-101.98,64.08],[-102,64.22],[-102.44,64.26],[-102.88,64.3],[-103.3,64.34],[-103.74,64.36],[-104.18,64.4],[-104.62,64.44],[-105.06,64.46],[-105.48,64.5],[-105.92,64.54],[-106.36,64.58],[-106.8,64.6],[-107.22,64.64],[-107.66,64.68],[-108.1,64.72],[-108.54,64.74],[-108.98,64.78],[-109.22,64.82],[-109.52,64.9],[-109.8,65.06],[-110.1,65.2],[-110.38,65.34],[-110.66,65.5],[-111.12,65.5],[-111.58,65.5],[-112.04,65.5],[-112.5,65.5],[-112.76,65.58],[-113.02,65.66],[-113.28,65.74],[-113.52,65.82],[-113.78,65.9],[-114.04,65.98],[-114.3,66.04],[-114.54,66.12],[-114.8,66.2],[-115.06,66.28],[-115.32,66.36],[-115.56,66.44],[-115.82,66.52],[-116.08,66.6],[-116.34,66.68],[-116.6,66.76],[-116.84,66.84],[-117.1,66.9],[-117.36,66.98],[-117.62,67.06],[-117.86,67.14],[-118.12,67.22],[-118.38,67.3],[-118.64,67.38],[-118.88,67.46],[-119.14,67.54],[-119.4,67.62],[-119.66,67.7],[-119.92,67.76],[-120.16,67.84],[-120.42,67.92],[-120.68,68],[-120.68,68.2],[-120.68,68.42],[-120.68,68.62],[-120.68,68.82],[-120.68,69.04],[-120.68,69.24],[-120.68,69.56],[-120.68,69.64],[-120.2,69.64],[-119.72,69.64],[-119.24,69.64],[-118.76,69.64],[-118.3,69.64],[-117.82,69.64],[-117.34,69.64],[-116.86,69.64],[-116.66,69.64],[-116.7,69.7],[-116.82,69.76],[-116.94,69.82],[-117.08,69.88],[-117.06,70],[-116.6,70],[-116.06,70],[-115.54,70],[-115.02,70],[-114.48,70],[-113.96,70],[-113.42,70],[-112.88,70],[-112.88,69.92],[-112.88,69.84],[-112.76,69.84],[-112.64,69.84],[-112.5,69.92],[-112.5,70],[-112.18,70],[-111.88,70],[-111.56,70],[-111.26,70],[-110.94,70],[-110.62,70],[-110.32,70],[-110,70],[-110,70.54],[-110,71.08],[-110,71.62],[-110,72.18],[-110,72.72],[-110,72.98],[-110,73.26],[-110,73.8],[-110,74.34],[-110,74.86],[-110,75.44],[-110,75.98],[-110,76.24],[-110,76.48],[-110,77.06],[-110,77.6],[-110,77.92],[-110,78.08],[-110,78.14],[-110,78.32],[-110,78.68]]}},{"type":"Feature","properties":{"l":1},"geometry":{"type":"LineString","coordinates":[[-102,60],[-102.5,60],[-103,60],[-103.5,60],[-104,60],[-104.5,60],[-105,60],[-105.5,60],[-106,60],[-106.5,60],[-107,60],[-107.5,60],[-108,60],[-108.5,60],[-109,60],[-109.5,60],[-110,60]]}},{"type":"Feature","properties":{"l":1},"geometry":{"type":"LineString","coordinates":[[-120,60],[-119.38,60],[-118.76,60],[-118.12,60],[-117.5,60],[-116.88,60],[-116.26,60],[-115.62,60],[-115,60],[-114.38,60],[-113.76,60],[-113.12,60],[-112.5,60],[-111.88,60],[-111.26,60],[-110.62,60],[-110,60]]}},{"type":"Feature","properties":{"l":1},"geometry":{"type":"LineString","coordinates":[[-110,60],[-110,59.66],[-110,59.32],[-110,58.96],[-110,58.62],[-110,58.28],[-110,57.94],[-110,57.6],[-110,57.24],[-110,56.9],[-110,56.56],[-110,56.22],[-110,55.88],[-110,55.52],[-110,55.18],[-110,54.84],[-110,54.5],[-110,54.16],[-110,53.8],[-110,53.46],[-110,53.12],[-110,52.78],[-110,52.44],[-110,52.08],[-110,51.74],[-110,51.4],[-110,51.06],[-110,50.72],[-110,50.36],[-110,50.02],[-110,49.68],[-110,49.34],[-110,49]]}},{"type":"Feature","properties":{"l":1},"geometry":{"type":"LineString","coordinates":[[-88.94,56.86],[-89.2,56.7],[-89.46,56.54],[-89.72,56.38],[-89.98,56.22],[-90.34,56],[-90.68,55.76],[-91.02,55.54],[-91.38,55.32],[-91.68,55.1],[-91.98,54.9],[-92.3,54.68],[-92.6,54.48],[-92.86,54.3],[-93.12,54.12],[-93.36,53.94],[-93.62,53.74],[-94,53.52],[-94.38,53.28],[-94.78,53.06],[-95.16,52.82],[-95.16,52.4],[-95.16,51.96],[-95.16,51.52],[-95.16,51.1],[-95.16,50.66],[-95.16,50.24],[-95.16,49.8],[-95.16,49.36]]}},{"type":"Feature","properties":{"l":1},"geometry":{"type":"LineString","coordinates":[[-102,60],[-101.56,60],[-101.1,60],[-100.66,60],[-100.2,60],[-99.76,60],[-99.3,60],[-98.86,60],[-98.4,60],[-97.96,60],[-97.5,60],[-97.06,60],[-96.6,60],[-96.16,60],[-95.7,60],[-95.26,60],[-94.78,60]]}},{"type":"Feature","properties":{"l":1},"geometry":{"type":"LineString","coordinates":[[-102,60],[-102,59.74],[-102,59.48],[-102,59.22],[-102,58.96],[-102,58.7],[-102,58.44],[-102,58.18],[-102,57.9],[-102,57.64],[-102,57.38],[-102,57.12],[-102,56.86],[-102,56.6],[-102,56.34],[-102,56.08],[-102,55.82],[-101.96,55.4],[-101.92,54.96],[-101.88,54.54],[-101.84,54.12],[-101.8,53.68],[-101.76,53.26],[-101.72,52.84],[-101.68,52.4],[-101.64,51.98],[-101.6,51.56],[-101.56,51.12],[-101.52,50.7],[-101.48,50.28],[-101.44,49.84],[-101.4,49.42],[-101.36,49]]}},{"type":"Feature","properties":{"l":1},"geometry":{"type":"LineString","coordinates":[[-116.9,46],[-117.14,46],[-117.4,46],[-117.68,46],[-117.94,46],[-118.2,46],[-118.48,46],[-118.74,46],[-119,46],[-119.04,45.98],[-119.18,45.94],[-119.42,45.94],[-119.94,45.84],[-120.16,45.76],[-120.36,45.72],[-120.72,45.68],[-121.04,45.64],[-121.18,45.64],[-121.24,45.68],[-121.4,45.72],[-121.66,45.72],[-121.88,45.68],[-122.08,45.6],[-122.14,45.6],[-122.2,45.6],[-122.56,45.62],[-122.64,45.62],[-122.72,45.68],[-122.74,45.74],[-122.84,45.98],[-122.94,46.12],[-123.04,46.16],[-123.12,46.18],[-123.22,46.16]]}},{"type":"Feature","properties":{"l":1},"geometry":{"type":"LineString","coordinates":[[-116.9,46],[-116.94,46.06],[-116.94,46.12],[-116.94,46.24],[-117.02,46.32],[-117.04,46.4],[-117.02,46.58],[-117.02,46.74],[-117.02,46.92],[-117.02,47.08],[-117.02,47.24],[-117.02,47.4],[-117.04,47.56],[-117.04,47.72],[-117.04,47.88],[-117.04,48.04],[-117.04,48.2],[-117.04,48.36],[-117.04,48.52],[-117.04,48.68],[-117.04,48.84],[-117.04,49]]}},{"type":"Feature","properties":{"l":1},"geometry":{"type":"LineString","coordinates":[[-117.02,42],[-117.02,42.22],[-117.02,42.44],[-117.02,42.68],[-117.02,42.9],[-117.02,43.12],[-117.02,43.34],[-117.02,43.56],[-117.02,43.8],[-116.96,43.96],[-116.94,44.04],[-116.94,44.12],[-116.92,44.16],[-116.96,44.24],[-117.02,44.28],[-117.14,44.3],[-117.2,44.34],[-117.2,44.44],[-117.12,44.58],[-116.94,44.78],[-116.86,44.9],[-116.84,44.98],[-116.74,45.16],[-116.54,45.46],[-116.48,45.64],[-116.52,45.72],[-116.62,45.8],[-116.76,45.88],[-116.86,45.96],[-116.9,46]]}},{"type":"Feature","properties":{"l":1},"geometry":{"type":"LineString","coordinates":[[-114.62,35],[-114.62,34.9],[-114.56,34.8],[-114.4,34.58],[-114.38,34.54],[-114.38,34.48],[-114.3,34.44],[-114.16,34.36],[-114.12,34.32],[-114.16,34.26],[-114.32,34.14],[-114.42,34.06],[-114.5,33.9],[-114.5,33.78],[-114.5,33.68],[-114.52,33.6],[-114.56,33.54],[-114.6,33.46],[-114.66,33.44],[-114.7,33.42],[-114.72,33.34],[-114.7,33.16],[-114.64,33.08],[-114.56,33.04],[-114.5,32.98],[-114.46,32.92],[-114.48,32.84],[-114.52,32.78],[-114.58,32.74],[-114.72,32.72],[-114.72,32.72]]}},{"type":"Feature","properties":{"l":1},"geometry":{"type":"LineString","coordinates":[[-114.62,35],[-114.6,35.36],[-114.64,35.48],[-114.66,35.54],[-114.64,35.64],[-114.66,35.68],[-114.68,35.72],[-114.68,35.82],[-114.68,35.92],[-114.74,35.98],[-114.72,36.08],[-114.66,36.12],[-114.6,36.14],[-114.5,36.16],[-114.4,36.14],[-114.34,36.12],[-114.28,36.06],[-114.24,36.04],[-114.12,36.08],[-114.06,36.18],[-114.04,36.62],[-114.04,37]]}},{"type":"Feature","properties":{"l":1},"geometry":{"type":"LineString","coordinates":[[-103,36.5],[-103.04,36.22],[-103.04,35.94],[-103.04,35.66],[-103.04,35.38],[-103.04,35.1],[-103.06,34.82],[-103.06,34.54],[-103.06,34.26],[-103.06,33.98],[-103.06,33.68],[-103.06,33.4],[-103.06,33.12],[-103.06,32.84],[-103.06,32.56],[-103.06,32.28],[-103.06,32],[-103.3,32],[-103.52,32],[-103.74,32],[-103.96,32],[-104.18,32],[-104.42,32],[-104.64,32],[-104.86,32],[-105.08,32],[-105.32,32],[-105.54,32],[-105.76,32],[-105.98,32],[-106.22,32],[-106.44,32],[-106.66,32],[-106.56,31.82],[-106.44,31.76]]}},{"type":"Feature","properties":{"l":1},"geometry":{"type":"LineString","coordinates":[[-95.34,40],[-95.12,39.88],[-95.06,39.88],[-94.98,39.9],[-94.92,39.86],[-94.9,39.78],[-94.94,39.74],[-95,39.7],[-95.08,39.6],[-95.06,39.5],[-94.96,39.42],[-94.88,39.34],[-94.84,39.26],[-94.78,39.2],[-94.62,39.12]]}},{"type":"Feature","properties":{"l":1},"geometry":{"type":"LineString","coordinates":[[-95.76,40.6],[-95.68,40.46],[-95.66,40.36],[-95.6,40.3],[-95.52,40.26],[-95.46,40.2],[-95.44,40.1],[-95.36,40.02],[-95.34,40]]}},{"type":"Feature","properties":{"l":1},"geometry":{"type":"LineString","coordinates":[[-96.48,42.52],[-96.38,42.42],[-96.36,42.26],[-96.3,42.14],[-96.2,42.04],[-96.16,41.96],[-96.14,41.88],[-96.08,41.82],[-96.06,41.74],[-96.08,41.62],[-96.06,41.54],[-96,41.52],[-95.94,41.46],[-95.94,41.36],[-95.9,41.32],[-95.92,41.24],[-95.88,41.18],[-95.84,41.08],[-95.84,40.88],[-95.84,40.78],[-95.82,40.68],[-95.76,40.6]]}},{"type":"Feature","properties":{"l":1},"geometry":{"type":"LineString","coordinates":[[-96.48,42.52],[-96.56,42.52],[-96.64,42.56],[-96.68,42.64],[-96.8,42.7],[-97.02,42.76],[-97.16,42.82],[-97.24,42.86],[-97.42,42.88],[-97.7,42.88],[-97.88,42.84],[-97.96,42.8],[-98.14,42.86],[-98.44,43],[-98.84,43],[-99.18,43],[-99.52,43],[-99.88,43],[-100.22,43],[-100.56,43],[-100.92,43],[-101.26,43],[-101.6,43],[-101.96,43],[-102.3,43],[-102.64,43],[-103,43],[-103.34,43],[-103.68,43],[-104.02,43]]}},{"type":"Feature","properties":{"l":1},"geometry":{"type":"LineString","coordinates":[[-91.14,33.02],[-91.1,32.94],[-91.1,32.88],[-91.14,32.8],[-91.14,32.76],[-91.1,32.72],[-91.14,32.66],[-91.12,32.58],[-91.1,32.5],[-91.06,32.42],[-91,32.38],[-90.94,32.34],[-90.94,32.28],[-91,32.18],[-91.04,32.14],[-91.08,32.1],[-91.1,32.04],[-91.16,31.98],[-91.28,31.88],[-91.38,31.78],[-91.42,31.64],[-91.46,31.56],[-91.5,31.52],[-91.52,31.44],[-91.52,31.34],[-91.56,31.28],[-91.62,31.28],[-91.64,31.22],[-91.6,31.1],[-91.66,31.02],[-91.66,31]]}},{"type":"Feature","properties":{"l":1},"geometry":{"type":"LineString","coordinates":[[-90.3,35],[-90.28,34.94],[-90.32,34.9],[-90.42,34.86],[-90.46,34.8],[-90.5,34.74],[-90.56,34.66],[-90.58,34.5],[-90.64,34.42],[-90.72,34.4],[-90.76,34.36],[-90.82,34.26],[-90.9,34.18],[-90.94,34.12],[-90.9,34.08],[-90.94,34.02],[-91.04,34],[-91.06,33.94],[-91.06,33.82],[-91.1,33.76],[-91.18,33.72],[-91.18,33.64],[-91.22,33.58],[-91.2,33.52],[-91.14,33.44],[-91.16,33.36],[-91.16,33.3],[-91.12,33.24],[-91.16,33.04],[-91.14,33.02]]}},{"type":"Feature","properties":{"l":1},"geometry":{"type":"LineString","coordinates":[[-89.7,36],[-89.68,35.94],[-89.74,35.9],[-89.76,35.84],[-89.9,35.76],[-89.94,35.68],[-89.92,35.6],[-89.96,35.5],[-90.06,35.42],[-90.1,35.32],[-90.1,35.2],[-90.14,35.12],[-90.26,35.04],[-90.3,35],[-90.3,35]]}},{"type":"Feature","properties":{"l":1},"geometry":{"type":"LineString","coordinates":[[-89.56,36.5],[-89.54,36.42],[-89.56,36.38],[-89.6,36.36],[-89.58,36.28],[-89.62,36.26],[-89.68,36.22],[-89.64,36.16],[-89.64,36.1],[-89.7,36.04],[-89.7,36]]}},{"type":"Feature","properties":{"l":1},"geometry":{"type":"LineString","coordinates":[[-89.48,36.5],[-89.52,36.56],[-89.56,36.52],[-89.56,36.5]]}},{"type":"Feature","properties":{"l":1},"geometry":{"type":"LineString","coordinates":[[-89.46,36.5],[-89.48,36.5]]}},{"type":"Feature","properties":{"l":1},"geometry":{"type":"LineString","coordinates":[[-89.16,37],[-89.12,36.92],[-89.12,36.82],[-89.16,36.72],[-89.2,36.62],[-89.26,36.6],[-89.34,36.62],[-89.4,36.58],[-89.46,36.5]]}},{"type":"Feature","properties":{"l":1},"geometry":{"type":"LineString","coordinates":[[-91.44,40.38],[-91.5,40.22],[-91.5,40.1],[-91.46,39.94],[-91.42,39.82],[-91.38,39.74],[-91.2,39.6],[-90.92,39.38],[-90.74,39.18],[-90.66,38.98],[-90.58,38.9],[-90.48,38.94],[-90.36,38.94],[-90.22,38.9],[-90.14,38.86],[-90.16,38.78],[-90.32,38.46],[-90.38,38.3],[-90.36,38.26],[-90.3,38.18],[-90.18,38.06],[-90.06,38],[-89.96,37.96],[-89.82,37.88],[-89.62,37.74],[-89.52,37.64],[-89.52,37.58],[-89.5,37.5],[-89.46,37.44],[-89.46,37.36],[-89.5,37.3],[-89.48,37.22],[-89.42,37.1],[-89.36,37.04],[-89.3,37.02],[-89.3,37.08],[-89.22,37.06],[-89.16,37]]}},{"type":"Feature","properties":{"l":1},"geometry":{"type":"LineString","coordinates":[[-90.66,42.52],[-90.58,42.44],[-90.48,42.38],[-90.42,42.32],[-90.42,42.28],[-90.34,42.22],[-90.24,42.16],[-90.16,42.1],[-90.16,41.98],[-90.18,41.88],[-90.22,41.82],[-90.28,41.78],[-90.32,41.7],[-90.34,41.64],[-90.44,41.56],[-90.58,41.5],[-90.76,41.44],[-90.94,41.42],[-91.04,41.36],[-91.08,41.28],[-91.06,41.2],[-91,41.14],[-90.96,41.08],[-90.96,41.02],[-91,40.9],[-91.1,40.74],[-91.22,40.64],[-91.34,40.6],[-91.4,40.54],[-91.38,40.44],[-91.4,40.4],[-91.44,40.38]]}},{"type":"Feature","properties":{"l":1},"geometry":{"type":"LineString","coordinates":[[-91.24,43.5],[-91.24,43.44],[-91.18,43.36],[-91.12,43.34],[-91.1,43.28],[-91.14,43.2],[-91.16,43.1],[-91.14,42.98],[-91.12,42.88],[-91.06,42.78],[-90.96,42.72],[-90.78,42.68],[-90.68,42.62],[-90.66,42.52],[-90.66,42.52]]}},{"type":"Feature","properties":{"l":1},"geometry":{"type":"LineString","coordinates":[[-91.24,43.5],[-91.28,43.8],[-91.32,43.94],[-91.38,44],[-91.52,44.06],[-91.72,44.12],[-91.84,44.2],[-91.92,44.28],[-92.06,44.4],[-92.14,44.44],[-92.24,44.46],[-92.32,44.5],[-92.36,44.56],[-92.44,44.58],[-92.54,44.6],[-92.64,44.64],[-92.76,44.72],[-92.8,44.8],[-92.76,44.94],[-92.8,45.08],[-92.76,45.12],[-92.76,45.24],[-92.68,45.38],[-92.68,45.44],[-92.7,45.5],[-92.76,45.54],[-92.9,45.6],[-92.9,45.66],[-92.88,45.7],[-92.78,45.8],[-92.74,45.88],[-92.7,45.9],[-92.42,46.02],[-92.36,46.04],[-92.32,46.06],[-92.3,46.22],[-92.3,46.38],[-92.3,46.52],[-92.3,46.66],[-92.22,46.68],[-92.12,46.76],[-91.96,46.72],[-91.84,46.78],[-91.72,46.82],[-91.6,46.88],[-91.46,46.92],[-91.26,47.02],[-91.06,47.12],[-90.86,47.22],[-90.66,47.3],[-90.48,47.3],[-90.3,47.3],[-90.14,47.3],[-89.96,47.28]]}},{"type":"Feature","properties":{"l":1},"geometry":{"type":"LineString","coordinates":[[-88.04,37.78],[-88.12,37.7],[-88.14,37.62],[-88.1,37.54],[-88.2,37.46],[-88.38,37.42],[-88.5,37.36],[-88.5,37.26],[-88.46,37.18],[-88.44,37.12],[-88.62,37.12],[-88.88,37.18],[-89.04,37.18],[-89.14,37.1],[-89.16,37.04],[-89.16,37]]}},{"type":"Feature","properties":{"l":1},"geometry":{"type":"LineString","coordinates":[[-84.82,39.1],[-84.86,39.04],[-84.84,39],[-84.86,38.94],[-84.8,38.9],[-84.8,38.82],[-84.9,38.76],[-85.1,38.72],[-85.16,38.7],[-85.24,38.72],[-85.3,38.74],[-85.4,38.72],[-85.44,38.68],[-85.42,38.6],[-85.46,38.54],[-85.54,38.48],[-85.6,38.42],[-85.64,38.34],[-85.7,38.3],[-85.78,38.28],[-85.86,38.22],[-85.9,38.1],[-85.96,38.02],[-86.02,37.98],[-86.1,38],[-86.2,38.04],[-86.26,38.08],[-86.32,38.16],[-86.36,38.14],[-86.42,38.14],[-86.44,38.08],[-86.5,38.04],[-86.52,37.96],[-86.54,37.92],[-86.6,37.88],[-86.68,37.88],[-86.78,37.96],[-86.86,37.98],[-86.96,37.94],[-87.04,37.88],[-87.1,37.82],[-87.14,37.8],[-87.2,37.86],[-87.38,37.92],[-87.46,37.94],[-87.52,37.92],[-87.58,37.94],[-87.6,37.88],[-87.64,37.84],[-87.68,37.88],[-87.76,37.88],[-87.82,37.9],[-87.88,37.92],[-87.9,37.86],[-87.94,37.8],[-88.02,37.8],[-88.04,37.78]]}},{"type":"Feature","properties":{"l":1},"geometry":{"type":"LineString","coordinates":[[-82.62,38.44],[-82.76,38.54],[-82.84,38.62],[-82.88,38.72],[-83,38.72],[-83.2,38.64],[-83.36,38.62],[-83.46,38.68],[-83.54,38.7],[-83.62,38.68],[-83.68,38.64],[-83.76,38.66],[-83.82,38.74],[-83.94,38.78],[-84.12,38.8],[-84.22,38.86],[-84.3,38.98],[-84.36,39.04],[-84.44,39.1],[-84.5,39.1],[-84.6,39.08],[-84.66,39.1],[-84.7,39.12],[-84.76,39.12],[-84.82,39.1]]}},{"type":"Feature","properties":{"l":1},"geometry":{"type":"LineString","coordinates":[[-80.52,40.64],[-80.64,40.6],[-80.62,40.52],[-80.6,40.44],[-80.6,40.36],[-80.66,40.18],[-80.8,39.9],[-80.88,39.74],[-80.88,39.66],[-80.96,39.58],[-81.14,39.46],[-81.26,39.38],[-81.34,39.36],[-81.4,39.36],[-81.44,39.4],[-81.5,39.38],[-81.56,39.3],[-81.6,39.28],[-81.66,39.28],[-81.7,39.22],[-81.74,39.14],[-81.78,39.1],[-81.8,39.04],[-81.78,38.98],[-81.84,38.94],[-81.88,38.9],[-81.92,38.96],[-82,39.02],[-82.08,38.96],[-82.16,38.84],[-82.2,38.76],[-82.18,38.72],[-82.18,38.64],[-82.26,38.6],[-82.3,38.56],[-82.32,38.48],[-82.38,38.44],[-82.5,38.42],[-82.62,38.44]]}},{"type":"Feature","properties":{"l":1},"geometry":{"type":"LineString","coordinates":[[-88.04,37.78],[-88.1,37.88],[-88.04,37.94],[-88.04,38.02],[-88,38.08],[-87.96,38.14],[-87.98,38.22],[-87.96,38.28],[-87.88,38.3],[-87.82,38.34],[-87.78,38.42],[-87.74,38.46],[-87.68,38.48],[-87.64,38.54],[-87.58,38.68],[-87.52,38.74],[-87.52,38.82],[-87.54,38.9],[-87.56,39],[-87.64,39.1],[-87.64,39.16],[-87.6,39.24],[-87.62,39.3],[-87.58,39.34],[-87.54,39.38],[-87.54,39.66],[-87.52,39.96],[-87.52,40.26],[-87.52,40.56],[-87.52,40.86],[-87.52,41.16],[-87.52,41.46],[-87.52,41.76],[-87.38,41.76],[-87.22,41.76]]}},{"type":"Feature","properties":{"l":1},"geometry":{"type":"LineString","coordinates":[[-88.18,35],[-88.08,34.94],[-88.1,34.84],[-88.12,34.66],[-88.14,34.48],[-88.16,34.3],[-88.2,34.1],[-88.22,33.92],[-88.24,33.74],[-88.26,33.56],[-88.3,33.36],[-88.32,33.18],[-88.34,33],[-88.36,32.82],[-88.38,32.62],[-88.42,32.44],[-88.44,32.26],[-88.46,32.08],[-88.48,31.9],[-88.48,31.7],[-88.46,31.52],[-88.46,31.32],[-88.44,31.14],[-88.44,30.96],[-88.42,30.76],[-88.42,30.58],[-88.4,30.38]]}},{"type":"Feature","properties":{"l":1},"geometry":{"type":"LineString","coordinates":[[-85.62,35],[-85.78,35],[-85.94,35],[-86.1,35],[-86.26,35],[-86.42,35],[-86.58,35],[-86.74,35.02],[-86.9,35.02],[-87.06,35.02],[-87.22,35.02],[-87.38,35.02],[-87.54,35.02],[-87.7,35.02],[-87.86,35.02],[-88.02,35.02],[-88.2,35.02],[-88.18,35]]}},{"type":"Feature","properties":{"l":1},"geometry":{"type":"LineString","coordinates":[[-83.66,36.6],[-83.72,36.58],[-84.08,36.6],[-84.42,36.6],[-84.78,36.62],[-85.12,36.62],[-85.46,36.64],[-85.82,36.64],[-86.16,36.66],[-86.5,36.66],[-86.84,36.66],[-87.18,36.66],[-87.5,36.64],[-87.84,36.64],[-87.96,36.68],[-88.1,36.7],[-88.06,36.6],[-88.06,36.5],[-88.22,36.5],[-88.38,36.5],[-88.56,36.5],[-88.74,36.5],[-88.9,36.5],[-89.08,36.5],[-89.26,36.5],[-89.46,36.5]]}},{"type":"Feature","properties":{"l":1},"geometry":{"type":"LineString","coordinates":[[-81.66,36.62],[-81.8,36.62],[-81.9,36.62],[-81.96,36.6],[-82.16,36.6],[-82.32,36.6],[-82.62,36.6],[-82.96,36.6],[-83.44,36.6],[-83.66,36.6]]}},{"type":"Feature","properties":{"l":1},"geometry":{"type":"LineString","coordinates":[[-75.86,36.56],[-75.96,36.56],[-76.22,36.56],[-76.58,36.56],[-76.94,36.56],[-77.3,36.56],[-77.66,36.56],[-78.02,36.56],[-78.38,36.56],[-78.74,36.58],[-79.1,36.58],[-79.48,36.58],[-79.84,36.58],[-80.2,36.58],[-80.56,36.58],[-80.92,36.58],[-81.28,36.6],[-81.64,36.6],[-81.66,36.62]]}},{"type":"Feature","properties":{"l":1},"geometry":{"type":"LineString","coordinates":[[-85,31],[-84.96,30.92],[-84.88,30.76],[-84.8,30.72],[-84.64,30.7],[-84.48,30.7],[-84.32,30.68],[-84.16,30.68],[-84,30.66],[-83.84,30.66],[-83.68,30.64],[-83.52,30.64],[-83.36,30.64],[-83.2,30.62],[-83.04,30.62],[-82.88,30.6],[-82.72,30.6],[-82.56,30.58],[-82.4,30.58],[-82.24,30.56],[-82.22,30.48],[-82.2,30.42],[-82.16,30.38],[-82.12,30.38],[-82.06,30.4],[-82.02,30.48],[-82.02,30.56],[-82.04,30.66],[-82.04,30.74],[-82.02,30.78],[-81.96,30.82],[-81.88,30.8],[-81.68,30.74],[-81.5,30.74]]}},{"type":"Feature","properties":{"l":1},"geometry":{"type":"LineString","coordinates":[[-85,31],[-85.06,31.12],[-85.1,31.3],[-85.06,31.58],[-85.06,31.64],[-85.12,31.78],[-85.12,31.88],[-85.06,32.06],[-85.04,32.14],[-85,32.2],[-84.92,32.24],[-84.96,32.32],[-84.98,32.4],[-85.02,32.52],[-85.16,32.8],[-85.18,32.9],[-85.2,32.96],[-85.22,33.08],[-85.26,33.22],[-85.28,33.34],[-85.3,33.46],[-85.34,33.6],[-85.36,33.72],[-85.38,33.86],[-85.42,33.98],[-85.44,34.1],[-85.46,34.24],[-85.5,34.36],[-85.52,34.48],[-85.54,34.62],[-85.58,34.74],[-85.6,34.88],[-85.62,35]]}},{"type":"Feature","properties":{"l":1},"geometry":{"type":"LineString","coordinates":[[-83.12,35],[-83.18,34.94],[-83.32,34.8],[-83.36,34.7],[-83.16,34.6],[-83.06,34.52],[-82.98,34.48],[-82.9,34.46],[-82.84,34.44],[-82.82,34.36],[-82.58,34.02],[-82.36,33.84],[-82.26,33.74],[-82.2,33.66],[-82,33.52],[-81.94,33.44],[-81.94,33.38],[-81.86,33.32],[-81.82,33.28],[-81.78,33.2],[-81.7,33.12],[-81.58,33.06],[-81.48,32.94],[-81.44,32.72],[-81.38,32.6],[-81.3,32.56],[-81.18,32.38],[-81.14,32.28],[-81.14,32.18],[-81.08,32.1],[-80.88,32.02]]}},{"type":"Feature","properties":{"l":1},"geometry":{"type":"LineString","coordinates":[[-77.12,38.94],[-77.06,38.92],[-77.02,38.8]]}},{"type":"Feature","properties":{"l":1},"geometry":{"type":"LineString","coordinates":[[-77.72,39.34],[-77.66,39.3],[-77.54,39.26],[-77.48,39.22],[-77.5,39.18],[-77.48,39.12],[-77.3,39.06],[-77.2,38.96],[-77.12,38.94]]}},{"type":"Feature","properties":{"l":1},"geometry":{"type":"LineString","coordinates":[[-79.48,39.22],[-79.36,39.28],[-79.3,39.32],[-79.08,39.48],[-78.98,39.46],[-78.82,39.58],[-78.78,39.62],[-78.74,39.58],[-78.68,39.54],[-78.58,39.54],[-78.5,39.54],[-78.44,39.6],[-78.32,39.64],[-78.18,39.68],[-78.1,39.68],[-78.02,39.64],[-77.96,39.6],[-77.88,39.62],[-77.86,39.54],[-77.8,39.52],[-77.8,39.46],[-77.74,39.4],[-77.72,39.34]]}},{"type":"Feature","properties":{"l":1},"geometry":{"type":"LineString","coordinates":[[-79.52,51.54],[-79.52,51.22],[-79.52,50.96],[-79.52,50.74],[-79.52,50.5],[-79.52,50.26],[-79.52,50.02],[-79.52,49.78],[-79.52,49.54],[-79.52,49.3],[-79.52,49.04],[-79.52,48.8],[-79.52,48.56],[-79.52,48.32],[-79.52,48.08],[-79.52,47.84],[-79.52,47.56],[-79.56,47.48],[-79.54,47.4],[-79.48,47.32],[-79.44,47.22],[-79.44,47.14],[-79.36,47.02],[-79.16,46.82],[-79.02,46.6],[-78.9,46.48],[-78.78,46.4],[-78.46,46.3],[-77.68,46.18],[-77.38,46.06],[-77.3,45.98],[-77.26,45.92],[-77.1,45.84],[-77.04,45.8],[-76.98,45.8],[-76.92,45.82],[-76.92,45.88],[-76.82,45.88],[-76.76,45.8],[-76.66,45.64],[-76.56,45.54],[-76.42,45.5],[-76.26,45.48],[-76.12,45.5],[-76,45.48],[-75.9,45.42],[-75.62,45.46],[-75.16,45.58],[-74.86,45.64],[-74.72,45.66],[-74.58,45.64],[-74.4,45.56],[-74.42,45.5],[-74.46,45.4],[-74.48,45.32],[-74.42,45.26],[-74.34,45.22]]}},{"type":"Feature","properties":{"l":1},"geometry":{"type":"LineString","coordinates":[[50.08,54.52],[50.12,54.44],[50.2,54.42],[50.26,54.3],[50.2,54.04],[49.98,53.96],[49.96,53.9],[49.82,53.88],[49.62,53.82],[49.42,53.86],[49.3,53.84],[49.02,53.86],[48.88,53.72],[48.5,53.78],[48.46,53.66],[48.34,53.62],[48.38,53.48],[48.06,53.48],[47.94,53.36],[48.04,53.32],[48.14,53.16],[48.14,53.06],[48.22,53],[48.4,52.98],[48.52,52.98],[48.6,52.92],[48.54,52.84],[48.44,52.78]]}},{"type":"Feature","properties":{"l":1},"geometry":{"type":"LineString","coordinates":[[46.84,52.62],[46.86,52.72],[46.98,52.78],[46.94,52.9],[46.92,53.08],[46.96,53.2],[46.9,53.34],[46.8,53.4],[46.5,53.52],[46.46,53.66],[46.2,53.86],[46.22,53.9],[45.96,54],[45.8,54]]}},{"type":"Feature","properties":{"l":1},"geometry":{"type":"LineString","coordinates":[[50.08,56.62],[50.34,56.66],[50.5,56.52],[50.58,56.36],[50.7,56.32],[50.86,56.4],[50.9,56.3],[50.84,56.24],[51.08,56.14],[51.22,56.1],[51.44,56.14]]}},{"type":"Feature","properties":{"l":1},"geometry":{"type":"LineString","coordinates":[[51.44,56.14],[51.5,56.08],[51.4,56],[51.44,55.92],[51.64,55.96],[51.82,55.92],[51.94,55.98],[52.06,55.9],[52.16,55.9],[52.24,55.96],[52.2,56.08],[52.44,56.04],[52.48,56.08],[52.66,56.02],[52.8,56.1],[52.84,56.16],[52.72,56.24],[52.56,56.26],[52.74,56.38],[52.9,56.42],[52.94,56.54],[53.08,56.52],[52.94,56.36],[52.96,56.26],[53.28,56.08],[53.34,56.16],[53.26,56.26],[53.42,56.28],[53.56,56.24],[53.56,56.18],[53.4,56.02],[53.28,55.94],[53.28,55.86],[53.64,55.9]]}},{"type":"Feature","properties":{"l":1},"geometry":{"type":"LineString","coordinates":[[47.24,54.68],[47.38,54.76],[47.38,54.84],[47.48,54.86],[47.72,54.84],[47.8,54.94],[48,54.96],[48.08,55.1],[48.02,55.28],[47.92,55.32],[47.76,55.22],[47.7,55.32],[47.84,55.34],[47.98,55.5],[48.1,55.54],[48.02,55.64],[48.2,55.7],[48.42,55.82]]}},{"type":"Feature","properties":{"l":1},"geometry":{"type":"LineString","coordinates":[[48.42,55.82],[48.4,55.88],[48.7,55.96],[48.7,56.06],[48.84,56.08],[49.02,56.24],[49.04,56.36],[49.28,56.36],[49.56,56.44],[49.58,56.5],[49.76,56.54],[49.88,56.44],[50.02,56.46],[50.18,56.54],[50.08,56.62]]}},{"type":"Feature","properties":{"l":1},"geometry":{"type":"LineString","coordinates":[[52.54,54.38],[52.48,54.46],[52.22,54.44],[52.1,54.38],[51.94,54.44],[51.94,54.52],[51.66,54.56],[51.52,54.64],[51.4,54.6],[51.3,54.64],[51.16,54.64],[51.1,54.56],[51,54.54],[50.94,54.34],[50.7,54.42],[50.52,54.32],[50.38,54.48],[50.08,54.52]]}},{"type":"Feature","properties":{"l":1},"geometry":{"type":"LineString","coordinates":[[50.08,54.52],[49.98,54.5],[49.74,54.58],[49.62,54.56],[49.48,54.78],[49.3,54.88],[49.12,54.8],[49.02,54.8],[48.82,54.64],[48.64,54.66],[48.46,54.64],[48.28,54.74],[48.08,54.76],[47.84,54.7],[47.76,54.74],[47.64,54.56],[47.36,54.52],[47.36,54.6],[47.24,54.68]]}},{"type":"Feature","properties":{"l":1},"geometry":{"type":"LineString","coordinates":[[42.14,53.82],[42.1,53.54],[42.32,53.44],[42.36,53.36],[42.74,53.02],[42.9,52.96],[43.1,52.82],[43.24,52.66],[43.04,52.56],[43.02,52.48],[43.08,52.4]]}},{"type":"Feature","properties":{"l":1},"geometry":{"type":"LineString","coordinates":[[88.62,56.84],[88.56,56.78],[88.42,56.82],[88.14,56.72],[87.78,56.54],[87.62,56.64],[87.4,56.62],[87.16,56.68],[87.12,56.54],[86.92,56.56],[86.7,56.64],[86.54,56.56],[86.4,56.54],[86.32,56.62],[86.22,56.62],[86.12,56.5],[85.78,56.4],[85.6,56.32],[85.68,56.24],[85.38,56.22],[85.26,56.24],[85.12,56.22],[85,56.14],[84.9,56.16],[84.42,56.04]]}},{"type":"Feature","properties":{"l":1},"geometry":{"type":"LineString","coordinates":[[38.9,53.56],[39.04,53.54],[39.16,53.4],[39.42,53.42],[39.52,53.46],[39.52,53.52],[39.74,53.58],[39.9,53.5],[39.92,53.42],[40.16,53.34]]}},{"type":"Feature","properties":{"l":1},"geometry":{"type":"LineString","coordinates":[[40.16,53.34],[40.32,53.36],[40.5,53.46],[40.74,53.56],[40.84,53.48],[41.02,53.48],[41.18,53.44],[41.36,53.56],[41.34,53.74],[41.4,53.78],[41.74,53.82],[42.14,53.82]]}},{"type":"Feature","properties":{"l":1},"geometry":{"type":"LineString","coordinates":[[37.74,52.02],[37.78,52.16],[37.94,52.24],[38.04,52.34],[37.92,52.48],[37.78,52.5],[37.72,52.6],[37.82,52.64],[37.78,52.72],[37.88,52.78],[37.8,52.84],[37.84,52.9],[37.84,53]]}},{"type":"Feature","properties":{"l":1},"geometry":{"type":"LineString","coordinates":[[37.84,53],[37.92,53.08],[38.1,53.06],[38.3,52.98],[38.48,53.04],[38.6,53.04],[38.64,53.12],[38.6,53.24],[38.48,53.32],[38.76,53.38],[38.7,53.5],[38.9,53.56]]}},{"type":"Feature","properties":{"l":1},"geometry":{"type":"LineString","coordinates":[[84.26,60.86],[84,60.82],[83.62,60.98],[83.5,61.04],[83.14,61.02],[82.4,60.72],[82.36,60.6],[82.14,60.54],[81.84,60.64],[81.5,60.62],[81.14,60.64],[81.02,60.76],[80.72,60.8],[80.42,60.76],[80.16,60.66],[79.86,60.7],[79.5,60.68],[79.36,60.66],[79.28,60.72],[79.32,60.8],[79.16,60.84],[78.8,60.78],[78.68,60.82],[78.48,60.78],[78.16,60.8],[77.94,60.74],[77.7,60.82],[77.4,60.82],[77.14,60.86],[77.06,60.72],[76.98,60.64],[77.06,60.58],[77.02,60.52],[76.78,60.46],[76.74,60.34],[76.84,60.26],[76.7,60.12],[76.76,60.06],[76.74,59.76],[76.66,59.7],[76.64,59.58],[76.44,59.54],[76.18,59.54],[76,59.42],[75.9,59.42],[75.84,59.32],[75.62,59.24],[75.68,59.04],[75.64,58.98],[75.38,58.78],[75.16,58.66]]}},{"type":"Feature","properties":{"l":1},"geometry":{"type":"LineString","coordinates":[[40.16,53.34],[40.1,53.28],[40.14,53.08],[40.08,52.92],[40.08,52.8],[39.98,52.76],[39.96,52.66],[40.06,52.56],[40.2,52.52],[40.34,52.4],[40.48,52.38],[40.7,52.26],[40.62,52.12],[40.64,52.06],[40.5,52.02],[40.5,51.96]]}},{"type":"Feature","properties":{"l":1},"geometry":{"type":"LineString","coordinates":[[47.12,59.62],[47.06,59.38],[47.26,59.36],[47.24,59.22],[47.58,59.06],[47.6,58.9],[47.46,58.92],[47.28,58.9],[47.32,58.8],[47.26,58.76],[47.12,58.78],[46.94,58.6],[46.68,58.56],[46.56,58.48],[46.54,58.4],[46.42,58.34],[46.4,58.2],[46.34,58.08]]}},{"type":"Feature","properties":{"l":1},"geometry":{"type":"LineString","coordinates":[[46.34,58.08],[45.82,58.04],[45.7,57.98],[45.56,57.94],[45.46,58.04],[45.3,58.04],[45.16,58.08],[44.86,58.08],[44.8,57.96],[44.86,57.88],[44.72,57.7],[44.62,57.7],[44.48,57.64],[44.3,57.52],[44,57.44],[43.84,57.44],[43.72,57.46]]}},{"type":"Feature","properties":{"l":1},"geometry":{"type":"LineString","coordinates":[[37.26,54.84],[37.2,54.68],[37.08,54.54],[36.8,54.6],[36.84,54.48],[36.96,54.4],[36.9,54.28],[36.72,54.32],[36.46,54.28],[36.36,54.22],[36.24,54.22],[36.2,54.1],[36.12,53.96],[35.98,53.92],[35.94,53.78],[36,53.62]]}},{"type":"Feature","properties":{"l":1},"geometry":{"type":"LineString","coordinates":[[40.92,58.58],[41.22,58.74],[41.14,58.78],[41.24,58.9],[41.52,59.04],[41.68,59.08],[42.02,59.12],[42.08,59.22],[41.96,59.28],[42.06,59.42],[42.18,59.4],[42.2,59.3],[42.64,59.3],[42.68,59.22],[42.8,59.18],[43.02,59.2],[43.16,59.26],[43.3,59.22],[43.38,59.28],[43.5,59.3],[43.58,59.18],[43.74,59.26],[43.96,59.2],[44.1,59.22],[44.2,59.18],[44.4,59.16],[45,59.12],[45.1,59.18],[45.36,59.2],[45.92,59.18],[46,59.28],[46.18,59.34],[46.36,59.34],[46.4,59.64],[46.76,59.6],[46.88,59.64],[47.12,59.62]]}},{"type":"Feature","properties":{"l":1},"geometry":{"type":"MultiLineString","coordinates":[[[35.36,55.24],[35.46,55.22],[35.58,55.3],[35.76,55.28],[35.86,55.24],[36.24,55.2],[36.42,55.32],[36.58,55.3],[36.9,55.22]],[[37.12,55],[37.26,54.84]]]}},{"type":"Feature","properties":{"l":1},"geometry":{"type":"LineString","coordinates":[[36.9,55.22],[37.08,55.1],[37.12,55]]}},{"type":"Feature","properties":{"l":1},"geometry":{"type":"LineString","coordinates":[[42.46,54.88],[42.64,54.78],[43.1,54.8],[43.16,54.9],[43.36,54.94],[43.62,54.9],[43.68,54.84],[43.94,54.8],[43.94,54.74],[44.1,54.74],[44.1,54.64],[44.38,54.58],[44.54,54.54],[44.6,54.58],[44.74,54.52],[44.92,54.48],[45.12,54.5],[45.02,54.56],[45.1,54.66],[45.04,54.72],[45.12,54.8],[45.2,54.76],[45.26,54.88],[45.42,54.88],[45.44,55.04],[45.6,55.16],[45.72,55.18],[45.74,55.08],[45.82,55],[45.96,55],[46.06,55.04]]}},{"type":"Feature","properties":{"l":1},"geometry":{"type":"LineString","coordinates":[[46.06,55.04],[46.42,54.9],[46.44,54.78]]}},{"type":"Feature","properties":{"l":1},"geometry":{"type":"LineString","coordinates":[[36,53.62],[36.1,53.56],[36.22,53.58],[36.4,53.42],[36.54,53.4],[36.66,53.42],[36.8,53.3],[37.08,53.28],[37.2,53.26],[37.32,53.3],[37.56,53.28],[37.56,53.16],[37.78,53.08],[37.84,53]]}},{"type":"Feature","properties":{"l":1},"geometry":{"type":"LineString","coordinates":[[42.3,53.84],[42.44,54.02],[42.32,54.1],[42.54,54.08],[42.6,54.18],[42.46,54.26],[42.28,54.18],[42.2,54.24],[42.38,54.26],[42.52,54.36],[42.62,54.38],[42.56,54.5],[42.7,54.58],[42.52,54.72],[42.42,54.74],[42.4,54.8],[42.46,54.88]]}},{"type":"Feature","properties":{"l":1},"geometry":{"type":"LineString","coordinates":[[88.6,55.44],[88.4,55.28],[88.54,55.08],[88.54,55.02],[88.66,54.9],[88.74,54.9],[88.76,54.8],[88.62,54.7],[88.6,54.52],[88.52,54.42],[88.56,54.28],[88.8,54.4],[88.96,54.36],[89,54.3],[89.12,54.36],[89.22,54.24],[89.18,54.14],[89.04,54.12],[88.98,54.06],[89.08,53.96],[89.26,53.84],[89.18,53.78],[89.02,53.74],[89.02,53.68],[88.84,53.58],[88.9,53.38],[89.06,53.24],[89.04,53.14],[88.9,52.98],[89.12,52.92],[89.24,52.82],[89.04,52.68],[89.12,52.62],[88.94,52.48],[88.68,52.36],[88.68,52.26],[88.36,52.16]]}},{"type":"Feature","properties":{"l":1},"geometry":{"type":"LineString","coordinates":[[35.1,53.32],[35.2,53.28],[35.36,53.28],[35.42,53.4],[35.64,53.54],[35.76,53.52],[35.92,53.64],[36,53.62]]}},{"type":"Feature","properties":{"l":1},"geometry":{"type":"LineString","coordinates":[[42.14,53.82],[42.3,53.84]]}},{"type":"Feature","properties":{"l":1},"geometry":{"type":"LineString","coordinates":[[42.3,53.84],[42.52,53.74],[42.64,53.8],[42.94,53.8],[43.18,53.84],[43.1,53.9],[43.18,54],[43.3,54.02],[43.42,53.98],[43.52,54.02],[43.76,53.96],[43.94,53.86],[43.88,53.8],[44.1,53.74],[44.2,53.76],[44.32,53.7],[44.42,53.72],[44.54,53.66],[44.72,53.7],[44.62,53.84],[44.62,53.9],[44.88,53.96],[45.18,53.98],[45.34,53.88],[45.64,53.94],[45.8,54]]}},{"type":"Feature","properties":{"l":1},"geometry":{"type":"LineString","coordinates":[[45.8,54],[45.88,54.04],[46.02,54.18],[46.38,54.24],[46.48,54.28],[46.72,54.32],[46.74,54.38],[46.54,54.4],[46.48,54.5],[46.54,54.56],[46.52,54.66],[46.44,54.68],[46.44,54.78]]}},{"type":"Feature","properties":{"l":1},"geometry":{"type":"LineString","coordinates":[[46.44,54.78],[46.86,54.64],[47.06,54.7],[47.24,54.68]]}},{"type":"Feature","properties":{"l":1},"geometry":{"type":"LineString","coordinates":[[43.72,57.46],[43.68,57.28],[43.54,57.26],[43.52,57.12],[43.66,57.04],[43.5,56.9],[43.34,56.86],[42.98,56.84],[42.82,56.8],[42.78,56.66],[42.9,56.64],[42.84,56.56],[42.88,56.48],[42.64,56.48],[42.58,56.42]]}},{"type":"Feature","properties":{"l":1},"geometry":{"type":"LineString","coordinates":[[46.34,58.08],[46.42,58.02],[47.36,58.02],[47.46,57.98],[47.7,57.96],[47.76,57.88],[47.58,57.82],[47.52,57.58],[47.48,57.52],[47.24,57.56],[47.06,57.5],[46.76,57.52],[46.7,57.32],[46.78,57.28],[46.74,57.2],[46.76,57.04],[46.72,56.96]]}},{"type":"Feature","properties":{"l":1},"geometry":{"type":"LineString","coordinates":[[38.68,54.24],[38.74,54.34],[38.9,54.4],[38.8,54.46],[38.82,54.6],[39.22,54.64],[39.32,54.74],[39.4,54.88],[39.48,54.94],[39.68,55.02],[39.82,55],[39.88,55.08],[39.82,55.18],[40,55.2],[40.2,55.3]]}},{"type":"Feature","properties":{"l":1},"geometry":{"type":"LineString","coordinates":[[41.78,55.12],[41.88,55.06],[42.16,54.94],[42.44,55.02],[42.46,54.88]]}},{"type":"Feature","properties":{"l":1},"geometry":{"type":"LineString","coordinates":[[40.2,55.3],[40.14,55.44],[40.14,55.52],[40.04,55.54],[40.08,55.62],[39.9,55.74],[39.82,55.84],[39.56,55.78],[39.36,55.76],[39.3,55.84],[39.12,55.82],[39.02,55.92],[38.84,55.9],[38.72,55.96],[38.6,55.96],[38.56,56.08],[38.4,56.26],[38.42,56.36],[38.32,56.56],[38.38,56.7]]}},{"type":"Feature","properties":{"l":1},"geometry":{"type":"LineString","coordinates":[[38.9,53.56],[38.9,53.76],[38.84,53.76],[38.8,53.88],[38.84,53.92],[38.72,54],[38.7,54.08],[38.76,54.14],[38.68,54.18],[38.68,54.24]]}},{"type":"Feature","properties":{"l":1},"geometry":{"type":"LineString","coordinates":[[42.58,56.42],[42.76,56.3],[42.76,56.22],[42.9,56.16],[42.68,56.12],[42.7,56],[42.56,55.96],[42.48,55.86],[42.38,55.78],[42.28,55.76],[42.06,55.62],[42.06,55.48],[42.12,55.42],[41.94,55.32],[41.86,55.24],[41.88,55.16],[41.78,55.12]]}},{"type":"Feature","properties":{"l":1},"geometry":{"type":"LineString","coordinates":[[41.78,55.12],[41.66,55.1],[41.5,55.16],[41.42,55.14],[41.22,55.22],[41.04,55.18],[40.96,55.26],[40.72,55.2],[40.62,55.2],[40.52,55.32],[40.34,55.34],[40.2,55.3]]}},{"type":"Feature","properties":{"l":1},"geometry":{"type":"LineString","coordinates":[[37.62,58.5],[37.72,58.62],[37.94,58.64],[38.04,58.74],[38.48,58.7],[38.56,58.78],[38.92,58.74],[39,58.84],[38.94,58.94],[39.12,58.96],[39.5,58.88],[39.62,58.9],[39.96,58.76],[40.16,58.56],[40.3,58.54],[40.56,58.6],[40.92,58.58]]}},{"type":"Feature","properties":{"l":1},"geometry":{"type":"LineString","coordinates":[[39.42,56.78],[39.68,56.82],[39.86,56.78],[39.88,56.64],[39.94,56.52],[40.16,56.44],[40.5,56.58],[40.72,56.6],[40.94,56.5],[41.06,56.48],[41.94,56.52],[41.96,56.4],[42.06,56.36],[42.28,56.48],[42.46,56.42],[42.58,56.42]]}},{"type":"Feature","properties":{"l":1},"geometry":{"type":"LineString","coordinates":[[38.38,56.7],[38.26,56.78]]}},{"type":"Feature","properties":{"l":1},"geometry":{"type":"LineString","coordinates":[[38.26,56.78],[38.16,56.84],[38.2,56.9],[38.24,57.12],[38.14,57.2],[38.3,57.28],[38.28,57.38],[38.14,57.34],[37.98,57.36],[37.8,57.44],[37.82,57.6],[37.4,57.82],[37.36,57.98],[37.48,57.98],[37.54,58.06],[37.68,58.08],[37.56,58.16],[37.34,58.24],[37.44,58.4],[37.64,58.42],[37.62,58.5]]}},{"type":"Feature","properties":{"l":1},"geometry":{"type":"LineString","coordinates":[[40.44,57.28],[40.32,57.3],[40.2,57.22],[40.06,57.22],[39.84,57.18],[39.52,57.02],[39.52,56.96],[39.38,56.84],[39.42,56.78]]}},{"type":"Feature","properties":{"l":1},"geometry":{"type":"LineString","coordinates":[[39.42,56.78],[39.3,56.68],[39.34,56.6],[39.28,56.54],[39.12,56.6],[39,56.54],[38.84,56.6],[38.62,56.58],[38.38,56.7]]}},{"type":"Feature","properties":{"l":1},"geometry":{"type":"LineString","coordinates":[[43.72,57.46],[43.54,57.56],[43.32,57.52],[43.26,57.42],[42.98,57.38],[42.86,57.4],[42.86,57.66],[42.72,57.7],[42.64,57.64],[42.4,57.64],[42.34,57.58],[42.18,57.56],[42.02,57.58],[41.88,57.68],[41.64,57.74],[41.56,57.7],[41.6,57.52],[41.54,57.46],[41.44,57.48],[41.26,57.42],[41.16,57.44],[41.08,57.34],[40.58,57.32],[40.44,57.28]]}},{"type":"Feature","properties":{"l":1},"geometry":{"type":"LineString","coordinates":[[40.44,57.28],[40.44,57.44],[40.38,57.5],[40.5,57.58],[40.66,57.58],[40.62,57.66],[40.62,57.94],[40.74,58.06],[40.88,58.12],[40.88,58.2],[41.16,58.36],[41.06,58.42],[41.04,58.52],[40.92,58.58]]}},{"type":"Feature","properties":{"l":1},"geometry":{"type":"LineString","coordinates":[[53.78,58.44],[53.88,58.32],[53.82,58.22],[54.08,58],[54.16,57.7],[54.1,57.6],[54.16,57.56],[54.18,57.46],[54.16,57.32],[54.32,57.3],[54.3,57.08],[54.34,57.02],[54.1,56.96],[54.08,56.78],[53.86,56.72],[53.96,56.64],[54.16,56.54],[54.24,56.44],[54.36,56.36]]}},{"type":"Feature","properties":{"l":1},"geometry":{"type":"LineString","coordinates":[[59.34,61.68],[59.12,61.62],[59.02,61.56],[58.7,61.5],[57.2,61.52],[57.08,61.48],[56.7,61.52],[56.54,61.44],[56.4,61.42],[56.26,61.2],[55.84,61.24],[55.7,61.08],[55.32,61.12],[55.22,61.02],[55.06,61],[54.98,60.86],[53.86,60.98],[53.8,60.84],[53.36,60.9],[53.34,61.04],[52.88,61.1],[52.78,60.94],[52.44,60.98],[52.36,60.84],[51.88,60.88],[51.78,60.6],[52.14,60.54],[52.14,60.48],[52.32,60.44],[52.3,60.24]]}},{"type":"Feature","properties":{"l":1},"geometry":{"type":"LineString","coordinates":[[52.3,60.24],[52.46,60.2],[53.36,60.16],[53.46,60.2],[53.6,60.14],[53.7,60],[53.66,59.82],[53.6,59.7],[53.42,59.68],[53.36,59.5],[53.2,59.36],[53.34,59.18],[53.44,59.14],[53.88,59.1],[53.76,59.02],[53.72,58.92],[53.82,58.82],[53.92,58.78],[53.76,58.7],[53.7,58.6],[53.78,58.44]]}},{"type":"Feature","properties":{"l":1},"geometry":{"type":"LineString","coordinates":[[53.78,58.44],[53.5,58.46],[53.34,58.38],[53.16,58.46],[53.14,58.54],[52.92,58.54],[52.88,58.42],[52.32,58.46],[52.16,58.48],[51.98,58.46],[51.8,58.36],[51.8,58.28],[51.68,58.16],[51.76,58.14],[51.8,58.04],[51.88,57.98],[51.86,57.84],[51.92,57.82],[51.86,57.64],[51.74,57.54],[51.64,57.54],[51.6,57.46],[51.4,57.48],[51.18,57.44],[51.12,57.26],[51.2,57.2],[51.22,57.06],[51.36,56.92],[51.54,56.88],[51.4,56.76],[51.38,56.68],[51.2,56.68],[51.14,56.52],[51.28,56.44],[51.32,56.32],[51.42,56.28],[51.44,56.14]]}},{"type":"Feature","properties":{"l":1},"geometry":{"type":"LineString","coordinates":[[46.72,56.96],[46.82,56.94],[46.96,56.94],[47.16,56.9],[47.18,56.82],[47.5,56.9],[47.76,57.06],[47.9,56.98],[48.2,57.02],[48.3,57.16],[48.46,57.12],[48.56,57.18],[48.82,57.16],[48.96,57.08],[49.04,57.22],[49.04,57.28],[49.22,57.3],[49.14,57.16],[49.28,57.04],[49.42,57.02],[49.52,57.08],[49.7,57.08],[49.74,56.9],[50.02,56.86],[50.1,56.8],[50.08,56.62]]}},{"type":"Feature","properties":{"l":1},"geometry":{"type":"LineString","coordinates":[[48.42,60.86],[48.54,60.56],[48.52,60.48],[48.76,60.36],[48.5,60.22],[48.46,60.12],[48.5,59.98],[48.5,59.72],[48.56,59.7],[49.08,59.66],[49.04,59.5],[49.16,59.5],[49.36,59.42],[49.52,59.4],[49.52,59.24],[49.66,59.2],[49.8,59.24],[49.84,59.64],[50.04,59.68],[50,59.78],[50.22,59.76],[50.38,59.84],[50.84,59.88],[51.08,60.06],[51.3,60.02],[51.42,59.94],[51.52,59.94],[51.8,60.12],[51.9,60.24],[52.06,60.32],[52.3,60.24]]}},{"type":"Feature","properties":{"l":1},"geometry":{"type":"LineString","coordinates":[[38.26,56.78],[38.02,56.78],[37.98,56.86],[37.66,56.94],[37.56,56.9],[37.5,56.78],[37.24,56.78],[37.16,56.68],[37.14,56.56],[37.06,56.52],[36.84,56.58],[36.54,56.48],[36.18,56.4],[36.1,56.34],[35.98,56.38],[35.78,56.4],[35.64,56.48],[35.46,56.44],[35.54,56.38],[35.48,56.24],[35.38,56.18],[35.32,56.06],[35.2,56.02],[35.18,55.94]]}},{"type":"Feature","properties":{"l":1},"geometry":{"type":"LineString","coordinates":[[37.12,55],[37.22,55.08],[37.42,55.18],[37.46,55.38],[37.56,55.36],[37.66,55.56],[37.82,55.64],[37.84,55.76],[37.8,55.84],[37.62,55.9],[37.44,55.88],[37.34,55.74],[37.42,55.66],[37.22,55.6],[37.18,55.44],[36.92,55.42],[37.02,55.3],[36.9,55.22]]}},{"type":"Feature","properties":{"l":1},"geometry":{"type":"LineString","coordinates":[[36.18,58.52],[36.12,58.7],[35.84,58.74],[35.76,58.82],[35.4,58.84],[35.26,58.76],[35.12,58.82],[35.14,58.94],[34.84,59],[34.88,59.04],[34.72,59.1]]}},{"type":"Feature","properties":{"l":1},"geometry":{"type":"LineString","coordinates":[[36.18,58.52],[35.94,58.46],[35.56,58.44],[35.4,58.44],[35.28,58.36],[35.26,58.28],[35.04,58.2],[34.78,58.24],[34.68,58.2],[34.66,58.08],[34.48,58.14],[34.14,58.2],[33.86,58.14],[33.72,58.16],[33.54,58.04],[33.68,58],[33.7,57.92],[33.58,57.86],[33.54,57.72],[33.32,57.66],[33.3,57.56],[33.22,57.46],[33.04,57.44],[32.8,57.46],[32.66,57.34],[32.28,57.2],[32.14,57.18],[31.96,57.12],[31.72,57.1],[31.68,57.02],[31.54,56.94],[31.3,56.96],[31.12,56.94],[31,56.96]]}},{"type":"Feature","properties":{"l":1},"geometry":{"type":"LineString","coordinates":[[47.04,60.86],[47.08,60.82],[46.96,60.66],[47.04,60.58],[46.86,60.5],[46.8,60.32],[46.74,60.26],[46.44,60.28],[46.34,60.22],[46.4,60.1],[46.6,60.06],[47.04,60.1],[46.92,59.84],[46.94,59.78],[47.12,59.76],[47.12,59.62]]}},{"type":"Feature","properties":{"l":1},"geometry":{"type":"LineString","coordinates":[[37.62,58.5],[37.18,58.78],[37.12,58.86],[36.86,58.84],[36.82,58.76],[36.66,58.68],[36.52,58.56],[36.32,58.5],[36.18,58.52]]}},{"type":"Feature","properties":{"l":1},"geometry":{"type":"LineString","coordinates":[[37.26,54.84],[37.46,54.82],[37.56,54.74],[37.76,54.74],[37.74,54.82],[37.94,54.84],[38.04,54.72],[38.22,54.66],[38.46,54.64],[38.48,54.58],[38.4,54.46],[38.52,54.36],[38.52,54.28],[38.68,54.24]]}},{"type":"Feature","properties":{"l":1},"geometry":{"type":"LineString","coordinates":[[46.22,56.04],[46.4,56.12],[46.66,56.12],[47.06,56.28],[47.28,56.34],[47.38,56.34],[47.44,56.18],[47.52,56.16],[47.82,56.14],[47.9,56.12],[48.02,55.94],[48.28,55.84],[48.42,55.82]]}},{"type":"Feature","properties":{"l":1},"geometry":{"type":"LineString","coordinates":[[46.72,56.96],[46.6,56.92],[46.34,56.96],[46.32,56.9],[45.96,56.88],[45.86,56.62],[45.66,56.6],[45.66,56.46],[45.78,56.42],[45.94,56.44],[45.94,56.32],[45.88,56.26],[46.06,56.18],[46.1,56.06],[46.22,56.04]]}},{"type":"Feature","properties":{"l":1},"geometry":{"type":"LineString","coordinates":[[46.22,56.04],[46.1,55.94],[46.1,55.8],[45.92,55.68],[46.04,55.62],[46.14,55.52],[46.24,55.52],[46.38,55.46],[46.26,55.38],[46.22,55.28],[46.1,55.2],[46.06,55.04]]}},{"type":"Feature","properties":{"l":1},"geometry":{"type":"LineString","coordinates":[[78.48,72.4],[78.7,72.18],[79.42,72.04],[79.7,72.06],[80.22,71.94],[80.34,71.88],[80.04,71.84],[80.12,71.68],[79.86,71.6],[79.38,71.62],[79.34,71.48],[79.14,71.42],[79.24,71.32],[79.56,71.28],[79.96,71.14],[80.4,71.1],[80.56,71.04],[80.56,70.9],[80.68,70.8],[80.6,70.72],[80.76,70.64],[80.56,70.46],[80.18,70.42],[80.1,70.36],[79.64,70.22],[79.5,70.12],[79.2,70.06],[79.18,69.98],[78.92,69.86],[79.12,69.74],[79.58,69.58],[79.64,69.5],[79.86,69.36],[80.26,69.36],[80.74,69.3],[80.96,69.2],[81.32,69.28],[81.62,69.28],[81.62,69.4],[81.78,69.42],[81.92,69.34],[81.78,69.24],[81.9,69.18],[82.26,69.16],[82.5,69.12],[82.34,69.06],[82.48,69],[82.54,68.84],[83.02,68.68],[82.86,68.62],[82.54,68.62],[82.7,68.42],[82.68,68.28],[82.54,68.18],[82.4,68.18],[82.36,67.94],[82.06,67.94],[81.74,67.9],[81.88,67.8],[82.1,67.72],[82.1,67.6],[82.38,67.52],[82.26,67.4],[82.36,67.32],[82.12,67.24],[82.8,66.98],[83.04,66.9],[83.16,66.82],[83.3,66.66],[83.08,66.58],[83.1,66.46],[83.26,66.38],[83.52,66.18],[83.38,66.14],[83.3,66.06],[83.52,65.9],[83.52,65.82],[84.04,65.8],[84.16,65.7],[84.32,65.68],[84.3,65.62],[84.42,65.56],[84.56,65.44],[84.58,65.32],[84.52,65.22],[84.38,65.18],[84.32,65.1],[84.38,65],[84.28,64.94],[84.48,64.9],[84.82,64.94],[84.96,64.9],[85.18,64.76],[85.62,64.82],[85.86,64.76],[85.82,64.66],[85.92,64.58],[85.84,64.5],[85.96,64.32],[86.02,64.28],[85.94,64.12],[85.94,64.06],[85.54,63.94],[85.38,63.8],[85.34,63.7],[85.1,63.54],[85.28,63.52],[85.38,63.46],[85.42,63.36],[85.64,63.38],[85.46,63.14],[85.58,63.06],[85.52,62.94],[85.32,62.86],[85.22,62.8],[85.1,62.64],[84.96,62.6],[84.86,62.46],[84.74,62.42],[84.44,62.18]]}},{"type":"Feature","properties":{"l":1},"geometry":{"type":"LineString","coordinates":[[84.44,62.18],[84.28,62.28],[84.24,62.38],[84.1,62.38],[83.8,62.56],[83.54,62.52],[83.32,62.46],[83.04,62.52],[83,62.6],[82.74,62.68],[82.74,62.76],[82.28,62.78],[82.08,62.8],[81.84,62.7],[81.6,62.78],[81.34,62.82],[81.2,62.94],[81.08,63.12],[80.58,63.08],[80.58,63.02],[80.08,62.82],[79.92,62.8],[79.82,62.6],[78.8,62.62],[78.38,62.56],[77.96,62.48],[77.88,62.56],[77.32,62.72],[77.14,62.82],[77.02,62.98],[76.62,63.04],[76.28,62.96],[76.24,63.02],[75.8,63.12],[75.7,63.1],[75.36,63.1],[74.92,63.04],[74.5,63.04],[74.24,63.18],[73.36,63.2],[73.28,63.32],[73.1,63.44],[72.9,63.4],[72.66,63.28],[72.16,63.3],[71.96,63.2],[71.8,63.22],[71.6,63.18],[71.56,63.56],[71.38,63.68],[70.92,63.7],[70.82,63.82],[70.64,63.9],[70.56,64.02],[70.76,64.1],[70.76,64.2],[70.68,64.24],[70.48,64.26],[70.3,64.34],[70,64.32],[69.82,64.34],[69.7,64.4],[69.38,64.38],[69.24,64.46],[69.02,64.48],[68.86,64.44],[69,64.32],[68.82,64.22],[68.42,64.3],[68.18,64.18],[67.94,64.12],[67.8,64.04],[67.68,64.08],[67.28,64.08],[67.18,64.16],[66.82,64.22],[66.8,64.32],[66.9,64.38],[66.94,64.48],[66.68,64.56],[66.44,64.52],[66.14,64.58],[65.88,64.56],[65.4,64.58],[65.18,64.44],[65,64.46],[64.76,64.42],[64.62,64.44],[64.44,64.36],[64.02,64.36],[63.9,64.28],[63.62,64.26],[63.42,64.32],[63.5,64.38],[63.46,64.46],[63.22,64.52],[62.7,64.5],[62.54,64.56],[62.6,64.64],[62.8,64.72],[62.8,64.84],[62.68,64.88],[62.8,65.06],[62.82,65.3],[62.52,65.34],[62.38,65.44],[62.42,65.52],[62.28,65.62],[62.02,65.72]]}},{"type":"Feature","properties":{"l":1},"geometry":{"type":"LineString","coordinates":[[174.46,61.82],[174.46,61.98],[174.34,62.04],[174.12,62.08],[174.12,62.18],[174.02,62.26],[174.1,62.34],[174.08,62.44],[173.88,62.44],[173.8,62.52],[173.5,62.54],[173.02,62.38],[172.86,62.34],[172.7,62.4],[172.42,62.44],[172.32,62.4],[172.06,62.46],[171.46,62.32],[171.22,62.36],[170.9,62.28],[170.38,62.32],[170.26,62.28],[170.16,62.34],[170.08,62.5],[169.98,62.54],[170,62.68],[169.84,62.66],[169.66,62.7],[169.52,62.82],[169.12,62.98],[168.94,62.94],[168.52,63.06],[168.54,63.12],[168.8,63.3],[169.1,63.44],[169.2,63.52],[169.5,63.58],[169.58,63.64],[169.54,63.82],[169.36,63.88],[169.34,63.94],[169.08,63.96],[168.88,64.02],[168.78,64.18],[168.64,64.22],[168.5,64.32],[168.2,64.34],[168.02,64.28],[167.82,64.36],[167.72,64.34],[167.5,64.48],[167.42,64.48],[167.24,64.62],[167,64.54],[166.8,64.54],[166.4,64.6],[166.2,64.6],[166.04,64.56],[165.74,64.68],[165.68,64.76],[165.48,64.74],[165.32,64.78],[165.26,64.86],[165.02,64.84],[165,64.68],[164.88,64.68],[164.8,64.78],[164.22,64.92],[163.88,64.86],[163.52,64.94],[163.34,64.82],[163.14,64.78]]}},{"type":"Feature","properties":{"l":1},"geometry":{"type":"LineString","coordinates":[[158.52,66.36],[158.36,66.46],[158.48,66.48],[158.64,66.62],[158.72,66.74],[158.9,66.8],[158.7,67.06],[158.3,67.14],[157.96,67.26],[157.8,67.36],[157.88,67.42],[157.7,67.54],[157.8,67.7],[158.32,67.76],[158.26,67.82],[158.1,67.84],[158.28,68.08],[158.64,68.14],[158.94,68.14],[159.12,68.2],[159.7,68.24],[159.86,68.28],[161,68.3],[161.22,68.38],[161.4,68.42],[161.72,68.38],[162.18,68.36],[162.42,68.3],[162.54,68.36],[162.58,68.5],[162.72,68.6],[162.6,68.72],[162.6,68.8],[162.76,68.8],[162.84,68.86],[162.56,69],[162.52,69.12],[162.78,69.2],[162.52,69.32],[162.32,69.54],[162.44,69.68]]}},{"type":"Feature","properties":{"l":1},"geometry":{"type":"LineString","coordinates":[[75.32,11.96],[75.26,12.08],[75.22,12.02]]}},{"type":"Feature","properties":{"l":1},"geometry":{"type":"MultiLineString","coordinates":[[[79.84,10.8],[79.76,10.88],[79.7,10.92],[79.74,10.98],[79.84,10.98]],[[79.82,11.84],[79.72,11.84],[79.68,12],[79.8,11.92],[79.84,11.96]]]}},{"type":"Feature","properties":{"l":1},"geometry":{"type":"LineString","coordinates":[[76.42,11.66],[76.38,11.74],[76.32,11.74],[76.18,11.86],[76.12,11.86],[76.06,11.96],[75.96,11.92],[75.84,11.96],[75.78,12],[75.76,12.06],[75.62,12.1],[75.54,12.16],[75.42,12.3],[75.32,12.46],[75.1,12.68],[74.9,12.76]]}},{"type":"Feature","properties":{"l":1},"geometry":{"type":"LineString","coordinates":[[76.42,11.66],[76.34,11.6],[76.24,11.6],[76.26,11.48],[76.4,11.44],[76.5,11.38],[76.54,11.32],[76.46,11.2],[76.64,11.2],[76.72,11.14],[76.7,10.94],[76.82,10.88],[76.88,10.78],[76.88,10.68],[76.82,10.64],[76.8,10.44],[76.84,10.32],[76.92,10.24],[76.98,10.24],[77.06,10.3],[77.2,10.36],[77.28,10.22],[77.22,10.06],[77.26,9.96],[77.22,9.86],[77.24,9.76],[77.18,9.62],[77.26,9.56],[77.34,9.58],[77.4,9.5],[77.32,9.3],[77.26,9.12],[77.16,9],[77.2,8.9],[77.24,8.86],[77.24,8.78],[77.18,8.7],[77.2,8.62],[77.28,8.52],[77.16,8.34],[77.12,8.28]]}},{"type":"Feature","properties":{"l":1},"geometry":{"type":"LineString","coordinates":[[77.56,18.3],[77.6,18.12],[77.56,18.08],[77.62,17.98],[77.62,17.92],[77.5,17.82],[77.52,17.74],[77.46,17.72],[77.42,17.64],[77.5,17.58],[77.58,17.58],[77.6,17.48],[77.38,17.22],[77.46,17.04],[77.44,16.94],[77.42,16.72],[77.44,16.6],[77.38,16.52],[77.26,16.44],[77.3,16.4],[77.54,16.36],[77.5,16.26],[77.48,16],[77.44,15.96]]}},{"type":"Feature","properties":{"l":1},"geometry":{"type":"LineString","coordinates":[[78.22,12.76],[78.06,12.84],[78,12.8],[77.9,12.88],[77.8,12.86],[77.76,12.72],[77.6,12.68],[77.56,12.56],[77.62,12.46],[77.56,12.34],[77.48,12.28],[77.5,12.2],[77.66,12.2],[77.76,12.12],[77.68,11.98],[77.48,11.92],[77.44,11.82],[77.36,11.78],[77.26,11.82],[77.12,11.8],[77.08,11.76],[77,11.82],[76.9,11.8],[76.82,11.62],[76.76,11.64],[76.6,11.64],[76.54,11.7],[76.46,11.72],[76.42,11.66]]}},{"type":"Feature","properties":{"l":1},"geometry":{"type":"LineString","coordinates":[[74.1,15.64],[74,15.62],[73.94,15.64],[73.9,15.72],[73.82,15.78],[73.68,15.72]]}},{"type":"Feature","properties":{"l":1},"geometry":{"type":"LineString","coordinates":[[74.1,15.64],[74.22,15.62],[74.26,15.52],[74.24,15.48],[74.3,15.28],[74.24,15.24],[74.3,15.18],[74.26,15.1],[74.24,14.96],[74.1,14.88]]}},{"type":"Feature","properties":{"l":1},"geometry":{"type":"LineString","coordinates":[[80.28,18.72],[80.1,18.7],[80,18.78],[79.96,18.86],[79.94,19.06],[79.86,19.08],[79.94,19.16],[79.96,19.4],[79.94,19.48],[79.86,19.5],[79.8,19.6],[79.74,19.6],[79.54,19.54],[79.42,19.54],[79.26,19.58],[79.2,19.46],[79.06,19.54],[78.88,19.66],[78.84,19.72],[78.78,19.78],[78.72,19.78],[78.54,19.82],[78.48,19.8],[78.38,19.86],[78.32,19.86],[78.38,19.68],[78.34,19.64],[78.3,19.48],[78.24,19.46],[78.18,19.38],[78.16,19.26],[78.06,19.26],[78,19.32],[77.92,19.34],[77.86,19.22],[77.84,19.12],[77.76,19.04],[77.92,18.84],[77.84,18.8],[77.78,18.7],[77.7,18.66],[77.68,18.56],[77.6,18.54],[77.5,18.38],[77.56,18.3]]}},{"type":"Feature","properties":{"l":1},"geometry":{"type":"LineString","coordinates":[[77.56,18.3],[77.46,18.28],[77.34,18.36],[77.3,18.46],[77.24,18.42],[77.24,18.34],[77.12,18.26],[77.08,18.2],[76.94,18.18],[76.9,18.14],[76.88,17.98],[76.84,17.88],[76.74,17.9],[76.76,17.82],[76.68,17.7],[76.6,17.78],[76.52,17.78],[76.4,17.64],[76.32,17.62],[76.34,17.36],[76.22,17.38],[76.1,17.38],[75.94,17.32],[75.88,17.42],[75.78,17.38],[75.62,17.48],[75.56,17.36],[75.62,17.22],[75.6,17.16],[75.64,17.1],[75.62,16.98],[75.56,17.02],[75.46,16.96],[75.38,16.98],[75.26,16.96],[75.24,16.9],[75.16,16.86],[75.04,16.96],[74.96,16.96],[74.92,16.88],[74.84,16.86],[74.86,16.78],[74.68,16.7],[74.66,16.6],[74.56,16.56],[74.52,16.62],[74.44,16.64],[74.36,16.54],[74.3,16.52],[74.36,16.3],[74.46,16.26],[74.46,16.1],[74.42,16.1],[74.42,16],[74.36,15.88],[74.34,15.76],[74.22,15.72],[74.18,15.76],[74.1,15.64]]}},{"type":"Feature","properties":{"l":1},"geometry":{"type":"LineString","coordinates":[[74.12,21.96],[74.2,21.92],[74.28,21.94],[74.4,22.02],[74.48,21.94],[74.52,21.72],[74.7,21.62],[74.9,21.62],[75.04,21.56],[75.12,21.44],[75.32,21.38],[75.54,21.38],[75.82,21.38],[75.88,21.4],[76.08,21.36],[76.14,21.2],[76.1,21.16],[76.18,21.08],[76.28,21.08],[76.44,21.1],[76.5,21.18],[76.62,21.2],[76.66,21.26],[76.64,21.34],[76.72,21.42],[76.78,21.5],[76.8,21.58],[76.92,21.62],[77.02,21.7],[77.12,21.72],[77.22,21.7],[77.34,21.78],[77.46,21.78],[77.56,21.7],[77.56,21.54],[77.46,21.54],[77.44,21.5],[77.48,21.42],[77.58,21.38],[77.72,21.38],[77.78,21.42],[77.88,21.4],[78.02,21.44],[78.2,21.56],[78.42,21.6],[78.42,21.5],[78.52,21.52],[78.7,21.48],[78.9,21.5],[78.92,21.58],[79.22,21.66],[79.24,21.72],[79.42,21.68],[79.54,21.62],[79.56,21.56],[79.66,21.58],[79.8,21.58],[79.84,21.54],[80,21.54],[80.18,21.64],[80.32,21.58],[80.42,21.44],[80.62,21.32],[80.68,21.36]]}},{"type":"Feature","properties":{"l":1},"geometry":{"type":"LineString","coordinates":[[80.68,21.36],[80.62,21.24],[80.48,21.16],[80.44,21],[80.48,20.94],[80.56,20.92],[80.58,20.7],[80.5,20.64],[80.62,20.6],[80.62,20.32],[80.42,20.24],[80.42,20.14],[80.54,20.14],[80.56,20.04],[80.54,19.92],[80.42,19.9],[80.54,19.82],[80.56,19.74],[80.68,19.68],[80.72,19.6],[80.84,19.54],[80.9,19.48],[80.84,19.34],[80.72,19.26],[80.62,19.32],[80.58,19.4],[80.4,19.24],[80.36,19.12],[80.28,18.98],[80.34,18.86],[80.28,18.78],[80.28,18.72]]}},{"type":"Feature","properties":{"l":1},"geometry":{"type":"LineString","coordinates":[[45.7,44.98],[45.58,45.16],[45.36,45.24],[44.7,45.5],[44.42,45.52],[44.2,45.62],[44.14,45.66],[44.1,45.78],[43.88,45.94],[43.74,45.98],[43.56,45.98],[43.4,46.02],[43.24,46.12],[43,46.18],[42.9,46.24],[42.84,46.16],[42.68,46.08],[42.54,46],[42.32,45.98],[42.34,46.1],[42.18,46.1],[42.14,45.94],[41.72,46]]}},{"type":"Feature","properties":{"l":1},"geometry":{"type":"LineString","coordinates":[[83.98,22.54],[84,22.6],[84.2,22.7],[84.22,22.78],[84.36,22.88],[84.3,23],[84.12,23],[84.08,23.08],[84.02,23.14],[84.04,23.3],[84.02,23.38],[83.94,23.38],[83.96,23.48],[84.02,23.56],[84,23.64],[83.9,23.56],[83.78,23.58],[83.72,23.68],[83.74,23.74],[83.7,23.82],[83.56,23.94],[83.52,24.06],[83.44,24.12],[83.34,24.14]]}},{"type":"Feature","properties":{"l":1},"geometry":{"type":"LineString","coordinates":[[88.62,56.84],[88.72,57.06],[88.52,57.1],[88.64,57.22],[88.74,57.24],[88.86,57.44],[89.08,57.52],[89.16,57.62],[89.38,57.64],[89.36,57.8],[89.4,57.88],[89.32,57.96],[88.86,57.96],[88.68,58.04],[88.16,58.1],[88.02,58.26],[87.92,58.5],[88.38,58.9],[88.8,59.02],[88.62,59.2],[88.58,59.3],[87.94,59.26],[87.88,59.28],[87.56,59.64],[87.5,59.68],[87.22,59.68],[87.08,59.88],[86.62,59.96],[85.96,59.96],[85.5,59.9],[84.7,59.9],[84.54,59.98],[84.62,60.06],[84.64,60.2],[84.78,60.36],[84.7,60.46],[84.36,60.8],[84.26,60.86]]}},{"type":"Feature","properties":{"l":1},"geometry":{"type":"LineString","coordinates":[[84.26,60.86],[84.64,61],[85.68,61.28],[85.64,61.38],[85.78,61.44],[85.96,61.46],[85.96,61.56],[85.86,61.6],[85.72,61.58],[85.48,61.62],[85.38,61.7],[85.28,61.68],[84.92,61.8],[84.68,61.82],[84.52,61.94],[84.56,62],[84.44,62.18]]}},{"type":"Feature","properties":{"l":1},"geometry":{"type":"LineString","coordinates":[[90.48,52.18],[90.7,52.46],[91.04,52.66],[91.24,52.74],[91.4,52.86],[91.4,52.94],[91.36,53.08],[91.66,53.16],[91.84,53.28],[91.84,53.36],[91.74,53.44],[91.46,53.52],[91.48,53.56],[91.34,53.76],[91.32,53.82],[91.46,53.96],[91.46,54.06],[91.2,54.34],[91.16,54.48],[90.86,54.62],[90.92,54.8],[90.84,54.84],[90.72,54.84],[90.68,54.9],[90.46,54.88],[90.44,55.02],[90.26,55.04],[90.12,55.1],[89.9,55.08],[89.66,55],[89.56,55.04],[89.2,55],[89.14,55.08],[88.96,55.18],[88.96,55.28],[88.76,55.34],[88.6,55.44]]}},{"type":"Feature","properties":{"l":1},"geometry":{"type":"LineString","coordinates":[[88.6,55.44],[88.68,55.52],[89.06,55.7],[89.16,55.7],[89.36,55.78],[89.44,55.88],[89.32,55.9],[89.2,56.14],[89.06,56.22],[89.04,56.3],[88.92,56.3],[88.86,56.36],[88.74,56.38],[88.6,56.44],[88.62,56.52],[88.54,56.54],[88.52,56.62],[88.66,56.64],[88.72,56.74],[88.62,56.84]]}},{"type":"Feature","properties":{"l":1},"geometry":{"type":"LineString","coordinates":[[47.04,60.86],[46.76,60.9],[46.74,60.98],[46.52,61.06],[46.28,60.96],[45.88,61.02],[45.76,61.06],[45.8,61.16],[45.72,61.18],[45.34,61.18],[45.22,60.9],[44.46,60.94],[44.2,60.98],[44.16,61.08],[43.78,61.02],[43.72,60.88],[43.54,60.86],[43.52,60.76],[43.14,60.8],[43.04,60.74],[42.82,60.86],[42.66,60.86],[42.4,60.76],[42.02,60.84],[41.8,60.9],[41.52,60.9],[41.4,60.86],[41.42,60.8],[41.34,60.68],[41.06,60.64],[40.82,60.72],[40.76,60.78],[40.54,60.72],[39.92,60.66],[39.76,60.74],[39.64,60.74],[39.34,60.68],[39.06,60.72],[38.94,60.8],[38.78,60.72],[38.64,60.72],[38.58,60.8],[38.44,60.8],[38.42,60.88],[38.22,60.92],[38.16,61.14],[37.96,61.16],[37.86,61.28],[37.78,61.52]]}},{"type":"Feature","properties":{"l":1},"geometry":{"type":"LineString","coordinates":[[108.02,64.22],[108.22,64.2],[108.32,64.04],[108.26,64],[107.68,63.98],[107.56,63.86],[107.38,63.86],[107.2,63.96],[107.06,63.9],[106.76,64],[106.68,63.94],[106.8,63.84],[106.62,63.7],[106.7,63.64],[106.52,63.48],[106.72,63.38],[106.66,63.3],[106.44,63.32],[106.36,63.28],[106.4,63.12],[106.12,63.04],[106.22,62.9],[106.44,62.84],[106.52,62.74],[106.5,62.7],[106.72,62.58],[106.72,62.48],[106.48,62.32],[106.4,62.32],[106.44,62.18],[106.38,62.1],[106.4,62.04],[106.22,62],[105.9,61.84],[105.94,61.68],[105.82,61.64],[105.72,61.64],[105.56,61.56],[105.36,61.52],[105.26,61.42],[104.96,61.4],[104.9,61.36],[105,61.2],[104.84,61.18],[104.64,61.04],[104.58,60.96],[104.62,60.9],[104.46,60.84],[104.6,60.74],[104.52,60.64],[104.68,60.4],[104.88,60.3],[105.22,60.28],[105.32,60.3],[105.48,60.26],[105.42,60.12],[105.48,60.02],[105.38,59.82],[105.18,59.86],[105.04,59.84],[105,59.76],[104.8,59.7],[104.88,59.52],[104.98,59.46],[105.22,59.42],[105.2,59.3],[105.28,59.26],[105.36,59.1],[104.94,58.96],[104.76,58.82],[104.88,58.72],[104.78,58.66],[104.46,58.6],[104.38,58.72],[104.22,58.76],[103.94,58.78],[103.88,58.9],[103.7,58.92],[103.38,59.04],[103.24,59.18],[103.24,59.28],[103.08,59.26],[103,59.32],[102.76,59.2],[102.58,59.2],[102.46,59.16],[102.4,59.06],[102.44,58.94],[102.54,58.9],[102.56,58.8],[102.52,58.72],[102.32,58.64],[102.16,58.52],[101.78,58.46],[101.68,58.4],[101.54,58.22],[101.3,58.22],[101.2,58.14],[101.14,57.98],[100.98,57.88],[100.84,57.84],[100.88,57.76],[100.8,57.68],[100.96,57.56],[100.92,57.46],[100.72,57.42],[100.64,57.48],[100.42,57.54],[100.28,57.8],[100.12,57.86],[100.08,58.04],[100.02,58.08],[99.8,58.06],[99.7,58.08],[99.5,57.92],[99.42,57.8],[99.08,57.78],[98.96,57.72],[98.76,57.8],[98.54,57.8],[97.98,57.82],[97.94,57.82],[97.36,57.06],[97.48,56.96],[97.46,56.82],[97.54,56.8],[97.76,56.78],[97.76,56.56],[97.86,56.56],[97.88,56.42],[97.84,56.4],[97.6,56.38],[97.56,56.18],[97.44,56.14],[97.36,56.06],[97.12,56.1],[96.98,56.02],[96.96,55.86],[96.76,55.74],[96.76,55.66],[96.82,55.56],[96.92,55.32],[96.72,55.26],[96.68,55.08],[96.58,55.02],[96.72,54.92],[96.68,54.8],[96.56,54.7],[96.56,54.58],[96.5,54.52],[96.36,54.56],[96.22,54.54],[96.04,54.56],[95.98,54.46],[95.9,54.38],[95.72,54.38],[95.66,54.28],[95.68,54.24],[95.92,54.16],[96.08,54.06],[96.12,53.98],[96.4,53.78],[96.5,53.68],[96.68,53.64]]}},{"type":"Feature","properties":{"l":1},"geometry":{"type":"LineString","coordinates":[[49,66.12],[48.98,65.26],[49.56,65.3],[49.66,65.26],[50.06,64.9],[50.16,64.84],[50.46,64.8],[50.34,64.54],[50.28,64.52],[49.62,64.6],[49.46,64.46],[48.96,64.5],[48.84,64.36],[48.52,64.36],[48.4,64.22],[48.2,64.24],[48.12,64.34],[46.62,64.32],[46.32,64.26],[45.82,64.28],[45.44,64.18],[45.6,64.06],[45.88,63.96],[46.1,63.94],[46.44,63.88],[46.82,63.74],[46.96,63.64],[47.02,63.54],[46.94,63.36],[47.1,63.24],[47.36,63.16],[47.56,63.14],[47.52,63.04],[47.4,62.96],[47.08,62.84],[47.24,62.64],[47.24,62.36],[47.38,62.32],[47.42,62.2],[47.62,62.18],[47.64,62.3],[47.76,62.32],[48.3,62.32],[48.24,62.48],[48.36,62.72],[48.62,62.7],[48.72,62.82],[48.88,62.82],[49.6,62.78],[49.36,62.14],[49.22,62.1],[49.06,61.7],[49.1,61.66],[49.42,61.62],[49.46,61.58],[49.3,61.18],[49.1,61.18],[48.88,61.14],[48.5,61.04],[48.44,60.98],[48.42,60.86]]}},{"type":"Feature","properties":{"l":1},"geometry":{"type":"LineString","coordinates":[[48.42,60.86],[47.98,60.9],[47.96,61],[47.56,61.06],[47.24,61.06],[47.1,60.96],[47.04,60.86]]}},{"type":"Feature","properties":{"l":1},"geometry":{"type":"LineString","coordinates":[[119.1,58.22],[119.08,58.34],[119.14,58.48],[118.98,58.54],[118.82,58.58],[118.9,58.82],[118.8,58.94],[118.84,59.02],[118.7,59.06],[118.68,59.2],[118.84,59.3],[118.74,59.42],[118.4,59.52],[118.34,59.6],[118.06,59.58],[117.9,59.44],[117.78,59.52],[117.6,59.48],[117.36,59.5],[117.08,59.58],[117.2,59.64],[117.22,59.8],[117.06,59.9],[117.3,60.02],[117.08,60.02],[116.96,60.16],[116.72,60.26],[116.58,60.36],[116.08,60.4],[116,60.46],[115.84,60.46],[115.68,60.52],[115.4,60.48],[115.12,60.4],[115,60.26],[114.84,60.2],[114.7,60.22],[114.54,60.1],[114.54,59.98],[114.3,59.88],[114.16,59.74],[114.04,59.68],[113.84,59.68],[113.78,59.6],[113.6,59.56],[113.6,59.5],[113.44,59.4],[113.46,59.26],[113.26,59.16],[113.16,59.16],[112.72,59.08],[112.56,59.04],[112.62,58.96],[112.46,58.92],[112.46,59.16],[112.64,59.32],[112.44,59.32],[112.22,59.5],[111.94,59.28],[111.78,59.28],[111.62,59.2],[111.48,59.26],[111.32,59.26],[111.16,59.18],[110.72,59.26],[110.58,59.2],[110.58,59.14],[110.48,59.04],[110.28,58.98],[110.12,58.98],[109.64,59.06],[109.5,59.3],[109.26,59.32],[109.26,59.44],[109.52,59.62],[109.5,59.76],[109.66,59.88],[109.76,60.02],[109.7,60.12],[109.74,60.24],[109.92,60.46],[110.12,60.58],[110.06,60.68],[110.26,60.7],[110.24,60.84],[110.46,60.98],[110.52,61.1],[110.48,61.16],[110.16,61.16],[110.1,61.26],[109.8,61.32],[109.84,61.42],[109.86,61.56],[109.62,61.72],[109.6,61.88],[109.82,62],[110,62.16],[110,62.28],[109.92,62.4],[109.56,62.44],[109.3,62.48],[109.52,62.78],[109.62,62.88],[109.46,62.94],[109.46,63.14],[109.22,63.44],[109.06,63.54],[108.86,63.54],[108.54,63.6],[108.16,63.56],[108.12,63.62],[108.26,63.68],[108.28,63.8],[108.68,63.8],[108.76,63.86],[108.74,63.98],[108.5,64.12],[108.54,64.22],[108.46,64.28],[108.02,64.22]]}},{"type":"Feature","properties":{"l":1},"geometry":{"type":"MultiLineString","coordinates":[[[108.02,64.22],[107.86,64.18],[107.56,64.3],[107.36,64.26],[106.88,64.42],[106.4,64.44],[106.2,64.4],[106.14,64.48],[105.8,64.54],[105.7,64.66],[105.88,64.68],[105.84,64.76],[105.94,64.88],[106.12,64.9],[105.98,65.02],[106.28,65.14],[106.46,65.24],[106.46,65.32],[106.64,65.4],[106.84,65.38],[106.94,65.52],[106.72,65.54],[106.64,65.64],[106.44,65.66],[106.48,65.84],[106.48,66],[106.34,66.16],[106.18,66.16],[106.1,66.38],[106.32,66.48],[106.24,66.58],[106.24,66.7],[106.04,66.78],[106.04,66.9],[105.68,66.94],[105.54,67.02],[105.9,67.04],[106.06,67.16],[106.32,67.2],[106.5,67.28],[106.68,67.26],[106.8,67.34],[106.84,67.68],[106.88,67.84],[106.9,68.14],[106.88,68.86],[106.16,69.4],[106.42,69.56],[106.6,69.52],[106.84,69.52],[107.12,69.58],[108,69.7],[108.14,69.82],[108.3,69.86],[108.88,69.84],[108.94,69.78],[109.24,69.78],[109.36,69.84],[109.5,70.04],[109.36,70.06],[109.28,70.2],[109.54,70.26],[109.6,70.38],[110,70.42],[110.12,70.48],[110.1,70.64],[110.48,70.72],[110.54,70.8],[110.9,70.8],[111.34,70.86],[111.52,70.94],[111.96,70.98],[112.02,71.04],[112.28,71.02],[112.58,71.12],[112.52,71.26],[112,71.42],[112,72.14],[111.82,72.14],[111.64,72.28],[111.08,72.36],[111.28,72.48],[111.22,72.54],[110.88,72.58],[110.7,72.66],[110.62,72.78],[110.62,72.9],[110.84,72.94],[110.88,73.02],[110.76,73.18],[110.58,73.26],[110.52,73.4],[110.82,73.56],[111.08,73.58],[111.12,73.64],[110.82,73.72]],[[110.8,73.76],[111.3,73.88]]]}},{"type":"Feature","properties":{"l":1},"geometry":{"type":"LineString","coordinates":[[65.48,68.44],[64.74,68.4],[64.52,68.34],[64.54,68.2],[64.32,68.14],[63.82,68.02],[63.94,67.88],[63.68,67.76],[63.44,67.78],[63.16,67.7],[62.88,67.58],[62.82,67.38],[61.86,67.12],[61.7,67.04],[61.44,67],[60.08,66.98],[59.92,67],[58.78,67],[53.78,67],[52.24,67.08],[51.84,67],[51.5,66.9],[51.52,66.78],[49,66.12]]}},{"type":"Feature","properties":{"l":1},"geometry":{"type":"LineString","coordinates":[[49,66.12],[48.16,66.14],[47.76,65.94],[47.76,65.86],[47.66,65.8],[47.4,65.84],[47.12,65.82],[46.34,66.02],[45.84,66.08],[45.74,66.06],[44.58,66.3],[44.48,66.38],[44.22,66.4]]}},{"type":"Feature","properties":{"l":1},"geometry":{"type":"LineString","coordinates":[[62.02,65.72],[62.5,65.84],[62.84,65.86],[62.8,65.94],[62.88,66.08],[63.06,66.24],[63.24,66.32],[63.3,66.4],[63.8,66.54],[63.96,66.64],[64.32,66.66],[64.56,66.8],[65,66.86],[65.12,66.9],[65.08,67.06],[65.2,67.14],[65.42,67.22],[65.7,67.34],[65.94,67.4],[66.12,67.48],[66.02,67.58],[65.84,67.56],[65.84,67.64],[66.2,67.7],[66.02,67.8],[66.08,67.94],[65.44,67.92],[65.28,68.02],[65.34,68.08],[65.28,68.22],[65.48,68.44]]}},{"type":"Feature","properties":{"l":1},"geometry":{"type":"LineString","coordinates":[[65.48,68.44],[65.66,68.56],[65.52,68.58],[65.32,68.74],[65.32,68.8],[65.06,68.82],[64.9,68.88],[64.56,68.88],[64.54,69.04],[64.98,69.2],[65.04,69.28]]}},{"type":"Feature","properties":{"l":1},"geometry":{"type":"LineString","coordinates":[[107.66,37.86],[107.6,37.76],[107.5,37.76],[107.44,37.66],[107.32,37.6],[107.32,37.52],[107.24,37.3],[107.32,37.16],[107.28,37.06]]}},{"type":"Feature","properties":{"l":1},"geometry":{"type":"LineString","coordinates":[[111.12,39.38],[111.22,39.32],[111.12,39.06],[111,39],[110.98,38.82],[110.88,38.62],[110.9,38.54],[110.86,38.46],[110.78,38.42],[110.68,38.32],[110.58,38.28],[110.52,38.2],[110.52,37.96],[110.58,37.92],[110.66,37.82],[110.76,37.74],[110.78,37.56],[110.74,37.48],[110.64,37.4],[110.68,37.36],[110.66,37.28],[110.46,37.06],[110.38,37.02],[110.4,36.78],[110.48,36.6],[110.5,36.48],[110.46,36.34],[110.48,36.26],[110.44,36.14],[110.52,35.88],[110.56,35.84],[110.58,35.72],[110.62,35.6],[110.42,35.3],[110.34,35.2],[110.26,34.94],[110.24,34.8],[110.26,34.66],[110.34,34.62]]}},{"type":"Feature","properties":{"l":1},"geometry":{"type":"LineString","coordinates":[[109.2,29.1],[109.26,29.24],[109.34,29.28],[109.44,29.54],[109.48,29.56],[109.7,29.66],[109.78,29.74],[110.1,29.78],[110.22,29.74],[110.36,29.66],[110.44,29.72],[110.52,29.72],[110.6,29.78],[110.5,29.86],[110.46,30.02],[110.54,30.06],[110.72,30.02],[110.74,30.1],[110.94,30.06],[111.24,30.04],[111.42,29.92],[111.58,29.9],[111.76,29.92],[111.92,29.86],[112.12,29.7],[112.18,29.64],[112.36,29.58],[112.44,29.64],[112.64,29.62],[112.78,29.74],[112.88,29.8],[112.94,29.7],[112.9,29.6],[112.92,29.5],[113,29.52],[113.14,29.48],[113.18,29.54],[113.42,29.76],[113.52,29.84],[113.54,29.68],[113.64,29.68],[113.68,29.54],[113.72,29.44],[113.58,29.3],[113.64,29.22],[113.66,29.12],[113.72,29.08],[113.78,29.12],[113.9,29.06]]}},{"type":"Feature","properties":{"l":1},"geometry":{"type":"LineString","coordinates":[[113.9,29.06],[113.9,28.96],[114.02,28.92],[114.14,28.78],[114.12,28.62],[114.06,28.56],[114.18,28.5],[114.22,28.4],[114.18,28.3],[114.1,28.26],[114.02,28.18],[114.02,28.1],[113.92,28.02],[113.74,27.98],[113.7,27.94],[113.7,27.82],[113.62,27.7],[113.56,27.6],[113.6,27.36],[113.66,27.32],[113.78,27.38],[113.86,27.34],[113.82,27.22],[113.76,27.14],[113.9,26.94],[113.84,26.82],[113.86,26.66],[114.08,26.58],[114.06,26.46],[114.02,26.38],[114,26.28],[113.94,26.2],[114.06,26.18],[114.16,26.22],[114.22,26.16],[114.04,26.06],[114.02,25.94],[113.9,25.74],[113.92,25.66],[113.98,25.58],[113.92,25.44]]}},{"type":"Feature","properties":{"l":1},"geometry":{"type":"LineString","coordinates":[[109.26,28.5],[109.16,28.44],[109.1,28.2],[108.94,28.2],[108.72,28.24],[108.78,28.42],[108.74,28.48],[108.58,28.38],[108.58,28.6],[108.34,28.68],[108.36,28.78],[108.34,28.92],[108.28,29.08],[108.06,29.06],[107.88,28.98],[107.78,29.04],[107.78,29.14],[107.56,29.18],[107.5,29.24],[107.44,29.18],[107.42,29.08],[107.5,29],[107.44,28.88],[107.3,28.8],[107.16,28.88],[107.04,28.88],[106.98,28.8],[106.88,28.8],[106.84,28.74],[106.82,28.6],[106.76,28.6],[106.76,28.5],[106.56,28.52],[106.62,28.64],[106.56,28.76],[106.48,28.54],[106.38,28.58]]}},{"type":"Feature","properties":{"l":1},"geometry":{"type":"LineString","coordinates":[[109.26,28.5],[109.26,28.32],[109.36,28.26],[109.3,28.1],[109.36,28.02],[109.3,27.98],[109.32,27.8],[109.42,27.74],[109.44,27.66],[109.42,27.56],[109.32,27.5],[109.28,27.44],[109.2,27.44],[109.02,27.26],[108.9,27.18],[108.8,27.08],[108.88,27.02],[108.96,27.02],[109,27.1],[109.1,27.14],[109.16,27.08],[109.24,27.16],[109.44,27.14],[109.5,27.06],[109.5,26.98],[109.44,26.9],[109.5,26.82],[109.4,26.76],[109.3,26.72],[109.38,26.64],[109.4,26.54],[109.32,26.42],[109.3,26.32],[109.4,26.26],[109.42,26.1],[109.46,26.04]]}},{"type":"Feature","properties":{"l":1},"geometry":{"type":"LineString","coordinates":[[109.6,31.74],[109.66,31.72],[109.72,31.64],[109.74,31.56],[109.92,31.52],[110.1,31.4],[110.14,31.34],[110.18,31.18],[110.1,31.12],[110.14,31],[110.12,30.9],[110.06,30.82],[110,30.82],[109.88,30.88],[109.74,30.84],[109.64,30.72],[109.4,30.58],[109.24,30.6],[109.18,30.56],[108.96,30.6],[108.86,30.56],[108.72,30.52],[108.66,30.58],[108.58,30.5],[108.44,30.48],[108.38,30.4],[108.54,30.32],[108.52,30.12],[108.56,30],[108.54,29.88],[108.4,29.84],[108.44,29.74],[108.52,29.72],[108.62,29.86],[108.66,29.82],[108.7,29.7],[108.88,29.64],[108.88,29.5],[108.92,29.34],[109.02,29.3],[109.08,29.22],[109.2,29.1]]}},{"type":"Feature","properties":{"l":1},"geometry":{"type":"LineString","coordinates":[[109.2,29.1],[109.28,29.04],[109.24,28.94],[109.24,28.78],[109.28,28.72],[109.22,28.62],[109.28,28.58],[109.26,28.5]]}},{"type":"Feature","properties":{"l":1},"geometry":{"type":"LineString","coordinates":[[105.5,32.9],[105.56,32.74],[105.64,32.7],[105.72,32.76],[105.82,32.76],[105.88,32.84],[106.08,32.88],[106.06,32.72],[106.12,32.64],[106.22,32.6],[106.36,32.64],[106.6,32.68],[106.72,32.74],[107.06,32.7],[107.06,32.52],[107.2,32.46],[107.28,32.46],[107.38,32.52],[107.44,32.52],[107.46,32.4],[107.66,32.38],[107.78,32.32],[107.84,32.22],[107.96,32.16],[108.06,32.22],[108.24,32.26],[108.48,32.26],[108.52,32.2]]}},{"type":"Feature","properties":{"l":1},"geometry":{"type":"LineString","coordinates":[[108.52,32.2],[108.78,32.04],[109.06,31.94],[109.18,31.84],[109.26,31.74],[109.34,31.7],[109.6,31.74]]}},{"type":"Feature","properties":{"l":1},"geometry":{"type":"LineString","coordinates":[[106.38,28.58],[106.34,28.48],[106.26,28.56],[106.18,28.58],[105.98,28.76],[105.9,28.6],[105.68,28.58],[105.62,28.48],[105.66,28.44],[105.66,28.32],[105.84,28.26],[105.9,28.16],[106,28.14],[106.1,28.18],[106.2,28.12],[106.22,28.06],[106.3,28],[106.34,27.84],[106.24,27.78],[106.1,27.78],[106.04,27.76],[105.88,27.74],[105.64,27.68],[105.52,27.78],[105.36,27.76],[105.3,27.72]]}},{"type":"Feature","properties":{"l":1},"geometry":{"type":"LineString","coordinates":[[97.72,32.54],[97.66,32.56],[97.44,32.7],[97.38,32.78],[97.36,32.9],[97.46,32.98],[97.5,33.04],[97.48,33.12],[97.5,33.2],[97.62,33.32],[97.72,33.4],[97.54,33.46],[97.48,33.56],[97.4,33.62],[97.38,33.86],[97.62,33.94],[97.7,34],[97.74,33.86],[97.82,33.86],[98.04,33.96],[98.22,33.94],[98.3,33.84],[98.46,33.84],[98.64,33.68],[98.64,33.6],[98.74,33.48],[98.78,33.3],[98.86,33.18],[99.1,33.08],[99.22,33],[99.28,32.88],[99.5,32.84],[99.7,32.74],[99.76,32.92],[99.84,32.96],[100.04,32.94],[100.14,32.84],[100.16,32.78],[100.12,32.68],[100.22,32.64],[100.26,32.72],[100.4,32.76],[100.5,32.66],[100.56,32.56],[100.48,32.48],[100.54,32.4],[100.6,32.46],[100.64,32.6],[100.7,32.68],[100.9,32.64],[101.04,32.68],[101.18,32.68],[101.24,32.8],[101.24,32.86],[101.14,32.94],[101.16,33.12],[101.22,33.18],[101.44,33.24],[101.64,33.12],[101.72,33.26],[101.66,33.32],[101.7,33.42],[101.78,33.54]]}},{"type":"Feature","properties":{"l":1},"geometry":{"type":"LineString","coordinates":[[82.8,24],[82.76,23.92],[82.66,23.88],[82.54,23.78],[82.08,23.8],[81.94,23.84],[81.78,23.8],[81.68,23.88],[81.62,23.84],[81.68,23.7],[81.6,23.56],[81.64,23.48],[81.74,23.54],[81.9,23.5],[82,23.4],[82.1,23.38],[82.18,23.28],[82.12,23.1],[82.08,23.1],[81.94,23.04],[81.94,22.94],[81.78,22.86],[81.76,22.66],[81.66,22.6],[81.64,22.56],[81.54,22.52],[81.42,22.44],[81.38,22.5],[81.24,22.44],[81.18,22.48],[81.12,22.4],[81.12,22.3],[81.02,22.2],[80.98,22.1],[80.92,22.1],[80.84,21.96],[80.84,21.84],[80.8,21.78],[80.74,21.72],[80.72,21.48],[80.68,21.36]]}},{"type":"Feature","properties":{"l":1},"geometry":{"type":"LineString","coordinates":[[108.52,32.2],[108.38,32.18],[108.42,32.1],[108.34,32.08],[108.26,31.98],[108.28,31.92],[108.5,31.8],[108.52,31.7],[108.4,31.56],[108.32,31.5],[108.22,31.46],[108.2,31.34],[108.04,31.22],[108,31.04],[107.94,30.94],[107.92,30.88],[107.84,30.8],[107.76,30.82],[107.74,30.88],[107.62,30.84],[107.5,30.82],[107.46,30.76],[107.48,30.6],[107.38,30.5],[107.22,30.24],[107.04,30.06],[106.78,30.04],[106.72,30.06],[106.62,30.26],[106.54,30.34],[106.44,30.32],[106.38,30.26],[106.24,30.22],[106.12,30.34],[106,30.38],[105.8,30.42],[105.7,30.28],[105.56,30.14],[105.74,30.04],[105.7,29.86],[105.56,29.8],[105.56,29.74],[105.42,29.7],[105.3,29.58],[105.32,29.46],[105.4,29.42],[105.42,29.34],[105.5,29.3],[105.64,29.26],[105.7,29.22],[105.74,29],[105.8,28.94],[105.88,28.92],[106,28.98],[106.26,28.86],[106.26,28.8],[106.3,28.68],[106.38,28.58]]}},{"type":"Feature","properties":{"l":1},"geometry":{"type":"LineString","coordinates":[[77.32,28.52],[77.26,28.52],[77.2,28.44],[77.1,28.48],[77.08,28.52],[76.88,28.52],[76.84,28.58],[76.94,28.7],[76.94,28.82],[77.06,28.88],[77.2,28.88]]}},{"type":"Feature","properties":{"l":1},"geometry":{"type":"LineString","coordinates":[[76.82,30.78],[76.82,30.68]]}},{"type":"Feature","properties":{"l":1},"geometry":{"type":"LineString","coordinates":[[59.48,62],[59.66,61.94],[59.78,61.96],[59.98,61.9],[59.98,61.74],[60.06,61.72],[60.44,61.74],[60.76,61.7],[61.16,61.68],[61.9,61.44],[62.42,61.3],[62.62,61.22],[62.86,61],[62.76,60.86],[62.88,60.64],[63.1,60.46],[63.22,60.3],[63.2,60.24],[63.44,60.16],[63.58,60.16],[63.7,60],[63.8,59.8],[63.82,59.48],[63.98,59.4],[64.12,59.4],[64.32,59.42],[65,59.34],[65.18,59.22],[65.38,58.92],[65.66,58.66],[65.94,58.62]]}},{"type":"Feature","properties":{"l":1},"geometry":{"type":"LineString","coordinates":[[59.48,62],[59.4,62.1],[59.5,62.3],[59.56,62.34],[59.64,62.52],[59.52,62.54],[59.4,62.74],[59.48,62.9],[59.28,62.98],[59.24,63.08],[59.32,63.28],[59.3,63.34],[59.5,63.62],[59.52,63.8],[59.58,63.94],[59.76,64],[59.84,64.08],[59.58,64.24],[59.64,64.34],[59.58,64.46],[59.48,64.5],[59.7,64.66],[59.64,64.78],[59.74,64.86],[59.88,64.9],[60.14,65.06],[60.3,65.08],[60.68,64.92],[60.84,65.06],[61,65.06],[61.1,65.16],[61.24,65.2],[61.26,65.3],[61.52,65.5],[61.88,65.7],[62.02,65.72]]}},{"type":"Feature","properties":{"l":1},"geometry":{"type":"LineString","coordinates":[[57.4,56.32],[57.32,56.38],[57.38,56.56],[57.36,56.68],[57.22,56.86],[57.32,56.92],[57.56,56.88],[57.82,56.98],[57.86,57.06],[58.02,57.1],[58.04,57.24],[57.94,57.34],[58,57.48],[58.26,57.66],[58.44,57.68],[58.46,57.58],[58.58,57.6],[58.82,57.72],[58.86,57.82],[58.76,57.84],[58.6,58],[58.68,58.1],[58.86,58.2],[58.98,58.2],[59.2,58.3],[59.28,58.42],[59.46,58.5],[59.38,58.6],[59.38,58.7],[59.18,58.72],[59.08,58.76],[59.06,58.88],[59.18,58.96],[59.1,59.02],[59.18,59.14],[59,59.24],[58.66,59.3],[58.5,59.44],[58.32,59.46],[58.4,59.56],[58.46,59.7],[58.58,59.72],[58.68,59.86],[58.8,59.86],[58.84,59.92],[58.98,59.92],[58.96,60],[59.18,60.28],[59.16,60.38],[59.24,60.48],[59.38,60.58],[59.46,60.8],[59.46,60.96],[59.38,60.98],[59.36,61.14],[59.26,61.22],[59.32,61.38],[59.4,61.42],[59.42,61.5],[59.34,61.68]]}},{"type":"Feature","properties":{"l":1},"geometry":{"type":"LineString","coordinates":[[59.34,61.68],[59.38,61.74],[59.34,61.86],[59.48,62]]}},{"type":"Feature","properties":{"l":1},"geometry":{"type":"LineString","coordinates":[[53.64,55.9],[53.78,55.98],[53.84,56.04],[54.04,56.06],[54.12,56.16],[54.34,56.26],[54.36,56.36]]}},{"type":"Feature","properties":{"l":1},"geometry":{"type":"LineString","coordinates":[[54.36,56.36],[54.44,56.34],[54.54,56.52],[54.92,56.4],[54.96,56.32],[55.44,56.34],[55.54,56.4],[55.88,56.44],[56.08,56.28],[56.28,56.3],[56.4,56.38],[56.66,56.22],[56.72,56.22],[56.86,56.1],[57.22,56.18],[57.28,56.3],[57.4,56.32]]}},{"type":"Feature","properties":{"l":1},"geometry":{"type":"LineString","coordinates":[[57.4,56.32],[57.42,56.24],[57.54,56.1],[57.8,56.16],[57.9,56.12],[58.08,56.14],[58.3,56.1],[58.54,56.16],[58.74,56.06],[58.94,56.06],[59.02,56.16]]}},{"type":"Feature","properties":{"l":1},"geometry":{"type":"LineString","coordinates":[[53.48,54.04],[53.34,54.38],[53.42,54.5],[53.42,54.56],[53.52,54.62],[53.6,54.72],[53.58,54.82],[53.42,54.98],[53.26,55.02],[53.14,55.1],[53.32,55.16],[53.42,55.22],[53.6,55.22],[53.72,55.34],[53.9,55.38],[54,55.54],[54.18,55.62],[54.18,55.7],[53.98,55.86],[53.76,55.86],[53.64,55.9]]}},{"type":"Feature","properties":{"l":1},"geometry":{"type":"LineString","coordinates":[[115.38,31.42],[115.28,31.4],[115.22,31.44],[115.22,31.54],[115.12,31.6],[115.08,31.52],[115,31.48],[114.76,31.5],[114.64,31.56],[114.54,31.58],[114.56,31.74],[114.5,31.76],[114.36,31.74],[114.26,31.8],[114.14,31.84],[114.08,31.78],[113.98,31.74],[113.96,31.84],[113.86,31.86],[113.8,31.98],[113.76,32.14],[113.78,32.2],[113.78,32.36],[113.72,32.42],[113.62,32.38],[113.52,32.3],[113.44,32.28],[113.18,32.42],[113.06,32.42],[112.76,32.34],[112.54,32.38],[112.28,32.36],[112.14,32.4],[112.06,32.46],[111.78,32.52],[111.72,32.6],[111.62,32.62],[111.54,32.62],[111.5,32.68],[111.36,32.82],[111.22,32.94],[111.1,33.14],[111,33.2],[110.98,33.26]]}},{"type":"Feature","properties":{"l":1},"geometry":{"type":"LineString","coordinates":[[115.38,31.42],[115.54,31.18],[115.66,31.22],[115.76,31.14],[115.88,31.12],[115.94,31.04],[116.04,30.98],[115.86,30.86],[115.86,30.78],[115.78,30.76],[115.76,30.68],[115.84,30.6],[115.94,30.48],[115.88,30.38],[115.92,30.32],[116.04,30.22],[116.08,30.04],[116.08,29.96],[116.12,29.9],[116.14,29.78]]}},{"type":"Feature","properties":{"l":1},"geometry":{"type":"LineString","coordinates":[[116.14,29.78],[116.24,29.78],[116.38,29.88],[116.5,29.88],[116.66,30.06],[116.8,30.02],[116.88,29.92],[116.8,29.76],[116.68,29.7],[116.64,29.62],[116.74,29.54],[116.88,29.56],[116.96,29.66],[117.08,29.72],[117.1,29.78],[117.06,29.84],[117.12,29.92],[117.22,29.9],[117.28,29.82],[117.4,29.84],[117.4,29.78],[117.52,29.62],[117.64,29.6],[117.7,29.56],[117.9,29.54],[117.98,29.58],[118.12,29.52],[118.18,29.4]]}},{"type":"Feature","properties":{"l":1},"geometry":{"type":"LineString","coordinates":[[116.16,34.56],[116.16,34.44],[116.4,34.28],[116.56,34.28],[116.58,34.2],[116.54,34.12],[116.64,33.96],[116.44,33.84],[116.42,33.8],[116.18,33.72],[116.08,33.78],[115.98,33.9],[115.96,34],[115.84,34],[115.74,34.06],[115.66,34.04],[115.58,33.98],[115.56,33.9],[115.62,33.84],[115.58,33.76],[115.64,33.6],[115.44,33.54],[115.34,33.46],[115.32,33.38],[115.34,33.26],[115.26,33.12],[115.14,33.08],[114.96,33.12],[114.88,33.08],[114.88,33],[114.92,32.96],[115.18,32.86],[115.2,32.6],[115.36,32.56],[115.46,32.5],[115.56,32.4],[115.64,32.4],[115.7,32.5],[115.8,32.48],[115.88,32.4],[115.92,32.26],[115.92,32.02],[115.9,31.8],[115.66,31.78],[115.54,31.74],[115.38,31.52],[115.38,31.42]]}},{"type":"Feature","properties":{"l":1},"geometry":{"type":"LineString","coordinates":[[113.72,36.36],[113.68,36.22],[113.68,36.06],[113.62,35.96],[113.58,35.68],[113.5,35.52],[113.32,35.46],[113.12,35.36],[113.02,35.32],[112.9,35.24],[112.8,35.24],[112.68,35.32],[112.52,35.22],[112.34,35.22],[112.06,35.24],[112.06,35.1],[111.82,35.08],[111.62,34.94],[111.56,34.86],[111.4,34.82],[111.34,34.84],[111.02,34.74],[110.88,34.66],[110.76,34.66],[110.7,34.62],[110.54,34.58],[110.34,34.62]]}},{"type":"Feature","properties":{"l":1},"geometry":{"type":"LineString","coordinates":[[113.9,29.06],[114.06,29.2],[114.24,29.24],[114.24,29.3],[114.3,29.36],[114.46,29.32],[114.7,29.38],[114.82,29.4],[114.9,29.52],[114.98,29.56],[115.28,29.62],[115.42,29.72],[115.48,29.86],[115.7,29.86],[115.86,29.74],[116,29.74],[116.14,29.78]]}},{"type":"Feature","properties":{"l":1},"geometry":{"type":"LineString","coordinates":[[110.34,34.62],[110.32,34.48],[110.38,34.4],[110.48,34.32],[110.44,34.26],[110.6,34.18],[110.6,34.06],[110.64,33.98],[110.6,33.88],[110.74,33.8],[110.8,33.7],[110.96,33.6],[111.02,33.5],[111.02,33.38],[110.98,33.26]]}},{"type":"Feature","properties":{"l":1},"geometry":{"type":"LineString","coordinates":[[110.98,33.26],[110.9,33.2],[110.82,33.2],[110.72,33.1],[110.6,33.16],[110.54,33.24],[110.44,33.18],[110.24,33.16],[110.1,33.22],[109.96,33.22],[109.88,33.24],[109.66,33.26],[109.52,33.24],[109.5,33.14],[109.76,33.08],[109.74,32.94],[109.84,32.9],[109.9,32.92],[110.1,32.84],[110.16,32.72],[110.16,32.62],[110.08,32.62],[110,32.56],[109.88,32.6],[109.64,32.6],[109.58,32.54],[109.56,32.4],[109.48,32.34],[109.54,32.24],[109.62,32.18],[109.66,32.04],[109.62,31.92],[109.6,31.74]]}},{"type":"Feature","properties":{"l":1},"geometry":{"type":"LineString","coordinates":[[108.8,-7.66],[108.74,-7.6],[108.74,-7.54],[108.7,-7.4],[108.54,-7.28],[108.6,-7.14],[108.7,-7.14],[108.78,-7.06],[108.8,-6.94],[108.9,-6.82]]}},{"type":"Feature","properties":{"l":1},"geometry":{"type":"LineString","coordinates":[[106.4,-7],[106.46,-6.84],[106.5,-6.78],[106.42,-6.7],[106.4,-6.52],[106.44,-6.44],[106.42,-6.38],[106.56,-6.36],[106.64,-6.38],[106.74,-6.38],[106.76,-6.3]]}},{"type":"Feature","properties":{"l":1},"geometry":{"type":"LineString","coordinates":[[121.6,-2.98],[121.48,-3.02],[121.28,-2.88],[121.16,-2.88],[121.06,-2.92]]}},{"type":"Feature","properties":{"l":1},"geometry":{"type":"LineString","coordinates":[[110.84,-8.2],[110.8,-8.12],[110.78,-7.88],[110.76,-7.84],[110.58,-7.82],[110.5,-7.78],[110.44,-7.56],[110.3,-7.66],[110.14,-7.68],[110.12,-7.76],[110.04,-7.88]]}},{"type":"Feature","properties":{"l":1},"geometry":{"type":"LineString","coordinates":[[119.46,-3.52],[119.46,-3.28],[119.42,-3.22],[119.64,-3.12],[119.54,-2.9],[119.56,-2.74],[119.66,-2.76],[119.78,-2.7],[119.74,-2.56],[119.7,-2.36],[119.62,-2.3],[119.64,-2.18],[119.76,-2.08],[119.82,-2.04],[119.88,-1.96]]}},{"type":"Feature","properties":{"l":1},"geometry":{"type":"LineString","coordinates":[[119.88,-1.96],[120.04,-1.86],[120.16,-1.86],[120.3,-1.9],[120.44,-1.86],[120.56,-2.02],[120.62,-2.1],[120.8,-2.24],[121.34,-2.34],[121.44,-2.38],[121.64,-2.56],[121.74,-2.62],[121.78,-2.68],[121.78,-2.8],[121.6,-2.98]]}},{"type":"Feature","properties":{"l":1},"geometry":{"type":"LineString","coordinates":[[77.32,28.52],[77.34,28.62],[77.3,28.72],[77.22,28.78],[77.2,28.88]]}},{"type":"Feature","properties":{"l":1},"geometry":{"type":"LineString","coordinates":[[110.94,-8.22],[110.96,-8.12],[111.1,-8],[111.22,-7.94],[111.3,-7.84],[111.26,-7.74],[111.2,-7.7],[111.22,-7.62],[111.18,-7.52],[111.2,-7.3],[111.22,-7.26],[111.44,-7.32],[111.6,-7.16],[111.6,-6.96],[111.62,-6.8],[111.68,-6.74]]}},{"type":"Feature","properties":{"l":1},"geometry":{"type":"LineString","coordinates":[[82.8,24],[82.68,24.16],[82.74,24.22],[82.76,24.38],[82.74,24.56],[82.8,24.56],[82.78,24.66],[82.7,24.72],[82.62,24.7],[82.42,24.72],[82.42,24.64],[82.3,24.64],[82.32,24.7],[82.04,24.86],[81.88,24.92],[81.82,25.04],[81.58,25.08],[81.54,25.2],[81.36,25.16],[81.24,25.16],[81.24,25.1],[81.18,24.98],[81.1,24.9],[81,24.96],[80.9,24.98],[80.78,24.98],[80.86,25.18],[80.8,25.22],[80.72,25.08],[80.64,25.08],[80.58,25.14],[80.52,25.04],[80.46,25.02],[80.28,25.02],[80.26,25.06],[80.42,25.18],[80.4,25.24],[80.32,25.28],[80.28,25.42],[80.2,25.42],[80.12,25.36],[80.02,25.34],[79.86,25.24],[79.86,25.16],[79.66,25.14],[79.54,25.18],[79.46,25.1],[79.34,25.14],[79.42,25.26],[79.3,25.26],[79.26,25.16],[79.1,25.2],[79.02,25.18],[78.98,25.24],[78.88,25.26],[78.96,25.38],[78.92,25.5],[78.86,25.44],[78.74,25.42],[78.72,25.34],[78.6,25.42],[78.52,25.26],[78.6,25.14],[78.64,24.96],[78.74,24.82],[78.72,24.68],[78.76,24.62],[78.88,24.62],[78.96,24.4],[78.82,24.24],[78.74,24.28],[78.66,24.3],[78.48,24.42],[78.38,24.3],[78.34,24.34],[78.36,24.4],[78.28,24.46],[78.22,24.54],[78.26,24.58],[78.26,24.7],[78.16,24.86],[78.34,25.02],[78.36,25.18],[78.26,25.42],[78.34,25.46],[78.38,25.56],[78.56,25.58],[78.72,25.62],[78.76,25.68],[78.74,25.78],[78.8,25.84],[78.96,26.1],[78.96,26.28],[79.06,26.36],[79.02,26.5],[78.98,26.58],[78.94,26.7],[78.84,26.72],[78.7,26.8],[78.56,26.76],[78.38,26.86],[78.2,26.82]]}},{"type":"Feature","properties":{"l":1},"geometry":{"type":"MultiLineString","coordinates":[[[77.28,27.8],[77.42,27.9],[77.48,27.9],[77.52,27.98],[77.46,28.04],[77.52,28.26],[77.46,28.32],[77.5,28.4],[77.32,28.52]],[[77.2,28.88],[77.2,29],[77.14,29.14],[77.14,29.28],[77.14,29.4],[77.06,29.56],[77.08,29.66],[77.18,29.8],[77.22,29.98],[77.28,30.04],[77.58,30.28],[77.58,30.38]]]}},{"type":"Feature","properties":{"l":1},"geometry":{"type":"LineString","coordinates":[[83.52,24.52],[83.4,24.5],[83.46,24.36],[83.34,24.14]]}},{"type":"Feature","properties":{"l":1},"geometry":{"type":"LineString","coordinates":[[83.34,24.14],[83.2,23.94],[83.08,23.92],[82.96,23.92],[82.8,24]]}},{"type":"Feature","properties":{"l":1},"geometry":{"type":"LineString","coordinates":[[87.78,25.22],[87.72,25.26],[87.6,25.26],[87.52,25.32],[87.4,25.18],[87.3,25.18],[87.26,25.08],[87.18,25.06],[87.12,24.98],[87.12,24.86],[87.08,24.74],[87.06,24.6],[86.92,24.62],[86.88,24.54],[86.76,24.58],[86.7,24.54],[86.58,24.56],[86.5,24.48],[86.44,24.34],[86.28,24.44],[86.3,24.56],[86.16,24.56],[86.1,24.7],[86.04,24.72],[85.92,24.7],[85.84,24.78],[85.74,24.78],[85.64,24.64],[85.66,24.56],[85.58,24.56],[85.52,24.5],[85.4,24.5],[85.28,24.48],[84.96,24.34],[84.88,24.38],[84.8,24.5],[84.58,24.4],[84.52,24.3],[84.32,24.46],[84.3,24.54],[84.1,24.5],[84.04,24.62],[83.92,24.54],[83.78,24.54],[83.7,24.5],[83.52,24.52]]}},{"type":"Feature","properties":{"l":1},"geometry":{"type":"LineString","coordinates":[[83.52,24.52],[83.54,24.7],[83.5,24.76],[83.36,24.86],[83.36,25],[83.32,25.06],[83.34,25.18],[83.38,25.24],[83.78,25.44],[83.9,25.52],[84.14,25.74],[84.22,25.72],[84.24,25.64],[84.32,25.66],[84.32,25.74],[84.38,25.76],[84.48,25.7],[84.6,25.74],[84.6,25.8],[84.54,25.86],[84.42,25.88],[84.38,25.94],[84.26,25.94],[84.16,26.06],[84.06,26.1],[84,26.24],[84.18,26.3],[84.18,26.4],[84.02,26.46],[83.96,26.46],[83.92,26.54],[84.06,26.56],[84.1,26.64],[84.38,26.64],[84.3,26.74],[84.24,26.76],[84.24,26.88],[84.14,26.88],[84.08,26.92],[84.02,27.06],[83.94,27.16],[83.94,27.22],[83.82,27.38]]}},{"type":"Feature","properties":{"l":1},"geometry":{"type":"LineString","coordinates":[[77.58,30.38],[77.3,30.46],[77.14,30.54],[77.16,30.66],[77.12,30.72],[77,30.78],[76.9,30.9],[76.76,30.9]]}},{"type":"Feature","properties":{"l":1},"geometry":{"type":"LineString","coordinates":[[33.72,44.4],[33.86,44.44],[33.8,44.52],[33.72,44.58],[33.7,44.66],[33.62,44.72],[33.68,44.8],[33.58,44.86]]}},{"type":"Feature","properties":{"l":1},"geometry":{"type":"LineString","coordinates":[[103.6,-4.92],[103.76,-4.8]]}},{"type":"Feature","properties":{"l":1},"geometry":{"type":"LineString","coordinates":[[101.02,-2.48],[101.18,-2.36],[101.34,-2.3]]}},{"type":"Feature","properties":{"l":1},"geometry":{"type":"LineString","coordinates":[[105.82,-4.16],[105.7,-4.14],[105.52,-3.86],[105.3,-3.76],[105.26,-3.88],[105.12,-3.96],[105.12,-4.06],[105,-4.16],[104.84,-4.22],[104.68,-4.3],[104.52,-4.32],[104.4,-4.4],[104.3,-4.44],[104.3,-4.5],[104.3,-4.62],[104.26,-4.7],[104.34,-4.82],[104.3,-4.9],[104.22,-4.9],[104.08,-4.94],[103.88,-4.94],[103.86,-4.86],[103.76,-4.8]]}},{"type":"Feature","properties":{"l":1},"geometry":{"type":"LineString","coordinates":[[103.76,-4.8],[103.72,-4.76],[103.7,-4.64],[103.62,-4.5],[103.62,-4.42],[103.4,-4.34],[103.18,-4.24],[103.14,-4.04],[102.98,-4.04],[102.9,-4],[102.84,-4],[102.76,-3.96],[102.62,-3.82],[102.7,-3.8],[102.9,-3.64],[103,-3.58],[103.02,-3.48],[102.98,-3.4],[102.88,-3.38],[102.76,-3.28],[102.64,-3.38],[102.56,-3.34],[102.46,-3.26],[102.48,-3.16],[102.44,-3.08],[102.24,-3.06],[102.22,-2.96],[102.06,-2.78]]}},{"type":"Feature","properties":{"l":1},"geometry":{"type":"LineString","coordinates":[[102.06,-2.78],[101.96,-2.74],[101.9,-2.74],[101.74,-2.64],[101.56,-2.46],[101.52,-2.3],[101.44,-2.24],[101.34,-2.3]]}},{"type":"Feature","properties":{"l":1},"geometry":{"type":"LineString","coordinates":[[101.34,-2.3],[101.26,-2.08],[101.14,-1.92],[101.12,-1.7],[101.22,-1.72],[101.48,-1.7],[101.52,-1.64],[101.68,-1.5],[101.68,-1.28],[101.8,-1.24],[101.84,-1.16],[101.78,-1.14],[101.76,-1.04]]}},{"type":"Feature","properties":{"l":1},"geometry":{"type":"LineString","coordinates":[[123.08,0.94],[123.2,0.84],[123.24,0.74],[123.32,0.66],[123.44,0.62],[123.48,0.56],[123.5,0.42],[123.46,0.3]]}},{"type":"Feature","properties":{"l":1},"geometry":{"type":"LineString","coordinates":[[104.54,-1.74],[104.42,-1.7],[104.38,-1.72],[104.32,-1.8],[104.12,-1.84],[103.96,-1.8],[103.88,-1.8],[103.54,-1.96],[103.52,-2.22],[103.46,-2.24],[103.46,-2.36],[103.42,-2.4],[103.3,-2.28],[103.28,-2.2],[103.22,-2.18],[103.18,-2.28],[103.2,-2.36],[103.12,-2.4],[102.86,-2.36],[102.86,-2.46],[102.8,-2.56],[102.62,-2.68],[102.48,-2.72],[102.4,-2.7],[102.26,-2.64],[102.24,-2.68],[102.06,-2.78]]}},{"type":"Feature","properties":{"l":1},"geometry":{"type":"LineString","coordinates":[[101.76,-1.04],[101.68,-0.96],[101.52,-0.94],[101.44,-0.84],[101.34,-0.78],[101.24,-0.7],[101.04,-0.48],[101,-0.4],[100.86,-0.32],[100.8,-0.2],[100.74,-0.06],[100.84,-0.04],[100.84,0.18],[100.5,0.44],[100.36,0.42],[100.26,0.46],[100.16,0.64],[100.2,0.72],[100.18,0.76]]}},{"type":"Feature","properties":{"l":1},"geometry":{"type":"LineString","coordinates":[[100.18,0.76],[100.2,0.86],[100.2,1.06],[100.22,1.14],[100.14,1.22],[100.14,1.3],[100.08,1.36],[100.1,1.42],[100.36,1.52],[100.44,1.6],[100.44,1.66],[100.38,1.82],[100.3,1.88],[100.32,2.04],[100.32,2.18],[100.28,2.36],[100.32,2.56]]}},{"type":"Feature","properties":{"l":1},"geometry":{"type":"LineString","coordinates":[[122.2,1.02],[122.04,0.94],[122,0.94],[121.84,0.98],[121.5,0.84],[121.38,0.86],[121.3,0.82],[121.24,0.72],[121.16,0.68],[121.26,0.58],[121.34,0.58],[121.34,0.48]]}},{"type":"Feature","properties":{"l":1},"geometry":{"type":"LineString","coordinates":[[103.52,-0.74],[103.1,-0.78],[102.92,-0.76],[102.8,-0.8],[102.68,-0.9],[102.54,-1.08],[102.46,-1.06],[102.36,-1.02],[102.26,-0.88],[102.18,-0.86],[102.02,-0.88],[101.94,-0.92],[101.88,-1],[101.76,-1.04]]}},{"type":"Feature","properties":{"l":1},"geometry":{"type":"LineString","coordinates":[[121.6,-2.98],[121.78,-2.98],[122.06,-3.1],[122.2,-3.12],[122.34,-3.24]]}},{"type":"Feature","properties":{"l":1},"geometry":{"type":"LineString","coordinates":[[119.88,-1.96],[119.82,-1.88],[119.84,-1.8],[119.82,-1.72],[119.72,-1.62],[119.7,-1.46],[119.64,-1.4],[119.5,-1.32],[119.52,-1.22],[119.6,-1.16],[119.58,-1.06],[119.56,-0.84]]}},{"type":"Feature","properties":{"l":1},"geometry":{"type":"LineString","coordinates":[[106.76,-6.3],[106.92,-6.38],[106.98,-6.24],[106.98,-6.02]]}},{"type":"Feature","properties":{"l":1},"geometry":{"type":"LineString","coordinates":[[106.76,-6.3],[106.7,-6.22],[106.68,-6.1],[106.74,-6.06]]}},{"type":"Feature","properties":{"l":1},"geometry":{"type":"LineString","coordinates":[[120.9,31.02],[120.88,31.14],[121.04,31.14],[121.06,31.24],[121.12,31.28],[121.14,31.38],[121.18,31.46],[121.34,31.5]]}},{"type":"Feature","properties":{"l":1},"geometry":{"type":"LineString","coordinates":[[119.62,31.14],[119.36,31.2],[119.32,31.26],[119.16,31.28],[119.08,31.24],[118.82,31.22],[118.76,31.28],[118.76,31.36],[118.82,31.4],[118.88,31.52],[118.86,31.62],[118.68,31.64],[118.68,31.7],[118.48,31.8],[118.48,31.86],[118.36,31.94],[118.38,32.06],[118.5,32.14],[118.52,32.2],[118.66,32.24],[118.68,32.34],[118.66,32.46],[118.62,32.48],[118.56,32.58],[118.76,32.62],[118.9,32.6],[119.08,32.44],[119.2,32.6],[119.2,32.72],[119.1,32.84],[119,32.9],[119,32.96],[118.86,32.98],[118.8,32.86],[118.74,32.84],[118.72,32.74],[118.4,32.74],[118.3,32.78],[118.24,32.92],[118.24,33.02],[118.22,33.18],[118.08,33.14],[118,33.16],[117.94,33.24],[118.12,33.62],[118.18,33.7],[118.12,33.76],[117.92,33.74],[117.76,33.72],[117.74,33.88],[117.68,33.88],[117.66,33.98],[117.58,34],[117.5,34.04],[117.4,34.04],[117.32,34.08],[117.16,34.1],[117.04,34.16],[116.96,34.28],[116.94,34.38],[116.8,34.4],[116.76,34.46],[116.62,34.48],[116.42,34.64],[116.38,34.64]]}},{"type":"Feature","properties":{"l":1},"geometry":{"type":"LineString","coordinates":[[119.62,31.14],[119.74,31.18],[119.94,31.16],[119.94,31.08],[120.12,30.94],[120.22,30.92],[120.36,30.94],[120.44,30.88],[120.5,30.76],[120.58,30.84],[120.7,30.9],[120.7,30.98],[120.9,31.02]]}},{"type":"Feature","properties":{"l":1},"geometry":{"type":"LineString","coordinates":[[120.9,31.02],[120.96,31],[120.98,30.84],[121.1,30.84],[121.26,30.74],[121.28,30.7]]}},{"type":"Feature","properties":{"l":1},"geometry":{"type":"LineString","coordinates":[[118.44,28.28],[118.48,28.34],[118.46,28.52],[118.42,28.6],[118.42,28.7],[118.38,28.8],[118.3,28.84],[118.22,28.96],[118.06,29.06],[118,29.14],[118.06,29.28],[118.14,29.3],[118.18,29.4]]}},{"type":"Feature","properties":{"l":1},"geometry":{"type":"LineString","coordinates":[[118.18,29.4],[118.38,29.46],[118.46,29.52],[118.56,29.62],[118.64,29.66],[118.72,29.74],[118.74,29.82],[118.82,29.88],[118.9,29.98],[118.86,30.16],[118.9,30.22],[118.88,30.32],[118.94,30.36],[119.06,30.32],[119.22,30.32],[119.36,30.4],[119.32,30.52],[119.24,30.56],[119.36,30.68],[119.44,30.64],[119.5,30.76],[119.58,30.84],[119.62,31.14]]}},{"type":"Feature","properties":{"l":1},"geometry":{"type":"LineString","coordinates":[[115.88,24.92],[115.88,25],[115.84,25.2],[115.9,25.24],[115.98,25.36],[116,25.5],[116.04,25.58],[116.02,25.64],[116.12,25.76],[116.14,25.86],[116.18,25.9],[116.32,25.96],[116.4,26.06],[116.42,26.16],[116.4,26.28],[116.5,26.4],[116.6,26.4],[116.62,26.5],[116.54,26.56],[116.5,26.68],[116.54,26.86],[116.66,26.98],[116.92,27.02],[117.04,27.1],[117.16,27.28],[117.1,27.34],[117.12,27.42],[117.12,27.56],[117.22,27.72],[117.28,27.78],[117.28,27.86],[117.54,27.96],[117.6,27.86],[117.74,27.82],[117.82,27.94],[117.94,27.98],[118.06,27.98],[118.14,28.04],[118.36,28.1],[118.34,28.22],[118.44,28.28]]}},{"type":"Feature","properties":{"l":1},"geometry":{"type":"LineString","coordinates":[[118.44,28.28],[118.5,28.26],[118.74,28.32],[118.8,28.22],[118.74,27.98],[118.82,27.9],[118.88,27.72],[118.92,27.54],[119,27.48],[119.18,27.42],[119.26,27.42],[119.4,27.52],[119.46,27.52],[119.52,27.64],[119.62,27.66],[119.68,27.52],[119.7,27.42],[119.78,27.32],[120.06,27.34],[120.14,27.4],[120.24,27.42],[120.34,27.38],[120.4,27.3],[120.42,27.2]]}},{"type":"Feature","properties":{"l":1},"geometry":{"type":"LineString","coordinates":[[81.76,17.9],[81.92,18],[82.04,18.04],[82.14,18.04],[82.24,18],[82.32,18.04],[82.36,18.16],[82.3,18.2],[82.36,18.3],[82.36,18.42],[82.44,18.52],[82.5,18.52],[82.52,18.42],[82.6,18.32],[82.58,18.24],[82.78,18.36],[82.78,18.42],[82.88,18.4],[82.9,18.36],[83.04,18.4],[83.04,18.46],[83.08,18.52],[83.02,18.64],[83.12,18.76],[83.2,18.74],[83.4,18.86],[83.32,18.92],[83.34,19],[83.42,18.96],[83.5,19.06],[83.58,19.06],[83.62,19.12],[83.7,19],[83.8,19],[83.86,18.86],[83.9,18.8],[84.08,18.82],[84.16,18.78],[84.32,18.8],[84.46,18.94],[84.52,19.04],[84.64,19.1],[84.7,19.16],[84.78,19.12]]}},{"type":"Feature","properties":{"l":1},"geometry":{"type":"LineString","coordinates":[[78.22,12.76],[78.28,12.84],[78.42,12.94],[78.52,13.08],[78.56,13.28],[78.38,13.32],[78.36,13.38],[78.38,13.58],[78.18,13.6],[78.06,13.7],[78.1,13.8],[78.04,13.88],[77.92,13.84],[77.88,13.92],[77.74,13.82],[77.6,13.76],[77.5,13.7],[77.44,13.7],[77.38,13.84],[77.3,13.84],[77.16,13.9],[77.1,13.84],[77.14,13.78],[77.04,13.74],[76.96,13.78],[77.02,13.9],[76.94,14.02],[76.94,14.06],[76.88,14.14],[76.98,14.16],[77,14.06],[77.12,14],[77.28,14.02],[77.34,13.9],[77.38,13.96],[77.32,14.06],[77.36,14.16],[77.46,14.2],[77.46,14.3],[77.38,14.26],[77.28,14.3],[77.12,14.32],[77.04,14.24],[76.9,14.26],[76.86,14.34],[76.94,14.46],[76.82,14.48],[76.76,14.56],[76.76,14.76],[76.82,14.92],[76.72,14.98],[76.76,15.1],[76.94,15.02],[77.08,15.04],[77.12,15.14],[77.1,15.3],[77.02,15.36],[77,15.62],[77.08,15.66],[77.02,15.78],[77.04,15.88],[77.14,15.96],[77.22,15.98],[77.44,15.96]]}},{"type":"Feature","properties":{"l":1},"geometry":{"type":"LineString","coordinates":[[77.44,15.96],[77.64,15.9],[77.84,15.9],[78.08,15.84],[78.24,15.96],[78.26,16],[78.4,16.08],[78.5,16.1],[78.74,16.04],[78.84,16.06],[78.84,16.12],[79.02,16.24],[79.16,16.22],[79.22,16.24],[79.24,16.34],[79.22,16.5],[79.26,16.56],[79.4,16.58],[79.5,16.64],[79.72,16.68],[79.88,16.7],[79.96,16.64],[80.04,16.74],[80.08,16.82],[80,16.88],[80.08,16.98],[80.22,17.04],[80.28,17],[80.36,16.86],[80.5,16.8],[80.58,16.94],[80.48,16.94],[80.38,16.98],[80.5,17.1],[80.6,17.14],[80.66,17.08],[80.82,17.04],[80.9,17.16],[81,17.22],[81.14,17.24],[81.22,17.32],[81.4,17.38],[81.46,17.42],[81.54,17.64],[81.62,17.76],[81.78,17.84],[81.76,17.9]]}},{"type":"Feature","properties":{"l":1},"geometry":{"type":"LineString","coordinates":[[115.68,-1.42],[115.68,-1.36],[115.42,-1.44],[115.34,-1.76],[115.36,-1.9],[115.3,-2],[115.34,-2.04],[115.14,-2.2],[114.9,-2.26],[114.88,-2.32],[114.9,-2.42],[114.82,-2.56],[114.78,-2.68],[114.68,-2.76],[114.64,-2.82],[114.5,-2.88],[114.48,-3],[114.32,-3.44]]}},{"type":"Feature","properties":{"l":1},"geometry":{"type":"MultiLineString","coordinates":[[[80.26,13.46],[80.1,13.46],[79.96,13.42],[79.96,13.36],[79.82,13.3],[79.78,13.22],[79.7,13.24],[79.66,13.3],[79.58,13.28],[79.44,13.34],[79.42,13.22],[79.32,13.14],[79.26,13.14],[79.16,13.04],[79.08,13.04],[78.94,13.1],[78.74,13.06],[78.64,13],[78.58,12.78],[78.42,12.64],[78.36,12.64],[78.22,12.76]],[[80.28,13.52],[80.28,13.52]]]}},{"type":"Feature","properties":{"l":1},"geometry":{"type":"LineString","coordinates":[[99.16,0.26],[99.34,0.48],[99.58,0.56],[99.68,0.5],[99.82,0.46],[99.9,0.5],[99.92,0.56],[99.82,0.7],[99.8,0.78],[99.72,0.84],[99.82,0.86],[100.18,0.76]]}},{"type":"Feature","properties":{"l":1},"geometry":{"type":"LineString","coordinates":[[98.1,2.18],[98.12,2.32],[98.06,2.44],[98.02,2.58],[98.06,2.68],[98.06,2.82],[97.92,2.9],[97.9,3.08],[97.94,3.14],[97.86,3.26],[97.98,3.34],[97.9,3.44],[97.92,3.48],[97.84,3.58],[97.78,3.74],[97.9,3.84],[97.9,3.92],[98,3.98],[98.06,4.24],[98.18,4.3],[98.26,4.28]]}},{"type":"Feature","properties":{"l":1},"geometry":{"type":"LineString","coordinates":[[163.14,64.78],[163.24,64.72],[163.16,64.56],[163.34,64.48],[163.44,64.38],[163.26,64.32],[163.16,64.2],[162.94,64.2],[162.8,64.14],[162.84,64.02],[162.92,63.96],[162.88,63.88],[162.72,63.84],[162.76,63.74],[162.98,63.62],[162.96,63.5],[162.88,63.44],[162.7,63.4],[162.74,63.18],[162.38,63.12],[162.26,62.94],[162.54,62.84],[162.68,62.72],[162.82,62.7],[162.7,62.6],[162.76,62.5],[162.74,62.3],[162.66,62.26],[162.4,62.26],[162.26,62.12],[162.52,62.1],[162.48,61.96],[162.32,61.94],[162.46,61.82],[162.44,61.76],[162.52,61.66]]}},{"type":"Feature","properties":{"l":1},"geometry":{"type":"LineString","coordinates":[[73.16,20.12],[73.16,20.04],[73,20.04],[72.94,20.12]]}},{"type":"Feature","properties":{"l":1},"geometry":{"type":"LineString","coordinates":[[144.74,62.04],[144.9,62.16],[145,62.24],[145.18,62.28],[145.18,62.42],[145.12,62.48],[145.48,62.54],[145.32,62.76],[145.36,62.92],[145.26,63.18],[145.36,63.34],[145.44,63.52],[145.64,63.66],[145.58,63.84],[146.1,63.94],[146.3,64.06],[146.38,64.2],[146.5,64.2],[147,64.14],[147.24,64.06],[147.3,64.14],[147.6,64.18],[147.6,64.04],[147.96,63.94],[148.12,64.06],[148.26,64.26],[148,64.36],[148.02,64.44],[148.16,64.46],[148.3,64.54],[148.44,64.52],[148.64,64.42],[149.26,64.44],[149.4,64.44],[149.58,64.52],[149.82,64.56],[150.06,64.5],[150.02,64.38],[150.22,64.22],[150.64,64.18],[150.64,64.34],[150.96,64.34],[151.12,64.38],[151.3,64.36],[151.48,64.44],[152.02,64.5],[152.14,64.44],[152.16,64.36],[152.42,64.4],[152.34,64.52],[152.74,64.68],[152.5,64.94],[152.64,65.02],[152.62,65.16],[152.68,65.24],[153.04,65.28],[153.52,65.4],[153.4,65.5],[153.54,65.7],[153.46,65.78],[153.5,65.84],[153.7,65.88],[154.04,65.86],[154.24,65.82],[154.38,65.92],[154.36,66.04],[154.22,66.06],[154.4,66.2],[154.54,66.24],[154.8,66.18],[154.88,66.14],[155.16,66.2],[155.32,66.14],[155.76,66.18],[155.96,66.1],[156.36,66.06],[156.48,66.14],[156.66,66.2],[156.76,66.1],[156.98,66.04],[156.92,65.96],[157.12,65.92],[157.38,65.92],[157.38,66],[157.72,66.12],[158.12,66.16],[158.48,66.12],[158.4,66.26],[158.52,66.36]]}},{"type":"Feature","properties":{"l":1},"geometry":{"type":"LineString","coordinates":[[158.52,66.36],[158.78,66.28],[159.16,66.24],[159.2,66.16],[159.06,66.04],[158.94,65.9],[158.92,65.74],[159.38,65.66],[159.84,65.52],[160,65.52],[160.16,65.46],[160.18,65.38],[160.42,65.26],[160.54,65.16],[160.68,65.14],[161,65.16],[161.28,65.14],[161.42,65.06],[161.64,65.02],[161.78,64.84],[162.3,64.74],[162.6,64.74],[162.74,64.66],[163,64.64],[163.12,64.7],[163.14,64.78]]}},{"type":"Feature","properties":{"l":1},"geometry":{"type":"LineString","coordinates":[[117.36,40.26],[117.26,40.34],[117.24,40.46],[117.18,40.5],[117.24,40.58],[117.42,40.6],[117.42,40.66],[117.3,40.66],[117.2,40.7],[117.06,40.68],[116.92,40.74],[116.68,40.94],[116.66,41.04],[116.44,40.9],[116.46,40.8],[116.3,40.74],[116.2,40.76],[116.14,40.66],[116,40.6],[115.88,40.62],[115.72,40.54],[115.94,40.3],[115.82,40.16],[115.58,40.1],[115.42,39.96],[115.5,39.92],[115.52,39.84],[115.44,39.74],[115.46,39.64],[115.62,39.6],[115.76,39.5],[115.94,39.58],[116,39.56],[116.22,39.58],[116.24,39.5],[116.38,39.44],[116.42,39.52],[116.6,39.62],[116.8,39.6]]}},{"type":"Feature","properties":{"l":1},"geometry":{"type":"MultiLineString","coordinates":[[[116.8,39.6],[116.88,39.68]],[[117.24,40.1],[117.32,40.12],[117.38,40.2],[117.36,40.26]]]}},{"type":"Feature","properties":{"l":1},"geometry":{"type":"LineString","coordinates":[[113.72,36.36],[113.64,36.44],[113.54,36.48],[113.54,36.54],[113.46,36.64],[113.46,36.74],[113.6,36.76],[113.68,36.88],[113.78,36.9],[113.76,37.12],[113.86,37.2],[113.88,37.3],[114.06,37.5],[114.1,37.6],[114.1,37.7],[114.02,37.76],[113.98,37.84],[113.9,37.94],[113.8,38.16],[113.56,38.24],[113.52,38.38],[113.54,38.54],[113.6,38.64],[113.66,38.66],[113.82,38.82],[113.76,38.9],[113.86,39.08],[114.02,39.12],[114.08,39.08],[114.22,39.06],[114.4,39.16],[114.42,39.3],[114.54,39.54],[114.4,39.66],[114.38,39.86],[114.24,39.88],[114.08,39.92],[113.94,40.02],[114,40.14],[114.08,40.18],[114.46,40.3],[114.44,40.36],[114.28,40.38],[114.26,40.54],[114.16,40.68],[114.16,40.74]]}},{"type":"Feature","properties":{"l":1},"geometry":{"type":"LineString","coordinates":[[118,39.22],[118,39.34],[117.9,39.4],[117.9,39.56],[117.64,39.58],[117.62,39.66],[117.54,39.76],[117.5,39.98],[117.76,39.96],[117.74,40.06],[117.46,40.22],[117.36,40.26]]}},{"type":"Feature","properties":{"l":1},"geometry":{"type":"LineString","coordinates":[[115.46,36.16],[115.44,36.24],[115.34,36.36],[115.28,36.48],[115.34,36.6],[115.48,36.76],[115.62,36.8],[115.78,36.94],[115.86,37.06],[115.9,37.2],[115.98,37.32],[116.12,37.36],[116.26,37.38],[116.22,37.46],[116.36,37.62],[116.42,37.48],[116.6,37.64],[116.74,37.8],[116.84,37.84],[117.42,37.84],[117.56,38.04],[117.68,38.08],[117.78,38.16],[117.84,38.28]]}},{"type":"Feature","properties":{"l":1},"geometry":{"type":"LineString","coordinates":[[115.46,36.16],[115.34,36.08],[115.24,36.16],[115.1,36.18],[115.04,36.1],[114.94,36.06],[114.9,36.12],[114.7,36.16],[114.54,36.14],[114.34,36.24],[114.16,36.24],[114.06,36.28],[113.98,36.36],[113.8,36.34],[113.72,36.36]]}},{"type":"Feature","properties":{"l":1},"geometry":{"type":"LineString","coordinates":[[116.38,34.64],[116.26,34.58],[116.16,34.56]]}},{"type":"Feature","properties":{"l":1},"geometry":{"type":"LineString","coordinates":[[116.16,34.56],[116.04,34.6],[115.82,34.58],[115.7,34.6],[115.64,34.56],[115.54,34.58],[115.44,34.68],[115.42,34.78],[115.32,34.84],[115.22,34.84],[115.18,34.94],[115,35],[114.84,35.02],[114.86,35.18],[114.94,35.22],[115.06,35.38],[115.22,35.42],[115.34,35.5],[115.4,35.62],[115.5,35.72],[115.66,35.74],[115.76,35.84],[115.88,35.86],[115.86,35.92],[115.96,35.98],[116.04,35.96],[116.08,36.1],[115.92,36.02],[115.82,36.04],[115.74,35.96],[115.54,35.92],[115.46,35.92],[115.42,35.82],[115.32,35.8],[115.34,35.94],[115.42,36],[115.46,36.16]]}},{"type":"Feature","properties":{"l":1},"geometry":{"type":"LineString","coordinates":[[81.4,17.8],[81.44,17.88],[81.54,18.26],[81.64,18.3],[81.74,18.36],[81.8,18.44],[81.92,18.54],[81.9,18.62],[81.96,18.68],[82.14,18.74],[82.16,18.88],[82.22,18.92],[82.22,19.02],[82.14,19.24],[82.16,19.38],[82.02,19.52],[82.02,19.78],[81.82,19.92],[81.86,20.04],[81.94,20.1],[82.04,20.02],[82.1,20.06],[82.22,19.96],[82.3,19.84],[82.38,19.88],[82.68,19.82],[82.7,20],[82.62,19.98],[82.42,20.06],[82.44,20.16],[82.42,20.42],[82.34,20.56],[82.36,20.66],[82.34,20.86],[82.46,20.84],[82.56,20.96],[82.66,21.16],[82.96,21.18],[83.08,21.12],[83.2,21.18],[83.28,21.36],[83.36,21.34],[83.38,21.4],[83.32,21.5],[83.36,21.58],[83.44,21.72],[83.48,21.8],[83.56,21.84],[83.58,21.92],[83.52,21.96],[83.54,22.1],[83.6,22.2],[83.74,22.26],[83.84,22.34],[83.94,22.38],[84,22.44],[83.98,22.54]]}},{"type":"Feature","properties":{"l":1},"geometry":{"type":"LineString","coordinates":[[83.98,22.54],[84.06,22.5],[84.14,22.38],[84.32,22.32],[84.42,22.34],[84.54,22.42],[84.74,22.42],[84.8,22.46],[84.9,22.42],[85.06,22.5],[85.1,22.4],[85.08,22.28],[84.98,22.12],[85.1,22.1],[85.24,22.04],[85.32,22.12],[85.42,22.16],[85.56,22.1],[85.68,22.08],[85.8,22.12],[85.78,22.02],[85.84,21.98],[85.92,22.02],[85.98,22.1],[85.96,22.24],[85.98,22.4],[85.94,22.5],[86.04,22.56],[86.1,22.5],[86.26,22.42],[86.36,22.34],[86.48,22.34],[86.68,22.22]]}},{"type":"Feature","properties":{"l":1},"geometry":{"type":"LineString","coordinates":[[116.38,34.64],[116.42,34.84],[116.48,34.9],[116.64,34.94],[116.82,34.96],[116.94,34.88],[117,34.78],[117.06,34.7],[117.18,34.46],[117.24,34.46],[117.28,34.56],[117.34,34.58],[117.46,34.48],[117.6,34.48],[117.66,34.52],[117.78,34.52],[117.8,34.66],[117.92,34.68],[118.06,34.66],[118.16,34.4],[118.4,34.44],[118.42,34.58],[118.48,34.68],[118.6,34.7],[118.68,34.68],[118.76,34.74],[118.78,34.84],[118.84,34.94],[118.86,35.04],[119.08,35.04],[119.18,35.1],[119.3,35.08]]}},{"type":"Feature","properties":{"l":1},"geometry":{"type":"LineString","coordinates":[[81.76,17.9],[81.58,17.8],[81.4,17.8]]}},{"type":"Feature","properties":{"l":1},"geometry":{"type":"LineString","coordinates":[[25.02,-28.06],[25.12,-27.92],[25.22,-27.88],[25.24,-27.82],[25.42,-27.72],[25.58,-27.66],[25.64,-27.68],[25.8,-27.58],[25.88,-27.62],[26,-27.64],[26.22,-27.48],[26.24,-27.42],[26.46,-27.36],[26.48,-27.26],[26.42,-27.18],[26.48,-27.14],[26.64,-27],[26.92,-26.88],[27.04,-26.92],[27.18,-26.92],[27.3,-26.86],[27.4,-26.9],[27.48,-26.88],[27.52,-26.78],[27.58,-26.74]]}},{"type":"Feature","properties":{"l":1},"geometry":{"type":"LineString","coordinates":[[27.58,-26.74],[27.64,-26.76],[27.88,-26.72],[27.96,-26.68],[28.04,-26.82],[28.26,-26.9]]}},{"type":"Feature","properties":{"l":1},"geometry":{"type":"LineString","coordinates":[[30.2,-31.08],[30.12,-30.94],[30.06,-30.86],[29.98,-30.84],[29.8,-30.7],[29.6,-30.68],[29.48,-30.62],[29.32,-30.66],[29.22,-30.62],[29.16,-30.56],[29.2,-30.44],[29.3,-30.38],[29.3,-30.32],[29.18,-30.28],[29.1,-30.18],[29.12,-30.08],[29.02,-29.98]]}},{"type":"Feature","properties":{"l":1},"geometry":{"type":"LineString","coordinates":[[27.38,-30.32],[27.3,-30.48],[27.14,-30.5],[27.02,-30.54],[26.92,-30.66],[26.78,-30.64],[26.7,-30.68],[26.54,-30.66],[26.44,-30.56],[26.32,-30.58],[26.2,-30.52],[26.06,-30.52],[25.72,-30.68],[25.64,-30.66],[25.62,-30.6],[25.46,-30.62]]}},{"type":"Feature","properties":{"l":1},"geometry":{"type":"LineString","coordinates":[[28.86,-28.78],[28.98,-28.58],[29.18,-28.54],[29.24,-28.44],[29.4,-28.36],[29.48,-28.26],[29.58,-28.26],[29.68,-28.12],[29.62,-28.04],[29.72,-27.82],[29.68,-27.66],[29.76,-27.6],[29.72,-27.52],[29.78,-27.46]]}},{"type":"Feature","properties":{"l":1},"geometry":{"type":"LineString","coordinates":[[29.78,-27.46],[29.92,-27.36],[30.14,-27.38],[30.28,-27.3],[30.42,-27.28],[30.58,-27.32],[30.66,-27.28],[30.84,-27.34],[30.9,-27.32],[30.98,-27.36],[31.16,-27.32],[31.28,-27.24]]}},{"type":"Feature","properties":{"l":1},"geometry":{"type":"LineString","coordinates":[[93.32,24.04],[93.24,24.06],[93.1,24.04],[93,24.1],[93.02,24.4]]}},{"type":"Feature","properties":{"l":1},"geometry":{"type":"LineString","coordinates":[[92.24,23.68],[92.28,23.82],[92.32,23.86],[92.32,24.18],[92.3,24.24]]}},{"type":"Feature","properties":{"l":1},"geometry":{"type":"LineString","coordinates":[[119.86,39.98],[119.74,40.1],[119.74,40.2],[119.64,40.2],[119.58,40.38],[119.6,40.48],[119.56,40.54],[119.3,40.54],[119.18,40.62],[119.2,40.7],[119.06,40.66],[118.86,40.82],[118.96,41.08],[119.04,41.1],[119.16,41.18],[119.24,41.28]]}},{"type":"Feature","properties":{"l":1},"geometry":{"type":"LineString","coordinates":[[94.66,25.44],[94.56,25.5],[94.56,25.68],[94.32,25.52],[94.2,25.5],[94.02,25.56],[93.8,25.54],[93.8,25.44],[93.68,25.32],[93.6,25.2],[93.44,25.3]]}},{"type":"Feature","properties":{"l":1},"geometry":{"type":"LineString","coordinates":[[125.7,40.86],[125.58,40.92],[125.7,41],[125.76,41.14],[125.74,41.24],[125.66,41.28],[125.46,41.58],[125.44,41.68],[125.3,41.68],[125.32,41.74],[125.28,41.82],[125.3,41.96],[125.46,42.1],[125.48,42.16],[125.28,42.24],[125.26,42.3],[125.18,42.34],[125.2,42.4],[125.1,42.5],[125.1,42.58],[125.02,42.64],[124.94,42.8],[124.86,42.88],[124.88,43.08],[124.76,43.1],[124.68,43],[124.52,42.88],[124.38,42.98],[124.42,43.08],[124.3,43.16],[124.28,43.22],[124,43.32],[123.8,43.46],[123.74,43.48],[123.7,43.36]]}},{"type":"Feature","properties":{"l":1},"geometry":{"type":"LineString","coordinates":[[144.74,62.04],[144.96,62.06],[145.16,61.96],[145.28,62],[145.52,61.96],[145.74,62.06],[145.9,62.02],[146.22,61.9],[146.36,61.82],[146.5,61.66],[146.58,61.64],[146.62,61.44],[146.76,61.4],[146.68,61.32],[146.74,61.22],[146.74,61.12],[146.68,61.08],[146.7,60.96],[146.54,60.96],[146.46,60.7],[146.32,60.66],[146.06,60.74],[145.62,60.56],[145.52,60.46],[145.62,60.4],[145.58,60.34],[145.8,60.2],[146.1,60.22],[146.38,60.28],[146.46,60.14],[146.68,60.1],[146.66,59.98],[146.78,59.9],[146.98,59.94],[147.14,59.84],[147.16,59.64],[147.08,59.42],[146.88,59.36]]}},{"type":"Feature","properties":{"l":1},"geometry":{"type":"LineString","coordinates":[[139.02,47.4],[138.86,47.46],[138.76,47.44],[138.62,47.46],[138.6,47.54],[138.62,47.62],[138.52,47.66],[138.6,47.72],[138.7,47.74],[138.82,47.86],[138.58,48.04],[138.72,48.14],[138.56,48.18],[138.48,48.3],[138.48,48.4],[138.3,48.44],[138.18,48.38],[138.14,48.32],[138,48.3],[137.84,48.2],[137.58,48.22],[137.44,48.2],[137.32,48.08],[137.42,47.98],[137.6,47.92],[137.6,47.78],[137.78,47.7],[137.9,47.72],[138.04,47.66],[138.08,47.52],[138,47.46],[137.76,47.32],[137.6,47.3],[137.46,47.2],[137.32,47.22],[137.1,47.3],[137.02,47.24],[136.94,47.06],[136.98,47.02],[136.84,46.94],[136.72,46.84],[136.58,46.78],[136.46,46.82],[136.38,46.76],[136.26,46.76],[136.06,46.84],[135.94,46.78],[135.86,46.82],[135.74,46.94],[135.52,46.96],[135.42,46.92],[135.36,46.94],[135.44,47.02],[135.2,47.16],[135.08,47.2],[135.02,47.12],[134.86,47.16],[134.66,47.1],[134.54,46.96],[134.44,46.94],[134.42,46.86],[134.46,46.78],[134.42,46.68],[134.2,46.64],[133.98,46.64]]}},{"type":"Feature","properties":{"l":1},"geometry":{"type":"LineString","coordinates":[[131.4,49.24],[131.46,49.2],[131.62,49.28],[131.76,49.3],[131.96,49.3],[132.06,49.46],[132.12,49.48],[132.4,49.4],[132.38,49.3],[132.64,49.28],[132.74,49.32],[132.82,49.24],[133.04,49.22],[133.2,49.14],[133.3,48.82],[133.78,48.76],[133.82,48.68],[133.94,48.64],[134.1,48.64],[134.26,48.72],[134.4,48.74],[134.48,48.66],[134.74,48.56],[134.86,48.62],[134.98,48.6],[134.98,48.5],[134.88,48.42],[134.76,48.38],[134.6,48.42],[134.32,48.38]]}},{"type":"Feature","properties":{"l":1},"geometry":{"type":"LineString","coordinates":[[130.92,55.68],[130.94,55.74],[130.86,55.88],[130.92,55.94],[130.96,56.12],[131.1,56.2],[131.08,56.34],[131.18,56.46],[131.4,56.48],[131.5,56.54],[131.66,56.54],[131.68,56.64],[131.8,56.72],[131.76,56.84],[131.44,57.04],[131.48,57.08],[131.18,57.14],[131.18,57.24],[131.5,57.26],[131.6,57.3],[131.56,57.36],[131.62,57.46],[131.72,57.5],[131.7,57.56],[131.98,57.58],[132.04,57.7],[131.88,57.8],[131.76,57.86],[131.8,57.9],[131.62,58],[131.48,58.16],[131.7,58.18],[132.04,58.02],[132.02,58.2],[132.2,58.24],[132.2,58.36],[132.12,58.48],[132.38,58.52],[132.56,58.64],[132.6,58.9],[132.8,58.88],[132.88,58.98],[132.86,59.06],[133.12,59.2],[133.38,59.24],[133.54,59.3],[133.62,59.24],[133.76,59.22],[134.04,59.26],[134.22,59.2],[134.56,59.18],[134.72,59.22],[134.76,59.16],[135.2,59.12],[135.26,59.22],[135.42,59.38],[135.62,59.5],[135.8,59.54],[136.06,59.44],[136.76,59.36],[136.84,59.4],[137.18,59.44],[137.34,59.54],[137.46,59.56],[137.46,59.64],[137.62,59.74],[137.84,59.76],[138.04,59.74],[138.18,59.68],[138.26,59.72],[138.18,59.84],[138.26,59.94],[138.2,60.24],[138.32,60.32],[138.32,60.4],[138.24,60.5],[138.4,60.62],[138.42,60.7],[138.28,60.78],[138.18,60.9],[138.2,60.96],[138.34,61],[138.38,61.1],[138.7,61.2],[138.66,61.28],[138.72,61.34],[138.94,61.32],[139.12,61.44],[139.24,61.44],[139.44,61.5],[139.54,61.48],[139.66,61.64],[139.92,61.8],[139.98,61.98],[140.12,61.98],[140.26,62.04],[140.3,62.12],[140.3,62.28],[140.4,62.42],[140.64,62.42],[140.7,62.58],[140.88,62.5],[141.06,62.48],[141.06,62.42],[141.3,62.44],[141.54,62.18],[141.84,62.04],[142,62.02],[142.18,62.08],[142.3,61.96],[142.44,61.86],[142.66,61.96],[142.82,61.94],[142.92,61.9],[143.08,62.02],[143.12,62.1],[143.36,62.02],[143.62,62.02],[143.58,61.94],[143.96,61.96],[143.92,61.76],[144,61.72],[144.24,61.76],[144.54,61.86],[144.58,61.98],[144.74,62.04]]}},{"type":"Feature","properties":{"l":1},"geometry":{"type":"LineString","coordinates":[[75.1,58.58],[74.68,58.36],[74.62,58.3],[74.48,58.26],[74.2,58.14],[73.08,58.14],[72.86,58.02],[72.48,58.02],[72.14,58.02],[71.98,58.12],[71.26,58.08],[71.22,58.16],[71.24,58.34],[71.3,58.38],[71.12,58.46],[71.08,58.52],[70.86,58.54],[70.44,57.94],[70.42,57.78],[70.56,57.7],[70.58,57.58],[70.68,57.52],[70.44,57.4],[70.5,57.3],[70.64,57.26],[70.72,57.2],[70.8,57.32],[71.08,57.34],[71.14,57.26],[71.38,57.06],[71.66,56.92],[71.68,56.84],[71.56,56.74],[71.4,56.72],[71.36,56.68],[71.16,56.68],[71.02,56.52],[70.86,56.46],[70.92,56.34],[70.78,56.3],[70.84,56.24],[70.82,56.16],[70.9,56.12],[70.84,55.96],[70.58,55.84],[70.54,55.68],[70.74,55.6],[70.68,55.5],[70.54,55.48],[70.48,55.42],[70.46,55.28]]}},{"type":"Feature","properties":{"l":1},"geometry":{"type":"LineString","coordinates":[[63.32,54.16],[63.26,54.24],[63.12,54.3],[63.14,54.44],[63.24,54.48],[63.3,54.56],[63.2,54.68],[62.9,54.7],[62.72,54.62],[62.42,54.72],[62.38,54.68],[62.14,54.64],[62.02,54.72],[62.12,54.82],[61.98,54.94],[61.98,55.04],[62.24,55.08],[62.16,55.24],[62.04,55.32],[62.24,55.34],[62.3,55.4],[62.58,55.52],[62.52,55.56],[62.52,55.74],[62.34,55.9],[62.3,55.98],[62.14,56.06],[62.08,56.14]]}},{"type":"Feature","properties":{"l":1},"geometry":{"type":"LineString","coordinates":[[65.94,58.62],[66.26,58.62],[66.38,58.58],[66.74,58.66],[66.78,58.72],[66.78,58.92],[66.96,58.98],[67.08,58.92],[67.26,59.02],[67.56,59.1],[67.74,59.22],[68.2,59.24],[68.36,59.28],[68.54,59.56],[68.84,59.62],[69.3,59.78],[69.08,59.9],[69.14,59.94],[69.3,59.98],[69.5,59.98],[69.62,59.9],[70.16,59.9],[70.24,59.84],[70.4,59.82],[70.8,59.86],[71.02,59.82],[71.2,59.9],[71.3,59.8],[71.78,59.64],[71.88,59.58],[72,59.56],[72.36,59.34],[72.44,59.3],[72.46,59.22],[72.66,59.1],[72.86,59.16],[72.98,59.1],[72.96,59],[73.1,58.94],[73.04,58.86],[73.44,58.82],[73.62,58.86],[73.76,58.8],[74,58.8],[74.1,58.74],[74.74,58.74],[74.9,58.7],[74.98,58.72],[75.16,58.66]]}},{"type":"Feature","properties":{"l":1},"geometry":{"type":"LineString","coordinates":[[75.16,58.66],[75.1,58.58]]}},{"type":"Feature","properties":{"l":1},"geometry":{"type":"LineString","coordinates":[[68.78,55.34],[68.6,55.42],[68.48,55.4],[68.32,55.56],[68.18,55.6],[68.18,55.7],[67.92,55.66],[67.82,55.72],[67.6,55.72],[67.44,55.74],[67.3,55.9],[66.98,55.98],[66.8,55.96],[66.76,56.04],[66.46,55.96],[66.3,56.06],[66.18,56.06],[66.02,56],[65.86,56.06],[65.7,56.2],[65.66,56.28],[65.12,56.32],[65.08,56.44],[64.96,56.5],[65.02,56.64],[65,56.76]]}},{"type":"Feature","properties":{"l":1},"geometry":{"type":"LineString","coordinates":[[65,56.76],[65.14,56.78],[65.22,56.86],[65.1,56.9],[65,57.04],[65,57.22],[64.92,57.3],[64.84,57.44],[64.94,57.54],[64.84,57.64],[65.42,57.84],[65.54,57.78],[65.7,57.9],[66.2,58.04],[66,58.3],[65.94,58.62]]}},{"type":"Feature","properties":{"l":1},"geometry":{"type":"LineString","coordinates":[[112,24.74],[111.94,24.7],[111.94,24.6],[112,24.56],[112,24.46],[112.04,24.38],[111.98,24.28],[111.86,24.24],[111.9,24],[111.8,23.9],[111.8,23.84],[111.66,23.84],[111.62,23.76],[111.6,23.66],[111.48,23.62],[111.46,23.56],[111.4,23.44],[111.36,23.28],[111.36,23.14],[111.42,23.06],[111.36,22.9],[111.28,22.82],[111.18,22.74],[111.06,22.74],[111.02,22.64],[110.76,22.58],[110.7,22.36],[110.78,22.28],[110.68,22.26],[110.64,22.18],[110.46,22.16],[110.42,22.2],[110.34,22.2],[110.36,22.1],[110.36,21.88],[110.22,21.88],[110.14,21.9],[109.96,21.86],[109.92,21.68],[109.76,21.56]]}},{"type":"Feature","properties":{"l":1},"geometry":{"type":"LineString","coordinates":[[134.88,-4.26],[135.26,-3.76],[134.26,-3.4],[134.26,-3.3],[134.34,-3.18],[134.46,-3.08],[134.44,-3.02],[134.68,-2.84]]}},{"type":"Feature","properties":{"l":1},"geometry":{"type":"LineString","coordinates":[[104.54,24.74],[104.72,24.64],[104.86,24.7],[104.88,24.76],[105.02,24.8],[105.1,24.96],[105.2,25],[105.28,24.94],[105.38,24.96],[105.44,24.92],[105.5,24.82],[105.68,24.78],[105.78,24.72],[105.92,24.72],[106,24.64],[106.18,24.78],[106.2,24.88],[106.16,24.96],[106.3,24.98],[106.58,25.1],[106.66,25.18],[106.88,25.2],[106.9,25.24],[107,25.26],[107.02,25.36],[106.98,25.44],[107.02,25.5],[107.24,25.56],[107.4,25.38],[107.42,25.3],[107.5,25.22],[107.64,25.26],[107.78,25.16],[107.86,25.14],[107.96,25.2],[108.06,25.22],[108.12,25.26],[108.14,25.38],[108.3,25.54],[108.4,25.52],[108.56,25.42],[108.7,25.6],[108.76,25.6],[108.78,25.52],[108.94,25.54],[109.02,25.6],[109.04,25.7],[108.96,25.7],[108.96,25.78],[109.08,25.8],[109.14,25.76],[109.3,25.74],[109.4,26],[109.46,26.04]]}},{"type":"Feature","properties":{"l":1},"geometry":{"type":"LineString","coordinates":[[109.46,26.04],[109.6,26.06],[109.68,25.98],[109.68,25.88],[109.78,25.9],[109.78,26.02],[109.84,26.04],[109.92,26.18],[110.06,26.14],[110.04,26.04],[110.14,26.06],[110.24,25.98],[110.34,26.12],[110.48,26.18],[110.54,26.22],[110.58,26.36],[110.68,26.34],[110.72,26.28],[110.88,26.28],[110.94,26.38],[111.12,26.3],[111.26,26.28],[111.26,26.22],[111.2,25.94],[111.26,25.86],[111.4,25.9],[111.42,25.8],[111.32,25.72],[111.3,25.64],[111.32,25.5],[111.26,25.4],[111.16,25.36],[111.12,25.24],[111,25.16],[110.96,25.02],[111,24.94],[111.08,24.94],[111.12,25.04],[111.28,25.14],[111.42,25.1],[111.46,25.02],[111.42,24.94],[111.48,24.8],[111.42,24.68],[111.52,24.64],[111.62,24.7],[111.66,24.78],[111.8,24.76],[111.92,24.78],[112,24.74]]}},{"type":"Feature","properties":{"l":1},"geometry":{"type":"LineString","coordinates":[[28.3,-25.32],[28.24,-25.22],[28.12,-25.2],[28.12,-25.1],[28.22,-25.08],[28.1,-25],[27.96,-24.98],[27.9,-25],[27.66,-24.98],[27.58,-25],[27.54,-25.1],[27.48,-25.06],[27.36,-25.06],[27.28,-25],[27.18,-25],[27.06,-24.84],[27.02,-24.72],[26.94,-24.78],[26.76,-24.86],[26.62,-24.82],[26.46,-24.82],[26.42,-24.74],[26.4,-24.62]]}},{"type":"Feature","properties":{"l":1},"geometry":{"type":"LineString","coordinates":[[28.3,-25.32],[28.24,-25.36],[28.1,-25.38],[28,-25.36],[27.94,-25.42],[28.04,-25.48],[27.96,-25.6],[27.94,-25.8],[27.88,-25.86],[27.72,-25.88],[27.64,-25.8],[27.46,-25.88],[27.44,-26],[27.4,-26.12],[27.3,-26.14],[27.32,-26.28],[27.2,-26.38],[27.22,-26.5],[27.24,-26.64],[27.34,-26.62],[27.56,-26.66],[27.58,-26.74]]}},{"type":"Feature","properties":{"l":1},"geometry":{"type":"LineString","coordinates":[[31.86,-23.96],[31.78,-23.96],[31.72,-24.04],[31.44,-24.02],[31.24,-24.1],[31.2,-24.04],[31.12,-24.1],[31.06,-24.2],[31.06,-24.32],[31.2,-24.32],[31.16,-24.38],[31.26,-24.5],[31.22,-24.56],[30.98,-24.58],[30.76,-24.46],[30.74,-24.58],[30.68,-24.62],[30.72,-24.7],[30.66,-24.82],[30.5,-24.94],[30.42,-24.86],[30.34,-24.88],[30.18,-24.86],[30.18,-25.02],[30.12,-25.12],[30.04,-25.08],[30,-25.14],[30,-25.34],[29.88,-25.34],[29.76,-25.4],[29.68,-25.38],[29.52,-25.42],[29.36,-25.4],[29.26,-25.38],[29.22,-25.4],[29.16,-25.3],[29.1,-25.32],[29.04,-25.26],[29.04,-25.14],[28.96,-25.08],[28.9,-24.96],[28.74,-24.94],[28.62,-25],[28.62,-25.06],[28.46,-25.12],[28.36,-25.18],[28.4,-25.22],[28.6,-25.16]]}},{"type":"Feature","properties":{"l":1},"geometry":{"type":"LineString","coordinates":[[28.6,-25.16],[28.66,-25.24],[28.52,-25.26],[28.44,-25.32],[28.3,-25.32]]}},{"type":"Feature","properties":{"l":1},"geometry":{"type":"LineString","coordinates":[[28.26,-26.9],[28.38,-26.94],[28.42,-26.98],[28.64,-27],[28.66,-26.96],[28.82,-27.04],[28.96,-27],[29.06,-27.04],[29.12,-27.16],[29.18,-27.14],[29.44,-27.26],[29.48,-27.34],[29.62,-27.5],[29.78,-27.46]]}},{"type":"Feature","properties":{"l":1},"geometry":{"type":"LineString","coordinates":[[23.64,-33.98],[23.68,-33.88],[23.54,-33.8],[23.36,-33.78],[23.44,-33.72],[23.62,-33.64],[23.56,-33.5],[23.44,-33.44],[23.26,-33.4],[23.02,-33.4],[22.74,-33.4],[22.74,-33.32],[22.92,-33.1],[22.92,-33.02],[23,-32.88],[23.2,-32.8],[23.32,-32.8],[23.38,-32.76],[23.28,-32.66],[23.24,-32.5],[23.24,-32.42],[23.32,-32.36],[23.6,-32.32],[23.68,-32.24],[23.76,-32.2],[23.88,-32.22],[24.02,-32.18],[24.1,-32.12],[24.12,-32],[24.18,-31.96],[24.12,-31.86],[24.14,-31.78]]}},{"type":"Feature","properties":{"l":1},"geometry":{"type":"LineString","coordinates":[[42.48,51.6],[42.5,51.7],[42.64,51.8],[42.7,51.96],[42.8,52.02],[42.76,52.08],[42.76,52.18],[43,52.36],[43.08,52.4]]}},{"type":"Feature","properties":{"l":1},"geometry":{"type":"LineString","coordinates":[[43.08,52.4],[43.2,52.46],[43.36,52.4],[43.54,52.42],[43.74,52.44],[44.04,52.34],[44.34,52.32],[44.42,52.42],[44.54,52.44],[44.5,52.52],[44.88,52.44],[44.9,52.38],[45.08,52.38],[45.14,52.42],[45.26,52.4],[45.44,52.4],[45.52,52.48],[45.64,52.52],[45.72,52.48],[45.98,52.4],[45.98,52.48],[46.14,52.6],[46.28,52.62],[46.28,52.68],[46.52,52.7],[46.72,52.62],[46.84,52.62]]}},{"type":"Feature","properties":{"l":1},"geometry":{"type":"LineString","coordinates":[[53.48,54.04],[53.6,53.88],[53.66,53.76],[53.88,53.66],[54.1,53.42],[54.24,53.38],[54.3,53.42],[54.52,53.36],[54.56,53.26],[54.66,53.24],[54.8,53.28],[54.92,53.22],[54.96,53.12],[55.16,52.82],[55.26,52.86],[55.4,52.84],[55.42,52.66],[55.54,52.54],[55.54,52.38],[55.78,52.34],[55.88,52.4],[55.92,52.5],[56.08,52.6],[56.36,52.52],[56.44,52.42],[56.46,52.3],[56.2,52.18],[56.22,52.14],[56.5,52.16],[56.62,52.12],[56.68,52.04],[56.6,51.82],[56.74,51.78],[56.72,51.72],[56.78,51.6],[56.88,51.62],[56.88,51.7],[57,51.72],[57.04,51.66],[57.2,51.58],[57.38,51.64],[57.44,51.72],[57.62,51.76],[57.66,51.86],[57.78,51.82],[57.88,51.84],[57.98,51.78],[58.1,51.8],[58.24,51.74],[58.5,51.76],[58.58,51.8],[58.64,52.02],[58.7,52.04],[58.6,52.18],[58.7,52.26],[58.86,52.26],[58.82,52.44]]}},{"type":"Feature","properties":{"l":1},"geometry":{"type":"LineString","coordinates":[[47.44,50.36],[47.28,50.38],[47.18,50.52],[47,50.48],[46.88,50.52],[46.84,50.64],[46.7,50.7],[46.58,50.7],[46.48,50.62],[46.46,50.54],[46.3,50.56],[46.26,50.52],[46.06,50.54],[46.06,50.66],[45.88,50.76],[45.82,50.78],[45.68,50.72],[45.66,50.6],[45.5,50.62],[45.24,50.58],[45.2,50.7],[45.3,50.78],[45.3,50.88],[45.22,50.94],[45.2,51.04],[45.04,51.12],[44.66,51.18],[44.22,51.2],[44.18,51.12],[44,51.08],[43.86,51.12],[43.68,51.12],[43.64,51.06],[43.32,51.02],[43.14,51.12],[42.88,51.24]]}},{"type":"Feature","properties":{"l":1},"geometry":{"type":"LineString","coordinates":[[50.8,51.72],[51.42,52.1],[51.46,52.22],[51.42,52.36],[51.56,52.44],[51.48,52.56],[51.54,52.68],[51.74,52.66],[51.78,52.78],[51.72,52.84],[51.86,52.92],[52.06,53],[52.06,53.16],[52.12,53.18],[52.14,53.3],[52.2,53.38],[52.08,53.5],[52.26,53.66],[52.42,53.92],[52.38,53.96],[52.48,54.08],[52.34,54.18],[52.28,54.32],[52.5,54.32],[52.54,54.38]]}},{"type":"Feature","properties":{"l":1},"geometry":{"type":"LineString","coordinates":[[52.54,54.38],[52.78,54.34],[53,54.28],[52.96,54.2],[53.14,54.08],[53.26,54.08],[53.38,53.98],[53.48,54.04]]}},{"type":"Feature","properties":{"l":1},"geometry":{"type":"LineString","coordinates":[[59.02,56.16],[59.14,56.2],[59.12,56.32],[59.2,56.36],[59.34,56.32],[59.7,56.3],[59.78,56.24],[59.92,56.26],[60.24,56.2],[60.32,56.24],[60.58,56.22],[60.76,56.24],[60.9,56.18],[61.16,56.22],[61.08,56.32],[61.16,56.38],[61.26,56.34],[61.38,56.36],[61.54,56.3],[61.64,56.32],[61.82,56.24],[61.86,56.18],[62.08,56.14]]}},{"type":"Feature","properties":{"l":1},"geometry":{"type":"LineString","coordinates":[[85.08,54.46],[85.16,54.48],[85.44,54.22],[85.58,54.24],[85.82,54.12],[85.94,54.04],[86.12,54],[86.24,53.88],[86.3,53.88],[86.4,53.76],[86.46,53.62],[86.56,53.54],[86.72,53.48],[86.94,53.46],[86.98,53.4],[86.7,53.2],[86.94,53.08],[87.08,53.08],[87.02,52.92],[86.94,52.86],[87.08,52.72],[87.18,52.7],[87.18,52.62]]}},{"type":"Feature","properties":{"l":1},"geometry":{"type":"LineString","coordinates":[[60.06,51.98],[59.92,52.1],[59.98,52.18],[60.14,52.26],[60.14,52.42],[59.94,52.42],[59.78,52.5],[59.5,52.44],[59.4,52.5],[59.24,52.48],[59.18,52.28],[58.82,52.44]]}},{"type":"Feature","properties":{"l":1},"geometry":{"type":"LineString","coordinates":[[58.82,52.44],[58.78,52.52],[58.82,52.58],[58.72,52.64],[58.78,52.7],[58.74,52.84],[58.9,53.06],[58.9,53.18],[58.82,53.2],[58.86,53.32],[58.86,53.5],[58.82,53.6],[58.9,53.66],[58.88,53.76],[58.9,53.86],[59.02,53.96],[59.16,54],[59.26,54.14],[59.34,54.18],[59.54,54.2],[59.7,54.12],[59.8,54.24],[59.66,54.34],[59.74,54.44],[59.68,54.5],[59.86,54.6],[59.98,54.8],[59.9,54.86],[59.8,54.84],[59.62,54.86],[59.4,54.7],[59.22,54.62],[59.06,54.64],[58.82,54.58],[58.62,54.48],[58.36,54.54],[58.2,54.52],[57.98,54.4],[57.74,54.5],[57.74,54.58],[57.6,54.62],[57.5,54.7],[57.38,54.72],[57.16,54.82],[57.24,54.96],[57.14,55.1],[57.24,55.16],[57.26,55.26],[57.52,55.34],[57.68,55.3],[58.04,55.28],[58.14,55.2],[57.96,55.16],[58.08,55.02],[58.14,55.12],[58.28,55.18],[58.36,55.08],[58.62,54.94],[58.82,55.02],[58.68,55.18],[58.8,55.2],[58.88,55.32],[58.98,55.3],[59.16,55.34],[59.2,55.46],[59.56,55.5],[59.44,55.64],[59.26,55.62],[59.3,55.78],[59.16,55.78],[59.22,55.92],[59.18,56],[59.26,56.04],[59.18,56.12],[59.02,56.16]]}},{"type":"Feature","properties":{"l":1},"geometry":{"type":"LineString","coordinates":[[84.42,56.04],[84.52,56.04],[84.56,55.96],[84.5,55.86],[84.6,55.84],[84.56,55.7],[84.7,55.66],[84.78,55.54],[84.74,55.4],[84.88,55.38],[84.82,55.24],[84.92,55.16],[84.88,54.98],[85.08,54.86],[84.96,54.74],[85.04,54.66],[84.94,54.6],[85.08,54.46]]}},{"type":"Feature","properties":{"l":1},"geometry":{"type":"LineString","coordinates":[[85.08,54.46],[84.7,54.34],[84.54,54.16],[84.26,54.22],[84,54.14],[83.56,54.12],[83.5,54.08],[83.5,54],[83.38,53.94],[83.3,54.08],[83.18,54.06],[82.74,53.78],[82.48,53.46],[82.26,53.6],[82.22,53.66],[82.1,53.66],[81.96,53.72],[81.84,53.7],[81.76,53.78],[81.74,53.86],[81.84,53.9],[81.86,53.96],[81.58,54.02],[81.48,54.08],[81.24,54.1],[81.12,54.16],[81.1,54.22],[81,54.26],[80.92,54.4],[80.8,54.34],[80.66,54.2],[80.52,54.16],[80.3,54.08],[80.12,54.08],[80.04,54],[79.86,53.94],[79.86,53.86],[79.72,53.84],[79.58,53.74],[79.44,53.7],[79.3,53.72],[79.24,53.68],[79.02,53.66],[78.88,53.68],[78.6,53.62],[78.62,53.52],[78.38,53.48],[78.26,53.5],[78.2,53.62],[77.92,53.56],[77.92,53.44],[77.78,53.32]]}},{"type":"Feature","properties":{"l":1},"geometry":{"type":"LineString","coordinates":[[76.1,57.26],[76.2,56.96],[76.24,56.92],[76.28,56.72],[76,56.54],[76.1,56.32],[76.3,56.22],[76,56.18],[75.94,56.12],[75.78,56.14],[75.7,56.06],[75.56,56.06],[75.32,55.9],[75.34,55.76],[75.14,55.7],[75.22,55.66],[75.18,55.56],[75.32,55.5],[75.2,55.46],[75.1,55.38],[75.26,55.24],[75.26,55.14],[75.4,55.04],[75.36,54.9],[75.54,54.9],[75.64,54.82],[75.7,54.72],[75.76,54.7],[75.84,54.6],[75.7,54.54],[75.68,54.48],[75.7,54.12]]}},{"type":"Feature","properties":{"l":1},"geometry":{"type":"LineString","coordinates":[[76.1,57.26],[76.8,57.22],[76.92,57.18],[78.44,57.16],[79.58,56.92],[80.24,56.46],[80.32,56.44],[81.12,56.54],[81.22,56.5],[81.42,56.38],[81.56,56.26],[81.94,56.34],[82.14,56.34],[82.34,56.36],[82.42,56.4],[82.82,56.44],[82.86,56.54],[83,56.5],[83.1,56.54],[83.26,56.46],[83.16,56.38],[83.14,56.28],[83.22,56.22],[83.12,56.14],[83.36,55.96],[83.4,55.9],[83.3,55.86],[83.22,55.74],[83.32,55.7],[83.4,55.74],[83.56,55.7],[83.78,55.88],[83.9,55.92],[83.96,56],[84.2,56.06],[84.32,55.98],[84.42,56.04]]}},{"type":"Feature","properties":{"l":1},"geometry":{"type":"LineString","coordinates":[[62.08,56.14],[62.08,56.3],[62.26,56.36],[62.34,56.46],[62.54,56.58],[62.6,56.52],[63,56.6],[63.1,56.56],[63.36,56.56],[63.44,56.6],[63.76,56.5],[64.18,56.46],[64.24,56.52],[64.22,56.6],[64.36,56.66],[64.34,56.76],[64.48,56.76],[64.54,56.8],[64.82,56.84],[65,56.76]]}},{"type":"Feature","properties":{"l":1},"geometry":{"type":"LineString","coordinates":[[75.1,58.58],[75.3,58.48],[75.08,58.36],[75.22,58.22],[75.1,58.12],[75.54,57.94],[75.58,57.68],[75.72,57.6],[75.86,57.4],[76,57.38],[76.1,57.26]]}},{"type":"Feature","properties":{"l":1},"geometry":{"type":"LineString","coordinates":[[113.92,25.44],[114.02,25.44],[114.02,25.26],[114.12,25.3],[114.28,25.3],[114.38,25.34],[114.42,25.38],[114.56,25.4],[114.7,25.28],[114.68,25.16],[114.72,25.12],[114.54,25.06],[114.42,24.98],[114.38,24.88],[114.3,24.76],[114.2,24.7],[114.28,24.6],[114.42,24.5],[114.5,24.56],[114.64,24.58],[114.72,24.56],[114.74,24.62],[114.86,24.58],[114.94,24.66],[115.04,24.7],[115.14,24.68],[115.24,24.74],[115.42,24.78],[115.54,24.68],[115.6,24.6],[115.7,24.54],[115.8,24.58],[115.74,24.74],[115.78,24.86],[115.88,24.92]]}},{"type":"Feature","properties":{"l":1},"geometry":{"type":"LineString","coordinates":[[115.88,24.92],[116.04,24.9],[116.12,24.84],[116.38,24.84],[116.52,24.62],[116.6,24.66],[116.74,24.68],[116.74,24.56],[116.88,24.4],[116.96,24.18],[116.92,24.08],[117.04,23.74],[117.18,23.62]]}},{"type":"Feature","properties":{"l":1},"geometry":{"type":"LineString","coordinates":[[78.2,26.82],[78.1,26.8],[78.08,26.68],[78.02,26.7],[77.9,26.66],[77.84,26.58],[77.72,26.5],[77.62,26.48],[77.44,26.38],[77.32,26.36],[77.2,26.24],[77.12,26.24],[77.08,26.18],[76.9,26.1],[76.72,25.92],[76.66,25.92],[76.54,25.84],[76.48,25.72],[76.56,25.46],[76.66,25.38],[76.78,25.34],[76.92,25.3],[77.08,25.36],[77.2,25.36],[77.26,25.44],[77.36,25.4],[77.36,25.26],[77.4,25.22],[77.34,25.12],[77.18,25.12],[77,25.08],[76.86,25.04],[76.88,24.9],[76.78,24.84],[76.84,24.76],[76.96,24.74],[77.04,24.68],[77.04,24.54],[76.94,24.5],[76.88,24.56],[76.8,24.56],[76.82,24.36],[76.9,24.24],[76.88,24.18],[76.76,24.16],[76.58,24.28],[76.54,24.22],[76.46,24.26],[76.24,24.28],[76.14,24.32],[76.12,24.14],[76,24.06],[76,23.98],[75.9,23.92],[75.78,23.88],[75.7,23.8],[75.6,23.82],[75.58,23.88],[75.5,23.94],[75.54,24.04],[75.62,24],[75.72,24],[75.8,24.12],[75.74,24.2],[75.8,24.26],[75.74,24.42],[75.8,24.5],[75.88,24.52],[75.86,24.6],[75.76,24.78],[75.64,24.74],[75.44,24.7],[75.2,24.72],[75.32,24.96],[75.24,25.04],[75.14,25.04],[75.08,24.88],[74.98,24.86],[74.88,24.92],[74.82,24.92],[74.84,24.8],[74.98,24.78],[74.96,24.7],[74.86,24.66],[74.8,24.74],[74.72,24.52],[74.84,24.44],[74.76,24.36],[74.76,24.26],[74.86,24.24],[74.9,24.14],[74.96,24.04],[74.9,23.9],[74.9,23.8],[74.94,23.68],[74.82,23.5],[74.64,23.44],[74.56,23.36],[74.54,23.26],[74.66,23.22],[74.72,23.18],[74.62,23.12],[74.48,23.06],[74.32,23.04]]}},{"type":"Feature","properties":{"l":1},"geometry":{"type":"LineString","coordinates":[[112,24.74],[112.06,24.8],[112.14,24.8],[112.16,24.92],[112.12,24.94],[112.18,25.16],[112.22,25.2],[112.46,25.16],[112.66,25.12],[112.72,25],[112.8,24.94],[112.98,24.96],[112.96,25.06],[112.96,25.18],[112.88,25.24],[112.92,25.32],[113.08,25.42],[113.22,25.5],[113.42,25.38],[113.52,25.38],[113.58,25.32],[113.72,25.36],[113.82,25.36],[113.92,25.44]]}},{"type":"Feature","properties":{"l":1},"geometry":{"type":"LineString","coordinates":[[74.52,29.94],[74.54,29.86],[74.46,29.8],[74.5,29.74],[74.6,29.72],[74.58,29.58],[74.6,29.48],[74.54,29.44],[74.62,29.34],[74.76,29.36],[74.82,29.4],[74.9,29.38],[74.96,29.28],[75.1,29.24],[75.24,29.26],[75.32,29.3],[75.4,29.26],[75.4,29.1],[75.46,29.02],[75.52,29],[75.48,28.92],[75.6,28.64],[75.7,28.52],[75.88,28.4],[76.02,28.26],[76.04,28.18],[75.96,28.14],[76,28.06],[75.94,27.92],[76,27.84],[76.22,27.84],[76.18,27.9],[76.16,28.06],[76.26,28.08],[76.36,28.16],[76.46,28.16],[76.56,27.98],[76.66,28.02],[76.64,28.08],[76.86,28.22],[76.94,28.12],[76.92,28.04],[76.94,27.86],[76.9,27.74],[76.98,27.68],[77.04,27.8],[77.28,27.8]]}},{"type":"Feature","properties":{"l":1},"geometry":{"type":"LineString","coordinates":[[77.28,27.8],[77.34,27.54],[77.46,27.38],[77.6,27.32],[77.66,27.2],[77.6,27.14],[77.52,27.1],[77.62,26.98],[77.46,26.9],[77.52,26.84],[77.7,26.92],[77.98,26.9],[78.1,26.94],[78.22,26.94],[78.2,26.82]]}},{"type":"Feature","properties":{"l":1},"geometry":{"type":"LineString","coordinates":[[76.82,30.78],[76.7,30.78],[76.78,30.68],[76.82,30.68]]}},{"type":"Feature","properties":{"l":1},"geometry":{"type":"LineString","coordinates":[[74.52,29.94],[73.92,29.98],[73.9,30.04],[73.96,30.14],[73.94,30.22]]}},{"type":"Feature","properties":{"l":1},"geometry":{"type":"LineString","coordinates":[[75.84,32.52],[75.92,32.44],[75.7,32.28],[75.62,32.26],[75.64,32.14],[75.6,32.06],[75.7,32.04],[75.88,31.98],[75.96,31.84],[75.92,31.8],[76.08,31.56],[76.16,31.34],[76.28,31.32],[76.38,31.42],[76.44,31.32],[76.56,31.28],[76.64,31],[76.76,30.9]]}},{"type":"Feature","properties":{"l":1},"geometry":{"type":"MultiLineString","coordinates":[[[76.76,30.9],[76.84,30.84],[76.82,30.78]],[[76.82,30.68],[76.88,30.64],[76.9,30.38],[76.76,30.44],[76.72,30.34],[76.6,30.28],[76.62,30.14],[76.54,30.08],[76.42,30.14],[76.26,30.12],[76.18,29.96],[76.22,29.86],[75.96,29.74],[75.88,29.74],[75.78,29.84],[75.72,29.78],[75.6,29.76],[75.44,29.8],[75.32,29.66],[75.3,29.58],[75.24,29.56],[75.18,29.68],[75.24,29.74],[75.18,29.84],[75.1,29.82],[75.08,29.9],[75,29.88],[74.9,29.96],[74.82,29.98],[74.72,29.96],[74.66,29.92],[74.52,29.94]]]}},{"type":"Feature","properties":{"l":1},"geometry":{"type":"LineString","coordinates":[[45.3,48.1],[45.14,48.12],[44.96,48.2],[44.94,48.14],[44.76,48.06],[44.66,48.08],[44.54,48.06],[44.54,48.2],[44.3,48.26],[44.32,48.1],[44.44,48.04],[44.46,48],[44.38,47.86],[44.08,47.9],[44.04,47.82],[43.96,47.76],[43.82,47.74],[43.7,47.68],[43.64,47.58],[43.74,47.48]]}},{"type":"Feature","properties":{"l":1},"geometry":{"type":"LineString","coordinates":[[28.26,-26.9],[28.3,-26.82],[28.4,-26.76],[28.4,-26.66],[28.5,-26.62],[28.52,-26.56],[28.64,-26.5],[28.76,-26.52],[28.8,-26.42],[28.86,-26.4],[28.8,-26.3],[28.72,-26.34],[28.54,-26.22],[28.5,-26.08],[28.58,-26.06],[28.64,-25.98],[28.78,-26.02],[28.88,-26],[28.88,-25.9],[28.94,-25.86],[28.98,-25.68],[28.92,-25.56],[28.8,-25.54],[28.86,-25.64],[28.76,-25.7],[28.66,-25.66],[28.62,-25.52],[28.62,-25.34],[28.78,-25.22],[28.76,-25.12],[28.6,-25.16]]}},{"type":"Feature","properties":{"l":1},"geometry":{"type":"LineString","coordinates":[[47.52,45.54],[47.48,45.64],[47.36,45.68],[47.3,45.64],[46.92,45.58],[46.9,45.64],[47.04,45.96],[47.16,46.08],[47.08,46.12],[46.84,46.08],[46.86,46.24],[46.5,46.28],[46.54,46.34],[46.66,46.42],[46.94,46.44],[46.94,46.56],[47.02,46.64],[47.14,46.66],[47.22,46.74],[47.12,46.86],[46.98,46.86],[46.92,46.98],[46.8,47],[46.72,47.08],[46.52,47.4],[46.78,47.56],[46.68,47.62],[46.44,47.48],[46.3,47.44],[46.12,47.5],[45.84,47.72],[45.7,47.9],[45.74,48],[45.68,48.04],[45.54,48],[45.4,48.1],[45.3,48.1]]}},{"type":"Feature","properties":{"l":1},"geometry":{"type":"LineString","coordinates":[[45.3,48.1],[45.14,48.24],[44.98,48.26],[45.04,48.4],[45.18,48.44],[45.38,48.46],[45.3,48.56],[45.6,48.6],[45.76,48.66],[45.94,48.84],[46.06,48.86],[46.3,48.84],[46.64,48.66]]}},{"type":"Feature","properties":{"l":1},"geometry":{"type":"LineString","coordinates":[[46.84,52.62],[46.92,52.64],[47.06,52.58],[47.44,52.56],[47.54,52.62],[47.74,52.58],[47.78,52.68],[47.92,52.68],[48,52.76],[48.26,52.82],[48.44,52.78]]}},{"type":"Feature","properties":{"l":1},"geometry":{"type":"LineString","coordinates":[[48.44,52.78],[48.36,52.66],[48.52,52.68],[48.7,52.64],[48.74,52.56],[48.94,52.48],[49.16,52.48],[49.34,52.46],[49.48,52.34],[49.62,52.36],[49.82,52.2],[49.98,52.18],[50.22,52.12],[50.24,52.04],[50.52,52],[50.74,51.92],[50.72,51.84],[50.8,51.72]]}},{"type":"Feature","properties":{"l":1},"geometry":{"type":"LineString","coordinates":[[93.44,25.3],[93.4,25.24],[93.18,24.82],[93.12,24.8],[93.08,24.7],[93.04,24.44],[93.02,24.4]]}},{"type":"Feature","properties":{"l":1},"geometry":{"type":"LineString","coordinates":[[93.02,24.4],[92.82,24.38],[92.74,24.48],[92.7,24.36],[92.64,24.3],[92.62,24.24],[92.48,24.14],[92.42,24.24],[92.3,24.24]]}},{"type":"Feature","properties":{"l":1},"geometry":{"type":"LineString","coordinates":[[29.7,59.96],[29.68,59.86],[29.84,59.82],[30.12,59.66],[30.26,59.6],[30.5,59.64],[30.56,59.68],[30.74,59.72],[30.76,59.78],[30.52,59.86],[30.52,59.98],[30.38,60.04],[30.4,60.12],[30.18,60.14],[29.64,60.26],[29.42,60.16]]}},{"type":"Feature","properties":{"l":1},"geometry":{"type":"LineString","coordinates":[[95.18,27.04],[95.04,26.94],[94.92,26.96],[94.8,26.82],[94.7,26.74],[94.48,26.68],[94.36,26.5],[94.2,26.48],[94.18,26.38],[94,26.18],[93.98,26.04],[93.98,25.94],[93.9,25.86],[93.76,25.96],[93.7,25.88],[93.58,25.76],[93.52,25.68],[93.34,25.54],[93.46,25.38],[93.44,25.3]]}},{"type":"Feature","properties":{"l":1},"geometry":{"type":"LineString","coordinates":[[35.6,61.18],[35.68,61.12],[35.48,60.96],[35.44,60.86],[35.28,60.86],[35.16,60.78],[35.26,60.58],[35.24,60.34],[35.14,60.26],[35.16,60.06],[35.24,59.98],[35.4,59.98],[35.38,59.88],[35.42,59.7],[35.5,59.64],[35.5,59.56],[35.32,59.5],[35.44,59.42],[35.3,59.3],[35.14,59.26],[34.9,59.24],[34.72,59.1]]}},{"type":"Feature","properties":{"l":1},"geometry":{"type":"LineString","coordinates":[[34.72,59.1],[34.56,59.1],[34.24,59.2],[34.1,59.14],[33.86,59.2],[33.72,59.3],[33.52,59.38],[33.36,59.38],[33.24,59.32],[32.96,59.42],[32.74,59.26],[32.7,59.14],[32.58,59.18],[32.3,59.2],[32.12,59.4],[31.88,59.38],[31.82,59.32],[31.56,59.36],[31.46,59.1],[31.26,58.98],[31.16,59.08],[30.98,59.06],[30.96,58.98],[30.72,58.82],[30.68,58.74],[30.42,58.72],[30.28,58.76],[30.1,58.72],[30.08,58.64],[30.16,58.54],[29.98,58.44]]}},{"type":"Feature","properties":{"l":1},"geometry":{"type":"LineString","coordinates":[[37.78,61.52],[37.28,61.5],[37,61.6],[36.88,61.54],[36.58,61.52],[36.46,61.4],[35.6,61.18]]}},{"type":"Feature","properties":{"l":1},"geometry":{"type":"LineString","coordinates":[[35.6,61.18],[35.4,61.16],[35.26,61.26],[34.82,61.28],[34.74,61.32],[34.54,61.28],[34.46,61.16],[34.22,61.24],[33.54,61.22],[33.46,61.14],[33.58,61.08],[33.7,61.12],[33.86,61.08],[33.76,60.94],[33.4,60.98],[33.42,60.94],[33.26,60.9],[33.08,60.74],[32.9,60.72],[32.7,60.64],[29.86,61.18],[29.58,61.18],[29.5,61.24],[29.28,61.3]]}},{"type":"Feature","properties":{"l":1},"geometry":{"type":"MultiLineString","coordinates":[[[33.06,66.58],[32.6,66.58],[32.54,66.48],[32.36,66.46],[32.32,66.36],[31.9,66.36],[31.78,66.5],[31.66,66.54],[31.56,66.66],[31.08,66.68],[29.36,66.62]],[[33.18,66.58],[33.04,66.58]]]}},{"type":"Feature","properties":{"l":1},"geometry":{"type":"LineString","coordinates":[[36.52,63.98],[36.56,63.76],[36.38,63.64],[35.94,63.62],[35.88,63.58],[36.06,63.46],[36.22,63.42],[36.26,63.24],[36.32,63.16],[36.26,63.04],[36.5,62.82],[36.76,62.72],[37.08,62.66],[37.36,62.68],[37.5,62.64],[37.58,62.48],[37.58,62.36],[37.42,62.24],[37.72,62.2],[37.8,62],[37.92,61.96],[37.86,61.7],[37.76,61.64],[37.78,61.52]]}},{"type":"Feature","properties":{"l":1},"geometry":{"type":"LineString","coordinates":[[105.3,27.72],[105.2,27.4],[105.08,27.42],[104.88,27.3],[104.78,27.34],[104.6,27.32],[104.44,27.34],[104.34,27.44],[104.18,27.28],[103.98,27.4],[103.92,27.4],[103.86,27.32],[103.7,27.16],[103.6,27.08],[103.7,27.06],[103.78,26.96],[103.78,26.88],[103.72,26.8],[103.78,26.74],[103.76,26.62],[103.82,26.54],[104.02,26.52],[104.16,26.66],[104.22,26.62],[104.36,26.64],[104.42,26.72],[104.46,26.62],[104.56,26.58],[104.62,26.5],[104.68,26.38],[104.54,26.28],[104.5,26.14],[104.5,26.04],[104.4,25.94],[104.42,25.86],[104.3,25.66],[104.42,25.58],[104.44,25.5],[104.56,25.48],[104.56,25.38],[104.66,25.3],[104.72,25.22],[104.68,25.1],[104.7,25.02],[104.54,24.82],[104.54,24.74]]}},{"type":"Feature","properties":{"l":1},"geometry":{"type":"LineString","coordinates":[[104.54,24.74],[104.5,24.7],[104.5,24.58],[104.6,24.4],[104.66,24.34],[104.72,24.36],[104.76,24.46],[104.96,24.42],[105.06,24.44],[105.18,24.3],[105.16,24.16],[105.26,24.08],[105.32,24.12],[105.44,24.04],[105.54,24.12],[105.6,24.14],[105.64,24.08],[105.78,24.02],[105.88,24.02],[105.98,24.08],[106.16,23.98],[106.2,23.86],[106.14,23.8],[106.12,23.54],[105.98,23.46],[105.84,23.52],[105.7,23.36],[105.62,23.34],[105.62,23.28],[105.52,23.16]]}},{"type":"Feature","properties":{"l":1},"geometry":{"type":"LineString","coordinates":[[45.7,44.98],[45.86,45],[46.44,44.94],[46.6,44.88],[46.88,44.76]]}},{"type":"Feature","properties":{"l":1},"geometry":{"type":"LineString","coordinates":[[99.1,29.22],[99.12,28.96],[99.1,28.86],[99.12,28.7],[99.16,28.6],[99.16,28.44],[99.28,28.28],[99.38,28.18],[99.42,28.26],[99.38,28.34],[99.4,28.54],[99.5,28.58],[99.54,28.68],[99.62,28.82],[99.7,28.84],[99.74,28.74],[99.82,28.68],[99.84,28.6],[99.94,28.56],[100,28.46],[100.14,28.34],[100.16,28.24],[100.04,28.18],[100.06,28.06],[100.2,27.9],[100.3,27.86],[100.34,27.74],[100.4,27.82],[100.54,27.82],[100.62,27.9],[100.88,27.56],[100.86,27.5],[100.94,27.44],[101,27.34],[101,27.2],[101.18,27.2],[101.14,27.04],[101.34,26.88],[101.38,26.78],[101.5,26.76],[101.5,26.7],[101.42,26.56],[101.54,26.5],[101.64,26.34],[101.58,26.3],[101.6,26.2],[101.68,26.22],[101.76,26.18],[101.78,26.1],[101.84,26.04],[101.92,26.1],[102.12,26.08],[102.26,26.22],[102.36,26.26],[102.4,26.32],[102.56,26.38],[102.62,26.34],[102.6,26.26],[102.72,26.24],[102.88,26.36],[102.96,26.34],[103,26.4],[103,26.48],[103.06,26.56],[102.98,26.84],[102.9,26.92],[102.88,27.04],[102.92,27.12],[102.88,27.3],[102.98,27.38],[103.12,27.42],[103.22,27.56],[103.42,27.74],[103.5,27.86],[103.52,27.98],[103.44,28.06],[103.46,28.14],[103.58,28.24],[103.66,28.26],[103.7,28.22],[103.88,28.32],[103.8,28.54],[103.84,28.6],[104.06,28.64],[104.42,28.64],[104.26,28.54],[104.26,28.34],[104.38,28.28],[104.44,28.1],[104.34,28.04],[104.38,27.96],[104.48,27.9],[104.6,27.84],[104.7,27.88],[104.9,27.9],[104.96,27.96],[104.96,28.04],[105.06,28.08],[105.18,28.06],[105.2,28],[105.28,28],[105.22,27.86],[105.3,27.72]]}},{"type":"Feature","properties":{"l":1},"geometry":{"type":"LineString","coordinates":[[45.5,44.02],[45.72,43.96],[45.8,43.98],[46.04,43.94],[46.02,43.88],[46.22,43.86],[46.26,43.94],[46.34,44],[46.46,43.96],[46.46,43.88],[46.58,43.88],[46.58,43.78],[46.48,43.68],[46.44,43.54],[46.34,43.46],[46.36,43.36],[46.42,43.32],[46.4,43.12],[46.54,42.96],[46.42,42.88],[46.34,42.9],[46.12,42.84],[46.16,42.72],[46.1,42.72],[45.94,42.58],[45.82,42.48],[45.72,42.48]]}},{"type":"Feature","properties":{"l":1},"geometry":{"type":"LineString","coordinates":[[45.5,44.02],[45.5,44.2],[45.12,44.2],[45.14,44.26],[45.4,44.32],[45.44,44.4],[45.4,44.44],[45.24,44.46],[45.28,44.6],[45.44,44.62],[45.62,44.76],[45.62,44.9],[45.7,44.98]]}},{"type":"Feature","properties":{"l":1},"geometry":{"type":"LineString","coordinates":[[33.5,54.02],[33.68,54.02],[33.78,53.98],[33.86,53.88],[34.04,53.86],[34.2,53.9],[34.38,53.72],[34.48,53.66],[34.48,53.54],[34.58,53.42],[34.68,53.4],[35.02,53.38],[35.1,53.32]]}},{"type":"Feature","properties":{"l":1},"geometry":{"type":"LineString","coordinates":[[35.1,53.32],[35.12,53.18],[35.18,53.1],[35.32,53.06],[35.16,52.96],[34.96,52.98],[34.8,52.86],[34.86,52.78],[34.94,52.78],[35.1,52.7],[35.02,52.62],[34.98,52.52],[34.84,52.42],[34.9,52.36]]}},{"type":"Feature","properties":{"l":1},"geometry":{"type":"LineString","coordinates":[[35.36,55.24],[35.28,55.12],[35.14,55.02],[35,54.88],[34.86,54.88],[34.92,54.78],[34.82,54.7],[34.5,54.64],[34.42,54.46],[34.32,54.42],[34.1,54.56],[33.92,54.58],[33.72,54.56],[33.64,54.48],[33.62,54.38],[33.68,54.32],[33.56,54.16],[33.5,54.02]]}},{"type":"Feature","properties":{"l":1},"geometry":{"type":"LineString","coordinates":[[33.5,54.02],[33.48,53.98],[33.28,53.96],[33.28,53.82],[32.9,53.56],[32.9,53.5],[32.7,53.42]]}},{"type":"Feature","properties":{"l":1},"geometry":{"type":"LineString","coordinates":[[31.46,55.72],[31.58,55.74],[31.76,55.72],[31.9,55.78],[32.1,55.68],[32.72,55.68],[32.94,55.64],[33.18,55.66],[33.22,55.7],[33.38,55.7],[33.5,55.76],[33.68,55.86],[33.66,55.94],[33.84,55.94],[33.92,56.08],[34.2,56.08],[34.64,55.92],[35.04,55.98],[35.18,55.94]]}},{"type":"Feature","properties":{"l":1},"geometry":{"type":"LineString","coordinates":[[35.18,55.94],[35.36,55.78],[35.32,55.72],[35.4,55.62],[35.3,55.58],[35.3,55.3],[35.36,55.24]]}},{"type":"Feature","properties":{"l":1},"geometry":{"type":"LineString","coordinates":[[80.08,28.82],[80,28.74],[79.84,28.8],[79.84,28.86],[79.74,28.88],[79.7,28.86],[79.52,28.88],[79.44,28.84],[79.38,28.96],[79.3,28.98],[79.18,29.06],[79.06,29.16],[78.96,29.12],[78.86,29.22],[78.72,29.28],[78.9,29.38],[78.64,29.54],[78.48,29.72],[78.38,29.76],[78.22,29.94],[78.16,29.92],[78.18,29.7],[78.1,29.66],[77.98,29.72],[77.84,29.66],[77.78,29.74],[77.74,29.88],[77.74,29.98],[77.84,30.14],[77.92,30.24],[77.76,30.32],[77.66,30.4],[77.58,30.38]]}},{"type":"Feature","properties":{"l":1},"geometry":{"type":"LineString","coordinates":[[77.58,30.38],[77.82,30.52],[77.7,30.8],[77.78,30.94],[77.8,31.06],[77.94,31.18],[78.04,31.18],[78.28,31.3],[78.36,31.3],[78.5,31.22],[78.58,31.24],[78.8,31.2],[78.86,31.12],[78.94,31.14]]}},{"type":"Feature","properties":{"l":1},"geometry":{"type":"LineString","coordinates":[[87.78,25.22],[87.84,25.28],[87.76,25.44],[87.96,25.54],[88.04,25.54],[88.04,25.66],[87.92,25.76],[87.8,25.88],[87.84,26.02],[87.98,26.14],[88.08,26.2],[88.18,26.28],[88.3,26.34],[88.28,26.42],[88.2,26.5],[88.08,26.54]]}},{"type":"Feature","properties":{"l":1},"geometry":{"type":"LineString","coordinates":[[113.78,0.56],[113.64,0.42],[113.62,0.32],[113.54,0.26],[113.42,0.28],[113.32,0.24],[113.46,0.06],[113.48,-0.04],[113.42,-0.2],[113.32,-0.26],[113.24,-0.36],[113.3,-0.42],[113.26,-0.56],[113.16,-0.46],[113.08,-0.52],[113,-0.52],[112.76,-0.64],[112.58,-0.7],[112.5,-0.7],[112.38,-0.76],[112.12,-0.74],[112.06,-0.8],[111.96,-0.82],[111.66,-1.02],[111.58,-1.1],[111.58,-1.18],[111.42,-1.26],[111.32,-1.38],[111.24,-1.42],[111.14,-1.54],[111.02,-1.52],[110.92,-1.62],[111.02,-1.66],[111.02,-1.86],[111,-1.98],[111.02,-2.12],[111.14,-2.4],[111.14,-2.74],[111.06,-2.76],[110.9,-2.9]]}},{"type":"Feature","properties":{"l":1},"geometry":{"type":"LineString","coordinates":[[87.48,21.62],[87.4,21.78],[87.28,21.82],[87.24,21.84],[87.2,21.96],[87.12,21.98],[87.06,21.9],[87,21.98],[86.98,22.06],[86.84,22.12],[86.68,22.22]]}},{"type":"Feature","properties":{"l":1},"geometry":{"type":"LineString","coordinates":[[86.68,22.22],[86.78,22.28],[86.78,22.42],[86.72,22.46],[86.74,22.54],[86.62,22.6],[86.58,22.68],[86.4,22.78],[86.42,22.94],[86.46,23],[86.14,23.02],[86.02,23.16],[85.88,23.16],[85.82,23.26],[85.9,23.42],[85.82,23.48],[86,23.52],[86.06,23.6],[86.14,23.56],[86.12,23.5],[86.22,23.44],[86.34,23.5],[86.34,23.56],[86.46,23.64],[86.64,23.7],[86.8,23.72],[86.8,23.82],[86.88,23.92],[87.08,23.82],[87.16,23.82],[87.24,23.86],[87.3,24.06],[87.34,24],[87.48,24.04],[87.48,24.12],[87.58,24.12],[87.66,24.18],[87.64,24.26],[87.72,24.32],[87.8,24.5],[87.8,24.56],[87.88,24.58],[87.9,24.68],[87.86,24.76],[87.88,24.94],[87.84,25.04],[87.78,25.08],[87.78,25.22]]}},{"type":"Feature","properties":{"l":1},"geometry":{"type":"LineString","coordinates":[[89.66,26.18],[89.72,26.2],[89.78,26.3],[89.82,26.32],[89.88,26.54],[89.86,26.72]]}},{"type":"Feature","properties":{"l":1},"geometry":{"type":"LineString","coordinates":[[88.76,27.14],[88.66,27.18],[88.52,27.18],[88.44,27.12],[88.36,27.08],[88.24,27.14],[88.12,27.14],[88,27.24]]}},{"type":"Feature","properties":{"l":1},"geometry":{"type":"LineString","coordinates":[[92.3,24.24],[92.22,24.26],[92.26,24.4],[92.22,24.5],[92.14,24.54]]}},{"type":"Feature","properties":{"l":1},"geometry":{"type":"LineString","coordinates":[[92.38,25],[92.56,25.16],[92.8,25.22],[92.78,25.34],[92.58,25.5],[92.6,25.58],[92.38,25.76],[92.16,25.68],[92.16,25.8],[92.22,25.92],[92.18,26],[92.26,26.06],[92.16,26.08],[91.92,26.04],[91.82,26.08],[91.76,26.04],[91.72,25.96],[91.58,26.02],[91.48,25.9],[91.36,25.84],[91.26,25.74],[91.18,25.86],[91.1,25.84],[90.98,25.94],[90.76,25.96],[90.64,25.94],[90.48,26.02],[90.14,25.96],[89.98,25.8],[89.94,25.7],[90,25.58],[89.9,25.54],[89.88,25.46],[89.8,25.44]]}},{"type":"Feature","properties":{"l":1},"geometry":{"type":"LineString","coordinates":[[98.94,52.1],[98.94,52.2],[98.8,52.2],[98.8,52.28],[98.64,52.3],[98.64,52.42],[98.8,52.52],[98.8,52.62],[98.94,52.68],[98.94,52.8],[98.86,52.84],[98.92,52.92],[99.22,52.86],[99.24,52.96]]}},{"type":"Feature","properties":{"l":1},"geometry":{"type":"LineString","coordinates":[[99.24,52.96],[99.36,53.06],[99.38,53.12],[99.54,53.1],[99.7,53.14],[99.8,53.2],[99.88,53.3],[100.08,53.3],[100.26,53.38],[100.4,53.24],[100.36,53.14],[100.6,52.94],[100.82,52.86],[100.86,52.82],[101.04,52.76],[101.32,52.64],[101.44,52.64],[101.48,52.58],[101.68,52.46],[101.74,52.4],[101.92,52.32],[101.96,52.22],[102.04,52.22],[102.18,52.28],[102.32,52.24],[102.4,52.26],[102.54,52.22],[102.58,52.14],[102.68,52.1],[102.78,51.98],[102.94,51.9],[103.06,51.88],[103.22,51.78],[103.18,51.62],[103.34,51.44],[103.58,51.48],[103.68,51.46],[103.82,51.38],[103.82,51.14],[104.1,51.22],[104.22,51.28],[104.5,51.3],[104.6,51.26],[104.68,51.4],[104.62,51.44],[104.64,51.62],[104.9,51.66],[105.12,51.74],[105.46,51.86],[105.76,52.04],[106,52.22],[106.2,52.44],[108.04,53.2],[108.42,53.78],[109,54.42],[109.02,54.5],[108.68,54.54],[108.64,54.6],[108.72,54.78],[108.7,55.06],[108.78,55.16],[108.78,55.24],[108.66,55.32],[108.62,55.46],[108.78,55.62],[108.86,55.86],[108.96,55.94],[109.18,55.92],[109.1,56.02],[109,56.04],[108.92,56.14],[108.8,56.26],[108.58,56.3],[108.56,56.34],[108.72,56.5],[108.7,56.58],[108.92,56.58],[109.14,56.68],[109.32,56.68],[109.42,56.74],[109.66,56.7],[109.78,56.72],[109.88,56.9],[109.98,56.96],[110.24,56.92],[110.4,56.92],[110.54,56.84],[110.66,56.84],[110.76,56.88],[110.88,56.84],[111,56.86],[111.14,56.82],[111.36,56.9],[111.34,56.96],[111.46,57.1],[111.62,57.1],[111.62,57.02],[111.86,56.92],[111.92,56.94],[112.1,56.94],[112.24,56.88],[112.44,56.86],[112.66,56.96],[112.76,56.76],[112.88,56.7],[113.36,56.62],[113.54,56.68],[113.8,56.6],[113.86,56.54],[114.02,56.54],[114.12,56.68],[114.28,56.7],[114.5,56.68],[114.8,56.7],[114.86,56.84],[115.06,57],[115.08,57.12],[115.44,57.1],[115.7,57.14],[115.86,57.24],[116.16,57.22],[116.18,57.14],[116.04,57.08],[115.8,57.04],[115.72,56.96]]}},{"type":"Feature","properties":{"l":1},"geometry":{"type":"LineString","coordinates":[[43.74,47.48],[43.8,47.38],[43.8,47.28],[43.94,47.26],[43.96,47.36],[44.1,47.42],[44.12,47.54],[44.22,47.58],[44.34,47.48],[44.32,47.12],[44.26,46.9],[43.94,46.72],[43.82,46.58],[43.92,46.52],[43.92,46.42],[43.78,46.4],[43.64,46.22],[43.56,46.16],[43.36,46.18],[43.08,46.36],[42.92,46.44],[42.78,46.38],[42.6,46.42],[42.4,46.52],[42.18,46.58],[42.04,46.54],[42.1,46.4],[42.2,46.32],[42,46.3],[41.92,46.18],[41.84,46.16],[41.72,46.22],[41.66,46.1],[41.72,46]]}},{"type":"Feature","properties":{"l":1},"geometry":{"type":"LineString","coordinates":[[41.72,46],[41.66,45.98],[41.42,46],[41.38,45.94],[41.16,45.96]]}},{"type":"Feature","properties":{"l":1},"geometry":{"type":"LineString","coordinates":[[41.36,50.22],[41.28,50.18],[41.34,50.08],[41.18,50.02],[41.06,49.92],[41.02,49.8],[40.88,49.7],[40.62,49.64],[40.42,49.6],[40.16,49.62],[40.08,49.58]]}},{"type":"Feature","properties":{"l":1},"geometry":{"type":"LineString","coordinates":[[41.36,50.22],[41.5,50.08],[41.6,50.04],[41.62,49.96],[41.88,49.9],[42.12,49.76],[42.18,49.66],[42.08,49.5],[42.06,49.4],[42.1,49.28],[42.04,49.26],[42.1,49.14],[42.34,49.16],[42.42,49.04],[42.64,48.98],[42.74,48.78],[42.66,48.7],[42.7,48.62],[42.64,48.56],[42.44,48.5],[42.28,48.5],[42.16,48.46],[42.08,48.4],[42.14,48.28],[42.06,48.22],[42.1,48.16],[42.02,48.02],[42.28,48.02],[42.34,48.04],[42.5,48.02],[42.72,47.86],[42.78,47.74],[42.96,47.52],[43.06,47.58],[43.26,47.46],[43.48,47.48],[43.74,47.48]]}},{"type":"Feature","properties":{"l":1},"geometry":{"type":"LineString","coordinates":[[42.48,51.6],[42.74,51.48],[42.86,51.38],[42.88,51.24]]}},{"type":"Feature","properties":{"l":1},"geometry":{"type":"LineString","coordinates":[[42.88,51.24],[42.72,51.24],[42.58,51.16],[42.26,51.14],[42.06,51.16],[41.98,51.2],[41.86,51.18],[41.74,51.02],[41.44,50.92],[41.36,50.84],[41.16,50.78],[41.32,50.72],[41.4,50.62],[41.52,50.6],[41.42,50.48],[41.5,50.4],[41.36,50.22]]}},{"type":"Feature","properties":{"l":1},"geometry":{"type":"LineString","coordinates":[[38.3,51.96],[38.52,52.02],[38.7,52.1],[38.76,52.06],[38.88,52.1],[39,52],[39.18,52.1],[39.44,52.08],[39.5,51.98],[39.84,51.92],[39.92,51.98],[40.08,51.98],[40.3,51.96],[40.5,51.96]]}},{"type":"Feature","properties":{"l":1},"geometry":{"type":"LineString","coordinates":[[40.5,51.96],[40.74,51.94],[40.94,51.9],[40.9,51.74],[41.06,51.72],[41.26,51.74],[41.32,51.8],[41.56,51.76],[41.96,51.66],[42.24,51.7],[42.28,51.6],[42.4,51.64],[42.48,51.6]]}},{"type":"Feature","properties":{"l":1},"geometry":{"type":"LineString","coordinates":[[38.3,51.3],[38.02,51.36],[38.04,51.42],[37.82,51.42],[37.66,51.36],[37.54,51.4],[37.38,51.38],[37.24,51.34],[37.14,51.34],[37.06,51.24],[36.94,51.18],[36.86,51.18],[36.62,51.08],[36.32,51.1],[35.98,51.16],[36,51.06],[35.88,51.02],[35.82,50.94],[35.54,50.9],[35.52,50.94],[35.32,50.96]]}},{"type":"Feature","properties":{"l":1},"geometry":{"type":"LineString","coordinates":[[38.3,51.3],[38.44,51.26],[38.5,51.18],[38.4,51.16],[38.4,51.08],[38.52,51.06],[38.62,51],[38.74,51.08],[38.84,51.04],[38.88,50.92],[38.74,50.9],[38.72,50.8],[38.96,50.64],[39.08,50.64],[39.1,50.5],[39,50.44],[39.08,50.34],[39.1,50.18],[39.24,50.06],[39.18,49.86]]}},{"type":"Feature","properties":{"l":1},"geometry":{"type":"LineString","coordinates":[[37.74,52.02],[37.82,51.92],[38,51.88],[38.1,51.92],[38.2,51.92],[38.3,51.96]]}},{"type":"Feature","properties":{"l":1},"geometry":{"type":"LineString","coordinates":[[38.3,51.96],[38.4,51.92],[38.4,51.68],[38.22,51.7],[38.2,51.62],[38.28,51.52],[38.32,51.34],[38.3,51.3]]}},{"type":"Feature","properties":{"l":1},"geometry":{"type":"LineString","coordinates":[[34.9,52.36],[34.8,52.18],[34.72,52.22],[34.68,52.06],[34.54,52.08],[34.4,52.02],[34.38,51.8]]}},{"type":"Feature","properties":{"l":1},"geometry":{"type":"LineString","coordinates":[[34.9,52.36],[35.12,52.34],[35.24,52.38],[35.4,52.42],[35.58,52.38],[35.64,52.34],[35.9,52.28],[36,52.32],[36.14,52.32],[36.36,52.36],[36.56,52.22],[36.72,52.18],[36.82,52.12],[37.16,52.08],[37.36,51.94],[37.48,52],[37.66,51.98],[37.74,52.02]]}},{"type":"Feature","properties":{"l":1},"geometry":{"type":"LineString","coordinates":[[130.92,55.68],[131.08,55.62],[131.3,55.62],[131.6,55.66],[131.8,55.62],[131.96,55.66],[132.12,55.64],[132.24,55.7],[132.54,55.68],[132.66,55.56],[132.64,55.5],[132.9,55.36],[132.74,55.34],[132.58,55.2],[132.36,55.2],[132.36,55.06],[132.08,55.04],[131.98,55],[132,54.9],[131.62,54.78],[131.54,54.72],[131.4,54.72],[131.2,54.62],[131.22,54.52],[131.12,54.32],[130.94,54.32],[130.78,54.28],[130.5,54.12],[130.48,54],[130.42,53.94],[130.44,53.88],[130.64,53.88],[130.84,53.82],[130.92,53.76],[131.1,53.82],[131.42,53.76],[131.44,53.62],[131.5,53.56],[131.48,53.48],[131.54,53.32],[131.46,53.22],[131.8,53.24],[131.9,53.12],[132,53.14],[132.12,53.22],[132.4,53.24],[132.6,53.22],[132.9,53.24],[132.96,53.28],[133.16,53.3],[133.2,53.42],[133.58,53.54],[133.7,53.48],[134.02,53.44],[134.22,53.48],[134.46,53.54],[134.56,53.62],[134.74,53.54],[134.76,53.48],[134.92,53.42],[134.9,53.32],[134.96,53.26],[134.86,53.18],[134.82,53.06],[134.66,52.94],[134.64,52.8],[134.7,52.76],[134.78,52.64],[134.66,52.58],[134.66,52.48],[134.6,52.42],[134.22,52.48],[134.06,52.5],[134,52.54],[133.66,52.58],[133.36,52.68],[133.28,52.66],[133.24,52.56],[133.24,52.46],[133.42,52.26],[133.32,52.2],[132.9,52.16],[132.58,52.08],[132.52,51.96],[132.4,51.96],[132.42,51.86],[132.28,51.8],[132.22,51.82],[131.96,51.74],[131.86,51.76],[131.72,51.68],[131.44,51.68],[131.4,51.6],[131.48,51.48],[131.48,51.34],[131.28,51.36],[131.16,51.24],[131.06,51.24],[130.92,51.02],[130.82,51.02],[130.78,50.94],[130.84,50.88],[130.68,50.74],[130.64,50.66],[130.96,50.64],[131.02,50.56],[130.86,50.46],[130.98,50.38],[131.14,50.42],[131.16,50.34],[131.28,50.36],[131.32,50.26],[131.44,50.18],[131.3,49.98],[131.44,49.96],[131.5,49.9],[131.46,49.72],[131.38,49.66],[131.5,49.62],[131.5,49.42],[131.4,49.24]]}},{"type":"Feature","properties":{"l":1},"geometry":{"type":"LineString","coordinates":[[131.4,49.24],[131.18,49.24],[131,49.06],[130.98,48.98],[130.82,48.98],[130.56,48.86]]}},{"type":"Feature","properties":{"l":1},"geometry":{"type":"LineString","coordinates":[[119.9,56.88],[120.04,56.9],[120.3,57],[120.66,57.04],[121.02,57.04],[121.06,56.98],[121.4,56.98],[121.52,56.92],[121.6,56.82],[121.6,56.74],[122.16,56.74],[122.28,56.66],[122.46,56.6],[122.58,56.48],[122.78,56.5],[122.92,56.56],[123.14,56.46],[123.46,56.4],[123.92,56.38],[124.06,56.24],[124.2,56.16],[124.24,56.08],[124.36,56.06],[124.44,55.9],[124.64,55.9],[124.96,55.82],[125.24,55.88],[125.44,55.84],[125.54,55.74],[125.76,55.8],[126.04,55.72],[126.04,55.58],[126.24,55.6],[126.44,55.56],[126.56,55.64],[126.84,55.6],[126.96,55.68],[127.18,55.7],[127.32,55.66],[127.48,55.56],[127.58,55.58],[127.68,55.68],[127.8,55.62],[128.3,55.64],[128.5,55.52],[128.66,55.52],[128.78,55.46],[128.98,55.46],[129.08,55.54],[129.04,55.66],[129.44,55.7],[129.66,55.74],[129.9,55.74],[130,55.7],[130.74,55.72],[130.92,55.68]]}},{"type":"Feature","properties":{"l":1},"geometry":{"type":"LineString","coordinates":[[131.26,43.46],[131.14,43.44],[131,43.5],[130.92,43.46],[130.58,43.62],[130.42,43.66],[130.34,43.92],[130.28,43.96],[130.1,43.84],[130.04,43.86],[130,43.98],[129.92,44.02],[129.8,43.96],[129.76,43.88],[129.54,43.88],[129.24,43.78],[129.22,43.74],[129.22,43.6],[129.02,43.54],[128.88,43.56],[128.76,43.7],[128.74,43.8],[128.64,43.92],[128.52,44.08],[128.44,44.16],[128.46,44.32],[128.42,44.46],[128.36,44.5],[128.2,44.44],[128.16,44.36],[128.04,44.34],[128.06,44.12],[127.84,44.06],[127.74,44.08],[127.72,44.16],[127.6,44.22],[127.62,44.28],[127.5,44.42],[127.56,44.58],[127.38,44.64],[127.24,44.62],[127.14,44.66],[127.04,44.6],[127.04,44.74],[126.98,44.82],[127.08,44.94],[126.96,45.14],[126.78,45.14],[126.56,45.24],[126.42,45.22],[126.16,45.14],[125.84,45.24],[125.7,45.36],[125.7,45.52],[125.52,45.48],[125.44,45.48],[125.3,45.42],[125.1,45.4],[125.02,45.5],[124.88,45.44],[124.62,45.44],[124.56,45.42],[124.4,45.46],[124.34,45.54],[124.22,45.64],[124.14,45.64],[124.02,45.78],[124.06,45.88],[123.98,45.98],[124.04,46.02],[123.92,46.28],[123.36,46.24],[123.26,46.26],[123.16,46.22]]}},{"type":"Feature","properties":{"l":1},"geometry":{"type":"LineString","coordinates":[[119.9,56.88],[119.66,56.78],[119.78,56.7],[119.8,56.62],[119.96,56.5],[120.26,56.46],[120.28,56.38],[120.54,56.28],[120.52,56.24],[120.34,56.22],[120.06,56.14],[120.06,56.08],[120.26,55.92],[120.46,55.88],[120.54,55.92],[120.98,56.02],[121.22,56.02],[121.28,55.86],[121.34,55.82],[121.3,55.74],[121.36,55.5],[121.44,55.48],[121.64,55.54],[121.7,55.6],[121.88,55.6],[121.98,55.48],[121.94,55.22],[121.96,55],[121.66,54.82],[121.66,54.72],[121.82,54.78],[121.92,54.74],[121.9,54.64],[121.94,54.56],[122.12,54.46],[122.12,54.4],[121.9,54.36],[121.86,54.42],[121.74,54.42],[121.66,54.36],[121.76,54.28],[121.76,54.16],[121.64,54.12],[121.64,54.02],[121.78,53.98],[121.92,53.84],[121.94,53.6],[122.02,53.52],[122.02,53.42]]}},{"type":"Feature","properties":{"l":1},"geometry":{"type":"LineString","coordinates":[[115.72,56.96],[115.86,56.94],[115.96,56.86],[116.12,56.82],[116.36,56.84],[116.62,56.74],[116.82,56.72],[117.02,56.8],[117.14,56.8],[117.18,56.86],[117.58,56.86],[117.58,56.94],[117.68,56.98],[117.68,57.06],[117.6,57.14],[117.72,57.18],[117.8,57.28],[117.6,57.32],[117.42,57.26],[117.36,57.34],[117.32,57.46],[117.26,57.5],[117.28,57.62],[117.14,57.66],[117.18,57.74],[117.12,57.84],[117.32,57.84],[117.36,57.94],[117.38,58.06],[117.44,58.16],[117.58,58.18],[117.48,58.3],[117.68,58.4],[118.14,58.38],[118.32,58.36],[118.4,58.26],[118.64,58.18],[118.78,58.22],[119.1,58.22]]}},{"type":"Feature","properties":{"l":1},"geometry":{"type":"LineString","coordinates":[[119.1,58.22],[119.16,58.14],[119.14,58],[119.04,57.72],[119.16,57.66],[119.14,57.54],[119.42,57.62],[119.48,57.6],[119.42,57.5],[119.44,57.38],[119.54,57.34],[119.68,57.16],[119.62,57.1],[119.64,57],[119.78,56.98],[119.9,56.88]]}},{"type":"Feature","properties":{"l":1},"geometry":{"type":"LineString","coordinates":[[90.48,52.18],[90.58,52.12],[90.74,52.06],[90.84,51.92],[91.1,51.94],[91.18,51.9],[91.54,51.9],[91.62,51.86],[91.9,51.86],[91.98,51.8],[92.42,51.8],[92.5,51.78],[92.68,51.84],[92.84,51.84],[92.9,51.9],[93.08,51.94],[93.36,52.12],[93.68,52.22],[93.76,52.38],[93.78,52.44],[93.98,52.58],[94.14,52.76],[94.14,52.84],[94.3,52.9],[94.52,52.92],[94.6,53.06],[94.6,53.18],[94.7,53.22],[94.6,53.32],[94.74,53.38],[94.98,53.4],[95.04,53.38],[95.26,53.46],[95.38,53.38],[95.62,53.44],[95.76,53.52],[96.04,53.46],[96.18,53.52],[96.24,53.62],[96.42,53.54],[96.64,53.54],[96.68,53.64]]}},{"type":"Feature","properties":{"l":1},"geometry":{"type":"LineString","coordinates":[[96.68,53.64],[96.74,53.72],[96.88,53.72],[97.14,53.62],[97.32,53.6],[97.44,53.46],[97.58,53.44],[97.7,53.38],[97.98,53.36],[98.04,53.26],[98.28,53.22],[98.3,53.1],[98.62,53.1],[98.7,53.16],[99.06,53.1],[98.98,53.04],[99.24,52.96]]}},{"type":"Feature","properties":{"l":1},"geometry":{"type":"LineString","coordinates":[[115.72,56.96],[115.58,56.9],[115.58,56.74],[115.44,56.68],[115.5,56.62],[115.68,56.6],[115.68,56.54],[115.8,56.46],[115.68,56.42],[115.68,56.32],[115.78,56.2],[115.76,56.08],[115.88,55.96],[115.84,55.86],[115.84,55.7],[115.9,55.64],[115.9,55.52],[116.08,55.42],[116.18,55.4],[116.38,55.4],[116.46,55.34],[116.48,55.26],[116.72,55.14],[116.78,55.14],[116.9,54.98],[116.92,54.82],[116.88,54.74],[116.78,54.7],[116.78,54.62],[116.68,54.54],[116.46,54.52],[116.2,54.54],[115.94,54.5],[115.62,54.44],[115.52,54.4],[115.5,54.32],[115.26,54.26],[115.16,54.16],[115.02,54.1],[114.96,54.02],[114.86,53.98],[114.58,53.92],[114.5,53.84],[114.38,53.84],[114.32,53.8],[113.98,53.74],[113.92,53.68],[113.8,53.62],[113.88,53.56],[113.84,53.38],[113.94,53.36],[113.98,53.24],[114.2,53.18],[114.14,53.1],[114.32,53.06],[114.24,52.96],[114.24,52.82],[114.08,52.7],[113.96,52.64],[113.74,52.58],[113.58,52.46],[113.24,52.46],[112.94,52.34],[112.68,52.34],[112.54,52.34],[112.4,52.2],[112.18,52.28],[112.06,52.28],[111.8,52.08],[111.72,52],[111.58,51.92],[111.46,51.88],[111.12,51.82],[110.84,51.66],[110.86,51.6],[110.68,51.5],[110.42,51.52],[110.38,51.58],[110.04,51.62],[109.62,51.44],[109.24,51.36],[109.04,51.5],[108.94,51.44],[108.76,51.44],[108.64,51.5],[108.54,51.42],[108.38,51.24],[108.56,51.16],[108.48,51.06],[108.36,51.06],[108.3,51.02],[108.24,50.84],[108.06,50.76],[108.18,50.66],[108.48,50.58],[108.56,50.46],[108.32,50.4],[108.22,50.42],[108.14,50.32],[108,50.34],[107.92,50.22],[107.76,50.14],[107.8,50.02],[107.74,49.96]]}},{"type":"Feature","properties":{"l":1},"geometry":{"type":"LineString","coordinates":[[88.74,51.56],[89.04,51.6],[89.24,51.64],[89.22,51.56],[89.42,51.6],[89.58,51.56],[89.74,51.58],[89.94,51.76],[90.1,51.76],[90.02,51.98],[90.12,52.04],[90.12,52.12],[90.36,52.2],[90.48,52.18]]}},{"type":"Feature","properties":{"l":1},"geometry":{"type":"LineString","coordinates":[[89.68,36.08],[89.22,36.26],[88.96,36.28],[88.82,36.38],[88.72,36.36],[88.52,36.42],[88.46,36.44],[88,36.42],[87.92,36.38],[87.58,36.34],[87.34,36.38],[87.2,36.3],[87,36.28],[86.78,36.26],[86.72,36.24],[86.46,36.22],[86.4,36.18],[86.22,36.12],[86.08,35.88],[85.92,35.76],[85.72,35.76],[85.62,35.68],[85.38,35.76],[85.26,35.74],[85.14,35.74],[84.92,35.68],[84.78,35.6],[84.56,35.56],[84.22,35.38],[84.14,35.38],[83.98,35.42],[83.88,35.38],[83.56,35.36],[83.46,35.4],[83.24,35.42],[83.1,35.42],[82.98,35.5],[82.98,35.6],[82.94,35.68],[82.78,35.68],[82.72,35.66],[82.42,35.68],[82.32,35.64],[82.28,35.54],[82.08,35.44],[82,35.32],[81.72,35.24],[81.54,35.26],[81.46,35.32],[81.36,35.34],[81.22,35.32],[81.06,35.38],[80.98,35.3],[80.86,35.34],[80.76,35.34],[80.66,35.38],[80.48,35.4],[80.32,35.5]]}},{"type":"Feature","properties":{"l":1},"geometry":{"type":"LineString","coordinates":[[89.68,36.08],[89.52,36.06],[89.44,35.98],[89.48,35.88],[89.58,35.84],[89.78,35.82],[89.78,35.78],[89.72,35.64],[89.7,35.5],[89.74,35.44],[89.48,35.34],[89.46,35.22],[89.58,35.08],[89.58,34.94],[89.78,34.92],[89.82,34.84],[89.72,34.74],[89.8,34.56],[89.8,34.4],[89.84,34.38],[89.78,34.2],[89.64,34.1],[89.74,33.9],[89.88,33.82],[89.98,33.64],[90.14,33.58],[90.2,33.5],[90.2,33.4],[90.32,33.28],[90.44,33.28],[90.66,33.16],[90.8,33.14],[90.94,33.24],[91.12,33.26],[91.18,33.34],[91.36,33.34],[91.38,33.28],[91.54,33.08],[91.72,32.98],[91.82,32.96],[91.98,32.84],[92.08,32.88],[92.2,32.86],[92.22,32.74],[92.46,32.76],[92.64,32.74],[92.72,32.76],[92.86,32.72],[93,32.74],[93.04,32.66],[93.22,32.66],[93.34,32.58],[93.44,32.56],[93.52,32.52],[93.6,32.56],[93.74,32.58],[93.88,32.5],[94.12,32.48],[94.18,32.52],[94.32,32.54],[94.58,32.68],[94.72,32.6],[94.76,32.54],[94.86,32.5],[94.94,32.42],[94.96,32.34],[95.06,32.26],[95.26,32.24],[95.38,32.18],[95.42,32.1],[95.36,31.96],[95.4,31.82],[95.5,31.74],[95.6,31.76],[95.72,31.74],[95.78,31.7],[95.84,31.72],[96.1,31.7],[96.16,31.54],[96.22,31.6],[96.22,31.74],[96.14,31.78],[96.18,31.88],[96.28,31.9],[96.48,31.76],[96.66,31.72],[96.74,31.68],[96.8,31.72],[96.76,31.84],[96.78,31.92],[96.76,31.98],[96.92,32],[97.02,32.02],[97.12,32],[97.26,32.08],[97.26,32.2],[97.36,32.26],[97.4,32.38],[97.32,32.42],[97.36,32.5],[97.56,32.48],[97.64,32.44],[97.72,32.54]]}},{"type":"Feature","properties":{"l":1},"geometry":{"type":"LineString","coordinates":[[96.36,42.72],[96.1,42.58],[96.04,42.5],[96.02,42.14],[96.04,42],[95.86,41.86],[95.78,41.82],[95.5,41.86],[95.06,41.78],[94.58,41.58],[94.02,41.1],[93.76,40.82],[93.66,40.68],[93.58,40.58],[93.28,40.46],[93.04,40.48],[92.92,40.42],[92.92,40.12],[92.78,39.9],[92.78,39.82],[92.94,39.46],[92.94,39.16]]}},{"type":"Feature","properties":{"l":1},"geometry":{"type":"LineString","coordinates":[[92.94,39.16],[92.34,39.04],[92.12,38.94],[91.88,38.88],[91.62,38.82],[91.5,38.82],[91.3,38.74],[91.02,38.7],[90.66,38.68],[90.64,38.62],[90.48,38.54],[90.32,38.46],[90.16,38.44],[90.2,38.32],[90.44,38],[90.42,37.84],[90.44,37.78],[90.84,37.6],[90.96,37.52],[91.08,37.48],[91.16,37.32],[91.24,37.2],[91.32,37.12],[91.28,37.02],[91.2,37],[91.06,36.94],[90.9,36.94],[90.8,36.92],[90.72,36.82],[90.68,36.7],[90.72,36.64],[90.8,36.56],[91,36.5],[91.06,36.32],[91.14,36.14],[91.12,36.08],[90.92,36.02],[90.82,36.02],[90.62,36.12],[90.3,36.12],[90.16,36.12],[90.02,36.26],[89.98,36.1],[89.86,36.06],[89.68,36.08]]}},{"type":"Feature","properties":{"l":1},"geometry":{"type":"LineString","coordinates":[[76.74,33.2],[76.64,33.36],[76.48,33.5],[76.24,33.58],[76.24,33.72],[76.16,33.88],[76.02,33.98],[75.88,33.96],[75.74,34.06],[75.66,34.2],[75.58,34.22],[75.46,34.28],[75.38,34.38],[75.34,34.58]]}},{"type":"Feature","properties":{"l":1},"geometry":{"type":"LineString","coordinates":[[78.38,32.52],[78.28,32.5],[78.3,32.6],[78.38,32.64],[78.36,32.76],[78.26,32.7],[78.12,32.66],[78,32.62],[77.94,32.7],[77.92,32.76],[77.86,32.88],[77.72,33.02],[77.54,32.92],[77.34,32.86],[77.14,32.92],[76.96,33.02],[76.74,33.2]]}},{"type":"Feature","properties":{"l":1},"geometry":{"type":"LineString","coordinates":[[113.78,0.56],[113.92,0.74],[113.94,0.86],[113.86,0.9],[113.86,0.98],[114.02,1.08],[114.2,1.22],[114.22,1.46]]}},{"type":"Feature","properties":{"l":1},"geometry":{"type":"LineString","coordinates":[[116.58,-2.36],[116.4,-2.32],[116.04,-2.28],[116,-2.28],[115.88,-2.36],[115.82,-2.18],[115.82,-2.04],[115.74,-2],[115.74,-1.78],[115.68,-1.64],[115.6,-1.46],[115.68,-1.42]]}},{"type":"Feature","properties":{"l":1},"geometry":{"type":"LineString","coordinates":[[115.68,-1.42],[115.8,-1.3],[115.8,-1.08],[115.74,-1.1],[115.62,-0.98],[115.52,-0.94],[115.46,-0.88],[115.42,-0.78],[115.38,-0.58],[115.32,-0.52],[115.28,-0.32],[115.28,-0.22],[115.34,0],[115.28,0.04],[115.18,0],[115.08,-0.12],[115,-0.18],[114.96,-0.1],[115.02,0.06],[114.96,0.28],[114.96,0.36],[115.08,0.54],[115.06,0.64],[114.98,0.74],[114.74,0.68],[114.66,0.62],[114.38,0.58],[114.18,0.66],[114.04,0.64],[113.96,0.6],[113.78,0.56]]}},{"type":"Feature","properties":{"l":1},"geometry":{"type":"MultiLineString","coordinates":[[[74.12,21.96],[74.06,21.94],[73.92,21.86],[73.8,21.84],[73.82,21.66],[73.76,21.62],[73.82,21.5],[74,21.56],[74.2,21.54],[74.3,21.52],[74.1,21.46],[74.06,21.46],[73.96,21.4],[73.92,21.3],[73.8,21.28],[73.78,21.22],[73.7,21.12],[73.86,20.98],[73.9,20.88],[73.9,20.78],[73.82,20.68],[73.8,20.6],[73.7,20.56],[73.48,20.68],[73.4,20.66],[73.46,20.54],[73.36,20.36],[73.4,20.28],[73.36,20.18],[73.28,20.2],[73.24,20.14],[73.16,20.12]],[[72.94,20.12],[72.7,20.08]]]}},{"type":"Feature","properties":{"l":1},"geometry":{"type":"MultiLineString","coordinates":[[[73.16,20.12],[73.04,20.16],[73.04,20.22],[73.12,20.26],[73.04,20.34],[72.9,20.22],[72.94,20.12]],[[72.82,20.38],[72.88,20.4],[72.84,20.46]],[[71,20.74],[70.96,20.72]]]}},{"type":"Feature","properties":{"l":1},"geometry":{"type":"LineString","coordinates":[[71.06,24.7],[71.26,24.64],[71.38,24.64],[71.54,24.68],[71.66,24.66],[71.76,24.68],[71.94,24.66],[72.06,24.7],[72.1,24.66],[72.26,24.6],[72.5,24.5],[72.56,24.5],[72.66,24.46],[72.74,24.38],[72.9,24.36],[72.96,24.4],[73,24.5],[73.1,24.5],[73.14,24.34],[73.08,24.2],[73.24,24.02],[73.36,24.1],[73.42,23.94],[73.36,23.88],[73.36,23.78],[73.52,23.68],[73.62,23.58],[73.62,23.46],[73.72,23.42],[73.82,23.44],[73.9,23.34],[73.96,23.36],[74.1,23.24],[74.1,23.2],[74.24,23.16],[74.32,23.04]]}},{"type":"Feature","properties":{"l":1},"geometry":{"type":"LineString","coordinates":[[74.32,23.04],[74.36,22.88],[74.42,22.88],[74.46,22.8],[74.38,22.66],[74.28,22.6],[74.16,22.52],[74.06,22.52],[74.02,22.48],[74.12,22.42],[74.22,22.4],[74.22,22.34],[74.06,22.3],[74.08,22.2],[74.14,22.06],[74.12,21.96]]}},{"type":"Feature","properties":{"l":1},"geometry":{"type":"LineString","coordinates":[[121.42,53.32],[121.6,53.24],[121.8,53.02],[121.7,52.9],[121.5,52.78],[121.18,52.6],[121.5,52.44],[121.7,52.38],[121.84,52.26],[122.02,52.28],[122.18,52.48],[122.34,52.46],[122.5,52.3],[122.74,52.24],[122.78,52.2],[122.64,52.1],[122.76,51.84],[122.72,51.7],[122.84,51.56],[122.84,51.52],[122.96,51.38],[123.08,51.32],[123.28,51.26],[123.44,51.28],[123.56,51.2],[123.78,51.24],[123.86,51.32],[124,51.3],[124.16,51.32],[124.36,51.28],[124.5,51.36],[124.66,51.34],[124.82,51.36],[125.06,51.54],[125.12,51.62],[125.34,51.58],[125.48,51.5],[125.58,51.38],[125.72,51.26],[125.84,51.2],[125.88,51.14],[125.98,51.1],[126.06,50.98],[126,50.9],[125.82,50.76],[125.8,50.56],[125.54,50.4],[125.42,50.2],[125.26,50.1],[125.3,50.02],[125.18,49.94],[125.24,49.84],[125.22,49.66],[125.14,49.64],[125.24,49.56],[125.26,49.44],[125.22,49.22],[125.16,49.16],[124.86,49.18],[124.82,49.06],[124.62,48.74],[124.62,48.66],[124.54,48.58],[124.52,48.36],[124.56,48.24],[124.52,48.12],[124.42,48.18],[124.32,48.34],[124.3,48.5],[124.24,48.54],[124.08,48.44],[123.72,48.2],[123.58,48.06],[123.3,47.94],[123.2,47.82],[123.1,47.76],[122.8,47.64],[122.56,47.54],[122.5,47.42],[122.4,47.34],[122.58,47.14],[122.8,47.04],[123,46.84],[123.18,46.76],[123.34,46.84],[123.38,46.9],[123.48,46.82],[123.6,46.78],[123.54,46.7],[123.4,46.6],[123.3,46.58],[123.1,46.62],[123.02,46.62],[122.98,46.4],[123.16,46.22]]}},{"type":"Feature","properties":{"l":1},"geometry":{"type":"LineString","coordinates":[[25.46,-30.62],[25.48,-30.76],[25.52,-30.8],[25.5,-30.94],[25.44,-31.1],[25.36,-31.22],[25.22,-31.2],[24.96,-31.28],[24.76,-31.38],[24.56,-31.4],[24.52,-31.56],[24.5,-31.7],[24.34,-31.72],[24.16,-31.76],[24.14,-31.78]]}},{"type":"Feature","properties":{"l":1},"geometry":{"type":"LineString","coordinates":[[24.14,-31.78],[23.96,-31.72],[23.86,-31.8],[23.8,-31.72],[23.7,-31.66],[23.4,-31.68],[23.3,-31.76],[23.18,-31.88],[23.06,-31.98],[23.02,-31.88],[22.94,-31.86],[22.76,-31.84],[22.6,-31.78],[22.48,-31.66],[22.3,-31.58],[22.14,-31.86],[22.08,-31.9],[22.1,-32.06],[21.98,-32.2],[21.86,-32.24],[21.72,-32.22],[21.56,-32.24],[21.42,-32.34],[21.3,-32.38],[21.2,-32.46],[21.12,-32.6],[20.86,-32.68],[20.82,-32.72],[20.78,-32.86],[20.7,-32.92],[20.54,-32.9],[20.42,-32.94],[20.2,-32.76],[20.12,-32.6],[20.08,-32.42],[20.22,-32.28],[20.14,-32.18],[19.92,-32.36],[19.8,-32.38],[19.7,-32.44],[19.6,-32.46],[19.54,-32.64],[19.48,-32.58],[19.48,-32.46],[19.42,-32.32],[19.5,-32.24],[19.48,-32.08],[19.32,-32.02],[19.22,-31.92],[19.02,-31.9],[19.08,-31.74],[19.06,-31.58],[19.02,-31.5],[19,-31.28],[18.94,-31.2],[18.9,-31],[18.92,-30.94],[18.94,-30.72],[18.84,-30.7],[18.74,-30.58],[18.56,-30.48],[18.46,-30.52],[18.42,-30.5],[18.34,-30.66],[18.24,-30.78],[18.16,-30.82],[18.02,-30.78],[17.9,-30.94],[17.76,-31.16]]}},{"type":"Feature","properties":{"l":1},"geometry":{"type":"LineString","coordinates":[[22.62,-26.12],[22.7,-26.12],[22.7,-26.42],[22.82,-26.44],[22.86,-26.4],[22.92,-26.16],[22.98,-26.16],[23.06,-26.1],[23.1,-25.98],[23.38,-26.02],[23.36,-26.08],[23.22,-26.06],[23.22,-26.12],[23.3,-26.14],[23.22,-26.26],[23.28,-26.34],[23.28,-26.48],[23.46,-26.52],[23.58,-26.62],[23.5,-26.74],[23.84,-26.88],[23.92,-26.86],[23.98,-26.92],[24.02,-27.02],[23.96,-27.1],[23.9,-27.26],[24.08,-27.36],[24.04,-27.48],[24.04,-27.58],[24.12,-27.62],[24.12,-27.74],[24.4,-27.68],[24.44,-27.78],[24.36,-27.9],[24.44,-27.98],[24.44,-28.04],[24.52,-28.1],[24.62,-28],[24.62,-27.9],[24.7,-27.82],[24.68,-27.68],[24.8,-27.62],[24.82,-27.68],[24.98,-27.68],[25.02,-27.7],[24.84,-27.9],[24.94,-28.1],[25.02,-28.06]]}},{"type":"Feature","properties":{"l":1},"geometry":{"type":"LineString","coordinates":[[25.02,-28.06],[24.92,-28.32],[24.84,-28.52],[24.88,-28.64],[24.66,-29.06],[24.34,-29.64],[24.4,-29.76],[24.66,-29.9],[24.68,-29.96],[24.78,-29.98],[24.9,-30.2],[25.02,-30.28],[25.18,-30.46],[25.46,-30.62]]}},{"type":"Feature","properties":{"l":1},"geometry":{"type":"LineString","coordinates":[[95.24,26.66],[95.24,26.8],[95.2,26.86],[95.22,26.98],[95.18,27.04]]}},{"type":"Feature","properties":{"l":1},"geometry":{"type":"LineString","coordinates":[[95.18,27.04],[95.26,27.04],[95.42,27.14],[95.5,27.26],[95.54,27.28],[95.64,27.24],[95.8,27.28],[95.9,27.28],[96,27.36],[95.98,27.44],[95.88,27.46],[95.88,27.56],[95.8,27.62],[95.78,27.72],[95.9,27.86],[95.96,28],[95.72,28],[95.54,27.9],[95.4,27.88],[95.32,27.9],[94.96,27.78]]}},{"type":"Feature","properties":{"l":1},"geometry":{"type":"LineString","coordinates":[[76.74,33.2],[76.62,33.18],[76.56,33.24],[76.4,33.2],[76.3,33.14],[76.22,33.06],[76.1,33.02],[75.98,32.92],[75.82,32.94],[75.9,32.78],[75.92,32.62],[75.84,32.52]]}},{"type":"Feature","properties":{"l":1},"geometry":{"type":"LineString","coordinates":[[75.84,32.52],[75.74,32.46],[75.68,32.4],[75.62,32.4],[75.5,32.3],[75.4,32.34],[75.3,32.34]]}},{"type":"Feature","properties":{"l":1},"geometry":{"type":"LineString","coordinates":[[97.72,32.54],[98.02,32.46],[98.08,32.4],[98.2,32.36],[98.22,32.26],[98.3,32.12],[98.46,31.98],[98.42,31.88],[98.44,31.8],[98.56,31.68],[98.6,31.6],[98.88,31.36],[98.76,31.24],[98.68,31.32],[98.62,31.26],[98.62,31.18],[98.8,31],[98.78,30.9],[98.96,30.74],[98.9,30.66],[98.94,30.5],[98.98,30.14],[99.04,30.06],[99.06,29.92],[99,29.82],[98.98,29.66],[99.04,29.56],[99.06,29.3],[99.1,29.22]]}},{"type":"Feature","properties":{"l":1},"geometry":{"type":"LineString","coordinates":[[99.1,29.22],[99,29.2],[99,29.08],[98.94,28.98],[98.9,28.92],[98.94,28.84],[98.88,28.82],[98.82,28.88],[98.78,29],[98.66,28.98],[98.64,28.88],[98.68,28.76],[98.58,28.68],[98.64,28.42],[98.58,28.32],[98.48,28.24],[98.4,28.26],[98.3,28.36],[98.24,28.2],[98.1,28.14]]}},{"type":"Feature","properties":{"l":1},"geometry":{"type":"LineString","coordinates":[[88.74,51.56],[88.96,51.44],[88.94,51.22],[89.04,51.18],[89.06,51.06],[89.38,50.86],[89.68,50.58],[89.78,50.56],[89.86,50.48],[89.84,50.42],[89.5,50.36],[89.4,50.32],[89.34,50.2],[89.5,50.2],[89.56,50.06],[89.64,49.9]]}},{"type":"Feature","properties":{"l":1},"geometry":{"type":"LineString","coordinates":[[27.66,58.98],[27.88,59.02],[28.14,59],[28.28,58.86],[28.56,58.86],[28.76,58.82],[28.94,58.82],[29.24,58.7],[29.44,58.6],[29.54,58.48],[29.78,58.44],[29.98,58.44]]}},{"type":"Feature","properties":{"l":1},"geometry":{"type":"LineString","coordinates":[[87.18,52.62],[87.34,52.6],[87.38,52.52],[87.58,52.48],[87.64,52.44],[87.92,52.54],[88.2,52.42],[88.42,52.46],[88.42,52.36],[88.36,52.3],[88.36,52.16]]}},{"type":"Feature","properties":{"l":1},"geometry":{"type":"LineString","coordinates":[[88.36,52.16],[88.12,52.1],[87.84,51.82],[88.08,51.72],[87.96,51.6],[87.86,51.54],[88.1,51.44],[88.14,51.38],[88.36,51.32],[88.5,51.32],[88.66,51.42],[88.66,51.54],[88.74,51.56]]}},{"type":"Feature","properties":{"l":1},"geometry":{"type":"LineString","coordinates":[[101.78,33.54],[101.62,33.52],[101.58,33.64],[101.5,33.7],[101.4,33.64],[101.16,33.66],[101.16,33.76],[101.12,33.86],[101,33.88],[100.94,33.92],[100.8,34.16],[100.82,34.3],[100.94,34.38],[101.04,34.34],[101.26,34.3],[101.32,34.26],[101.62,34.2],[101.64,34.14],[101.78,34.06],[101.86,34.14],[102.02,34.18],[102.08,34.26],[102.22,34.36],[102.16,34.5],[102.02,34.54],[101.94,34.6],[101.92,34.66],[101.8,34.64],[101.76,34.7],[101.92,34.78],[101.92,34.84],[102,34.94],[102.26,35.06],[102.38,35.2],[102.32,35.28],[102.28,35.4],[102.42,35.44],[102.54,35.54],[102.7,35.52],[102.72,35.62],[102.68,35.76],[102.7,35.84],[102.84,35.86],[102.98,35.84],[103,36],[102.94,36.08],[103.04,36.22],[102.9,36.3],[102.82,36.32],[102.76,36.5],[102.7,36.6],[102.62,36.66],[102.62,36.72],[102.68,36.8],[102.46,36.96],[102.5,37.08],[102.56,37.16],[102.42,37.28],[102.24,37.38],[102.14,37.4],[102.04,37.48],[102.06,37.54],[102,37.62],[101.94,37.74],[101.76,37.52],[101.64,37.62],[101.3,37.8],[101.04,37.96],[100.64,38.1],[100.56,38.26],[100.5,38.28],[100.36,38.3],[100.14,38.48],[100.08,38.4],[100.16,38.3],[100.08,38.28],[99.8,38.36],[99.56,38.52],[99.5,38.6],[99.1,38.88],[99.1,38.96],[98.96,38.98],[98.9,39.04],[98.78,39.06],[98.6,38.94],[98.44,38.96],[98.32,39.02],[98.26,38.94],[98.06,38.8],[98.02,38.84],[97.7,38.98],[97.36,39.16],[97.14,39.2],[97.02,39.2],[96.96,39.1],[97,39],[96.98,38.86],[96.98,38.74],[96.94,38.64],[96.98,38.56],[96.94,38.36],[96.84,38.36],[96.52,38.48],[96.5,38.54],[96.32,38.62],[96.06,38.68],[96,38.76],[95.9,38.78],[95.78,38.86],[95.72,38.88],[95.56,39.02],[95.46,39.04],[95.3,39.18],[95.06,39.14],[94.92,39.2],[94.72,39.24],[94.64,39.3],[94.48,39.32],[94.12,39.32],[93.9,39.28],[93.72,39.3],[93.5,39.28],[93.4,39.22],[93.28,39.18],[93.14,39.2],[93.04,39.16],[92.94,39.16]]}},{"type":"Feature","properties":{"l":1},"geometry":{"type":"LineString","coordinates":[[84.06,50.62],[84.18,50.66],[84.54,50.7],[84.6,50.86],[84.52,50.88],[84.48,50.98],[84.26,51],[84.02,51.06],[84.02,51.14],[84.18,51.14],[84.26,51.28],[84.4,51.26],[84.7,51.4],[84.94,51.42],[85,51.48],[85.24,51.48],[85.32,51.56],[85.42,51.56],[85.54,51.7],[85.66,51.76],[85.74,51.86],[85.88,51.92],[85.84,51.98],[85.94,52.08],[86.14,52.08],[86.26,52.02],[86.44,52.02],[86.5,52.12],[86.76,52.1],[86.82,52.14],[86.8,52.3],[86.62,52.38],[86.84,52.64],[86.96,52.64],[87.12,52.66],[87.18,52.62]]}},{"type":"Feature","properties":{"l":1},"geometry":{"type":"LineString","coordinates":[[107.28,37.06],[107.3,36.9],[107.5,36.9],[107.54,36.84],[107.7,36.82],[107.88,36.76],[108.04,36.6],[108.36,36.54],[108.44,36.46],[108.6,36.44],[108.7,36.36],[108.64,36.22],[108.7,36.12],[108.68,36],[108.5,35.88],[108.52,35.78],[108.5,35.7],[108.6,35.54],[108.62,35.4],[108.5,35.28],[108.28,35.26],[108.16,35.3],[107.98,35.22],[107.92,35.26],[107.74,35.32],[107.68,35.22],[107.84,34.98],[107.72,34.96],[107.56,34.96],[107.5,34.92],[107.32,34.94],[107.22,34.9],[107.06,35.04],[106.92,35.08],[106.56,35.08],[106.5,35.04],[106.5,34.92],[106.54,34.86],[106.5,34.74],[106.32,34.58],[106.36,34.52],[106.5,34.52],[106.62,34.46],[106.68,34.38],[106.66,34.26],[106.56,34.28],[106.58,34.14],[106.52,34.1],[106.44,33.94],[106.48,33.86],[106.46,33.8],[106.48,33.7],[106.56,33.6],[106.5,33.54],[106.4,33.62],[106.18,33.56],[106.08,33.62],[106,33.62],[105.96,33.56],[105.84,33.5],[105.78,33.4],[105.72,33.38],[105.74,33.3],[105.92,33.24],[105.92,33.04],[105.88,32.98],[105.64,32.88],[105.5,32.9]]}},{"type":"Feature","properties":{"l":1},"geometry":{"type":"LineString","coordinates":[[105.5,32.9],[105.44,32.92],[105.38,32.82],[105.44,32.78],[105.26,32.64],[105.14,32.6],[105.04,32.64],[104.9,32.62],[104.84,32.64],[104.64,32.66],[104.56,32.68],[104.4,32.8],[104.28,32.84],[104.32,32.96],[104.38,32.96],[104.4,33.06],[104.32,33.14],[104.28,33.28],[104.3,33.36],[104.18,33.5],[104.16,33.62],[104.1,33.66],[103.92,33.68],[103.74,33.68],[103.66,33.72],[103.52,33.72],[103.56,33.8],[103.36,33.76],[103.28,33.76],[103.18,33.82],[103.2,33.88],[103.14,33.96],[103.16,34.1],[103.12,34.16],[103,34.22],[102.94,34.3],[102.78,34.28],[102.6,34.16],[102.62,34.08],[102.44,34.06],[102.38,33.98],[102.32,33.98],[102.18,33.94],[102.34,33.72],[102.36,33.6],[102.48,33.54],[102.48,33.46],[102.28,33.38],[102.14,33.28],[102.1,33.22],[102,33.22],[101.86,33.12],[101.84,33.26],[101.92,33.4],[101.88,33.54],[101.78,33.54]]}},{"type":"Feature","properties":{"l":1},"geometry":{"type":"LineString","coordinates":[[104.36,37.4],[104.26,37.4],[104.1,37.46],[103.86,37.62],[103.68,37.78],[103.44,37.84],[103.38,38],[103.38,38.1],[103.52,38.14],[103.48,38.44],[103.8,38.6],[103.98,38.76],[104.04,38.88],[104.18,38.96],[104.22,39.1],[104.06,39.3],[104.02,39.44],[103.74,39.42],[103.46,39.36],[103.28,39.3],[102.96,39.12],[102.84,39.14],[102.6,39.18],[102.4,39.24],[101.82,39.06],[102.02,38.9],[101.84,38.68],[101.58,38.68],[101.42,38.74],[101.32,38.76],[101.32,38.82],[101.24,38.88],[101.18,39.02],[101.04,39],[100.88,39.1],[100.86,39.16],[100.84,39.38],[100.78,39.4],[100.54,39.4],[100.46,39.5],[100.3,39.54],[100.28,39.62],[100.18,39.7],[100.04,39.72],[99.68,39.88],[99.44,39.88],[99.54,40],[99.62,40.06],[99.9,40.2],[100.02,40.4],[100.14,40.52],[100.2,40.62],[100.18,40.74],[100.08,40.86],[100.02,40.9],[99.66,40.9],[99.5,40.84],[99.16,40.84],[98.82,40.72],[98.64,40.56],[98.52,40.54],[98.24,40.54],[98.32,40.86],[98.3,40.92],[98.2,40.96],[97.96,41.12],[97.7,41.34],[97.64,41.46],[97.68,41.5],[97.84,41.62],[97.2,42.78]]}},{"type":"Feature","properties":{"l":1},"geometry":{"type":"LineString","coordinates":[[104.36,37.4],[104.46,37.44],[104.68,37.42],[104.72,37.34],[104.62,37.24],[104.7,37.22],[104.76,37.26],[104.86,37.22],[104.92,37.1],[105.18,36.98],[105.32,36.78],[105.22,36.7],[105.26,36.56],[105.4,36.38],[105.44,36.26],[105.44,36.1],[105.36,36.06],[105.32,35.94],[105.44,35.76],[105.68,35.66],[105.82,35.5],[105.94,35.52],[106.06,35.48],[106.12,35.42],[106.22,35.4],[106.32,35.28],[106.38,35.26],[106.46,35.34],[106.5,35.56],[106.42,35.7],[106.76,35.7],[106.92,35.78],[106.84,35.88],[106.92,35.9],[106.94,36.08],[106.82,36.22],[106.74,36.2],[106.6,36.28],[106.5,36.26],[106.5,36.44],[106.44,36.52],[106.5,36.56],[106.5,36.7],[106.6,36.72],[106.64,36.84],[106.58,36.94],[106.64,37],[106.64,37.18],[106.8,37.18],[106.94,37.1],[107.18,37.12],[107.28,37.06]]}},{"type":"Feature","properties":{"l":1},"geometry":{"type":"LineString","coordinates":[[111.12,39.38],[111.04,39.42],[111.14,39.56],[111.02,39.56],[110.84,39.46],[110.68,39.26],[110.6,39.26],[110.5,39.38],[110.34,39.32],[110.22,39.42],[110.1,39.42],[110.18,39.28],[109.96,39.18],[109.82,39.06],[109.68,39.02],[109.64,38.9],[109.54,38.78],[109.42,38.76],[109.32,38.62],[109.16,38.54],[108.98,38.34],[108.96,38.2],[109.02,38.12],[109,37.98],[108.96,37.92],[108.86,37.98],[108.8,37.94],[108.76,37.68],[108.5,37.66],[108.34,37.64],[108.04,37.64],[108,37.72],[107.88,37.8],[107.66,37.86]]}},{"type":"Feature","properties":{"l":1},"geometry":{"type":"LineString","coordinates":[[107.66,37.86],[107.4,37.92],[107.32,38.06],[107.16,38.14],[107.06,38.12],[106.82,38.16],[106.48,38.3],[106.64,38.46],[106.7,38.64],[106.94,38.92],[106.98,39.04],[106.92,39.06],[106.8,39.2],[106.78,39.36],[106.62,39.36],[106.5,39.28],[106.34,39.3],[106.28,39.26],[106.28,39.16],[106.12,39.12],[106.06,38.98],[105.9,38.74],[105.84,38.58],[105.82,38.22],[105.76,38.14],[105.82,38],[105.78,37.8],[105.66,37.74],[105.54,37.72],[105.36,37.76],[105.08,37.66],[104.94,37.54],[104.64,37.5],[104.52,37.52],[104.42,37.5],[104.36,37.4]]}},{"type":"Feature","properties":{"l":1},"geometry":{"type":"LineString","coordinates":[[119.24,41.28],[119.16,41.32],[118.72,41.34],[118.48,41.36],[118.38,41.32],[118.32,41.56],[118.24,41.6],[118.16,41.72],[118.28,41.76],[118.32,41.86],[118.26,42.08],[118.14,42.02],[118.08,42.18],[117.98,42.22],[118.04,42.28],[118.02,42.38],[117.8,42.56],[117.74,42.6],[117.6,42.56],[117.46,42.54],[117.42,42.46],[117.24,42.48],[117.06,42.46],[116.88,42.4],[116.82,42.3],[116.88,42.22],[116.86,42.02],[116.6,41.92],[116.46,41.94],[116.38,42],[116.2,41.88],[116.12,41.88],[116.04,41.8],[115.94,41.92],[115.86,41.92],[115.52,41.78],[115.34,41.72],[115.34,41.62],[115.22,41.58],[115.1,41.62],[114.88,41.62],[114.88,41.82],[114.94,41.84],[114.92,41.94],[114.8,42.18],[114.76,42.14],[114.6,42.14],[114.48,42.08],[114.42,41.96],[114.26,41.86],[114.22,41.76],[114.2,41.6],[114.02,41.54],[113.92,41.42],[113.9,41.3],[113.98,41.24],[113.96,41.16],[113.88,41.1],[113.9,41.02],[114.02,40.92],[114.06,40.82],[114.16,40.74]]}},{"type":"Feature","properties":{"l":1},"geometry":{"type":"LineString","coordinates":[[114.16,40.74],[114.02,40.64],[114.08,40.56],[114.04,40.48],[113.8,40.44],[113.68,40.42],[113.52,40.34],[113.34,40.32],[113.22,40.42],[113.08,40.4],[112.96,40.36],[112.84,40.22],[112.74,40.18],[112.6,40.24],[112.4,40.28],[112.28,40.22],[112.16,40.06],[112.1,40],[111.92,39.68],[111.76,39.6],[111.68,39.64],[111.48,39.66],[111.42,39.62],[111.42,39.52],[111.34,39.44],[111.2,39.42],[111.12,39.38]]}},{"type":"Feature","properties":{"l":1},"geometry":{"type":"LineString","coordinates":[[123.16,46.22],[123.06,46.1],[122.8,46.08],[122.8,45.92],[122.78,45.78],[122.64,45.72],[122.5,45.82],[122.4,45.94],[122.24,45.82],[122,45.98],[121.78,46.02],[121.82,45.92],[121.66,45.72],[121.78,45.68],[121.94,45.68],[121.96,45.56],[122.02,45.48],[122.14,45.44],[122.24,45.28],[122.2,45.2],[122.02,45.12],[122.04,44.94],[122.02,44.84],[122.04,44.7],[122.08,44.62],[122.28,44.42],[122.26,44.24],[122.38,44.22],[122.72,44.34],[122.96,44.44],[123.04,44.52],[123.12,44.5],[123.12,44.4],[123.16,44.36],[123.26,44.2],[123.36,44.16],[123.32,44.04],[123.52,43.7],[123.48,43.6],[123.36,43.54],[123.38,43.46],[123.6,43.36],[123.7,43.36]]}},{"type":"Feature","properties":{"l":1},"geometry":{"type":"LineString","coordinates":[[123.7,43.36],[123.62,43.08],[123.36,43.02],[123.18,42.94],[123.14,42.82],[122.9,42.74],[122.72,42.74],[122.48,42.84],[122.36,42.8],[122.42,42.72],[122.4,42.66],[122.3,42.64],[122.04,42.72],[121.92,42.64],[121.88,42.54],[121.72,42.46],[121.64,42.46],[121.54,42.54],[121.36,42.5],[121.04,42.26],[120.92,42.3],[120.74,42.22],[120.62,42.16],[120.5,42.14],[120.46,42.04],[120.34,41.96],[120.14,41.78],[120.1,41.7],[120.02,41.74],[120.04,41.86],[119.96,41.98],[119.9,42],[119.8,42.12],[119.82,42.2],[119.62,42.26],[119.56,42.38],[119.34,42.28],[119.24,42.2],[119.36,42.1],[119.32,41.96],[119.34,41.86],[119.3,41.78],[119.32,41.66],[119.38,41.48],[119.36,41.38],[119.24,41.28]]}},{"type":"Feature","properties":{"l":1},"geometry":{"type":"LineString","coordinates":[[44.84,43.58],[45.04,43.5],[45.12,43.2],[45.16,43.12],[45.14,43.08],[45.16,42.94],[45.14,42.84],[45.18,42.8],[45.08,42.7]]}},{"type":"Feature","properties":{"l":1},"geometry":{"type":"LineString","coordinates":[[44.84,43.66],[45,43.7],[45.08,43.78],[45.08,43.96],[45.18,43.96],[45.24,43.88],[45.44,43.88],[45.46,44],[45.5,44.02]]}},{"type":"Feature","properties":{"l":1},"geometry":{"type":"LineString","coordinates":[[44.84,43.66],[44.84,43.58]]}},{"type":"Feature","properties":{"l":1},"geometry":{"type":"LineString","coordinates":[[44.84,43.58],[44.76,43.62],[44.62,43.6],[44.52,43.56],[44.5,43.4],[44.58,43.4],[44.58,43.24],[44.72,43.22],[44.82,43.16],[44.92,43.08],[44.94,42.92],[44.86,42.84],[44.62,42.88],[44.64,42.74]]}},{"type":"Feature","properties":{"l":1},"geometry":{"type":"LineString","coordinates":[[44.28,43.82],[44.32,43.66],[44.44,43.66],[44.38,43.5],[44.18,43.36],[44.1,43.44],[44.04,43.36],[44.08,43.28],[43.9,43.26],[43.84,43.32],[43.74,43.12],[43.56,42.94],[43.44,42.96],[43.38,42.88]]}},{"type":"Feature","properties":{"l":1},"geometry":{"type":"LineString","coordinates":[[44.28,43.82],[44.4,43.8],[44.7,43.82],[44.8,43.8],[44.84,43.66]]}},{"type":"Feature","properties":{"l":1},"geometry":{"type":"LineString","coordinates":[[42.68,43.8],[42.68,43.7],[42.46,43.62],[42.48,43.5],[42.4,43.4],[42.4,43.28],[42.36,43.24]]}},{"type":"Feature","properties":{"l":1},"geometry":{"type":"LineString","coordinates":[[42.68,43.8],[42.86,43.82],[42.98,43.9],[43.12,43.9],[43.18,43.94],[43.26,43.9],[43.3,43.82],[43.5,43.86],[43.72,43.84],[43.8,43.94],[43.9,44],[44.26,43.92],[44.28,43.82]]}},{"type":"Feature","properties":{"l":1},"geometry":{"type":"LineString","coordinates":[[39.76,45.12],[39.64,45.2],[39.54,45.16],[39.32,45],[39.04,44.96],[38.92,45.02],[38.72,45.02],[38.76,44.94],[39.06,44.82],[39.56,44.8],[39.64,44.86],[39.48,44.96],[39.5,45.04],[39.64,45.04],[39.76,44.94],[39.88,45],[40.02,44.72],[39.92,44.7],[39.92,44.58],[39.88,44.48],[39.8,44.36],[39.9,44.32],[39.98,44.26],[40.08,44.24],[39.98,44.08],[39.9,44.08],[39.8,44.18],[39.72,44.12],[39.76,44.06],[39.72,43.92],[39.94,43.9],[40.28,43.76],[40.34,43.76],[40.46,43.98],[40.38,44.04],[40.36,44.2],[40.44,44.28],[40.4,44.34],[40.4,44.5],[40.32,44.56],[40.4,44.72],[40.56,44.72],[40.62,44.76],[40.52,44.92],[40.42,45],[40.18,45.1],[39.96,45.08],[39.76,45.12]]}},{"type":"Feature","properties":{"l":1},"geometry":{"type":"LineString","coordinates":[[41.72,44.46],[41.9,44.5],[41.94,44.4],[42.04,44.36],[42.22,44.34],[42.34,44.3],[42.5,44.3],[42.56,44.24],[42.3,44.12],[42.3,44.06],[42.38,43.98],[42.5,44.04],[42.66,43.92],[42.68,43.8]]}},{"type":"Feature","properties":{"l":1},"geometry":{"type":"LineString","coordinates":[[41.16,45.96],[41.26,45.88],[41.28,45.76],[41.18,45.7],[40.88,45.7],[40.84,45.54],[40.92,45.42],[41,45.38],[41.04,45.22],[41.26,45.22],[41.36,45.22],[41.34,45.12],[41.46,44.98],[41.64,44.98],[41.66,44.9],[41.54,44.74],[41.42,44.7],[41.56,44.54],[41.7,44.5],[41.72,44.46]]}},{"type":"Feature","properties":{"l":1},"geometry":{"type":"LineString","coordinates":[[41.72,44.46],[41.6,44.36],[41.7,44.3],[41.72,44.24],[41.64,44.12],[41.54,44.08],[41.44,44],[41.28,44.02],[41.26,44.08],[40.98,44.12],[40.96,43.98],[40.78,43.92],[40.72,43.82],[40.72,43.64],[40.68,43.52]]}},{"type":"Feature","properties":{"l":1},"geometry":{"type":"LineString","coordinates":[[31.46,55.72],[31.18,55.74],[31.04,55.76],[30.9,55.58]]}},{"type":"Feature","properties":{"l":1},"geometry":{"type":"LineString","coordinates":[[38.66,46.88],[38.7,46.82],[38.88,46.8],[38.84,46.72],[38.88,46.64],[39.1,46.6],[39.18,46.68],[39.44,46.8],[39.58,46.78],[39.82,46.78],[40.02,46.76],[40.14,46.72],[40.04,46.62],[40.06,46.54],[40.22,46.52],[40.28,46.4],[40.24,46.36],[40.34,46.28],[40.74,46.28],[40.96,46.2],[41,46.12],[41.12,46.06],[41.16,45.96]]}},{"type":"Feature","properties":{"l":1},"geometry":{"type":"LineString","coordinates":[[29.98,58.44],[29.66,58.24],[29.68,58.08],[29.82,58.08],[29.96,57.94],[30.16,57.92],[30.52,57.88],[30.52,57.74],[30.48,57.68],[30.6,57.62],[30.5,57.48],[30.52,57.32],[30.78,57.26],[30.64,57.2],[30.64,56.98],[30.8,56.96],[31,56.96]]}},{"type":"Feature","properties":{"l":1},"geometry":{"type":"LineString","coordinates":[[31,56.96],[30.9,56.9],[30.9,56.8],[30.82,56.72],[30.92,56.66],[31.08,56.62],[31.02,56.52],[31.22,56.44],[31.24,56.34],[31.5,56.3],[31.48,56.12],[31.5,56.02],[31.34,55.96],[31.42,55.88],[31.46,55.72]]}},{"type":"Feature","properties":{"l":1},"geometry":{"type":"LineString","coordinates":[[81.4,17.8],[81.24,17.8],[81.14,17.84],[81.04,17.78],[80.98,17.84],[80.98,17.96],[80.94,18.08],[80.86,18.2],[80.78,18.24],[80.7,18.42],[80.58,18.54],[80.5,18.6],[80.4,18.58],[80.32,18.64],[80.28,18.72]]}},{"type":"Feature","properties":{"l":1},"geometry":{"type":"LineString","coordinates":[[-50.24,-9.84],[-50.18,-9.74],[-50.08,-9.42],[-49.98,-9.22],[-49.82,-9.02],[-49.7,-8.9],[-49.62,-8.84],[-49.5,-8.7],[-49.38,-8.5],[-49.28,-8.3],[-49.22,-8.14],[-49.18,-8],[-49.18,-7.86],[-49.22,-7.76],[-49.34,-7.64],[-49.34,-7.52],[-49.24,-7.34],[-49.2,-7.16],[-49.2,-7],[-49.08,-6.86],[-48.8,-6.72],[-48.66,-6.6],[-48.62,-6.48],[-48.58,-6.42],[-48.52,-6.38],[-48.48,-6.36],[-48.42,-6.36],[-48.4,-6.3],[-48.42,-6.2],[-48.38,-6.14],[-48.32,-6.12],[-48.3,-6.06],[-48.32,-6],[-48.26,-5.94],[-48.24,-5.88],[-48.28,-5.8],[-48.26,-5.72],[-48.18,-5.68],[-48.16,-5.62],[-48.2,-5.56],[-48.24,-5.54],[-48.32,-5.48],[-48.36,-5.42],[-48.42,-5.4],[-48.52,-5.4],[-48.6,-5.4],[-48.7,-5.36]]}},{"type":"Feature","properties":{"l":1},"geometry":{"type":"LineString","coordinates":[[-48.7,-5.36],[-48.64,-5.34],[-48.58,-5.28],[-48.52,-5.22],[-48.46,-5.18],[-48.38,-5.16],[-48.28,-5.18],[-48.16,-5.24],[-48.06,-5.26],[-47.96,-5.26],[-47.88,-5.28],[-47.86,-5.36],[-47.76,-5.4],[-47.62,-5.46],[-47.52,-5.5],[-47.48,-5.56],[-47.44,-5.74],[-47.4,-6.08],[-47.4,-6.42],[-47.48,-6.8],[-47.54,-7.02],[-47.6,-7.12],[-47.66,-7.16],[-47.72,-7.18],[-47.66,-7.28],[-47.62,-7.3],[-47.54,-7.28],[-47.5,-7.36],[-47.5,-7.44],[-47.46,-7.54],[-47.34,-7.66],[-47.28,-7.74],[-47.16,-7.86],[-47.08,-7.98],[-47.02,-8.04],[-46.86,-7.96],[-46.74,-7.92],[-46.58,-7.9],[-46.48,-7.96],[-46.46,-8.08],[-46.5,-8.18],[-46.5,-8.28],[-46.54,-8.32],[-46.5,-8.4],[-46.66,-8.4],[-46.8,-8.44],[-46.84,-8.48],[-46.88,-8.58],[-46.92,-8.74],[-46.9,-8.82],[-47.06,-8.98],[-47.08,-9.04],[-47.04,-9.06],[-46.94,-9.08],[-46.84,-9.16],[-46.82,-9.3],[-46.76,-9.4],[-46.56,-9.5],[-46.54,-9.56],[-46.6,-9.66],[-46.66,-9.66],[-46.66,-9.74],[-46.5,-9.86],[-46.46,-9.94],[-46.48,-10],[-46.34,-10.16],[-46.28,-10.18],[-46.2,-10.18],[-46.08,-10.2],[-46.04,-10.28],[-45.94,-10.32]]}},{"type":"Feature","properties":{"l":1},"geometry":{"type":"LineString","coordinates":[[-50.96,-19.52],[-51,-19.66],[-51,-20.1]]}},{"type":"Feature","properties":{"l":1},"geometry":{"type":"LineString","coordinates":[[-53.12,-22.64],[-53.28,-22.76],[-53.48,-22.86],[-53.62,-23],[-53.68,-23.18],[-53.78,-23.32],[-53.9,-23.4],[-54,-23.58],[-54.06,-23.82],[-54.12,-23.98],[-54.24,-24.04]]}},{"type":"Feature","properties":{"l":1},"geometry":{"type":"LineString","coordinates":[[-44.84,-22.4],[-44.74,-22.36],[-44.66,-22.36],[-44.6,-22.32],[-44.54,-22.3],[-44.44,-22.26],[-44.3,-22.24],[-44.22,-22.24],[-44.1,-22.18],[-43.9,-22.1],[-43.82,-22.06],[-43.56,-22.06],[-43.46,-22.06],[-43.34,-22],[-43.14,-22.02],[-43.06,-22.06],[-42.28,-21.72],[-42.28,-21.64],[-42.36,-21.64],[-42.3,-21.48],[-42.3,-21.4],[-42.22,-21.34],[-42.18,-21.16],[-42.1,-21],[-42.14,-20.96],[-42.1,-20.92],[-42,-20.94],[-41.92,-20.82],[-41.86,-20.78]]}},{"type":"Feature","properties":{"l":1},"geometry":{"type":"LineString","coordinates":[[-38.22,-9.36],[-37.98,-9.52],[-37.98,-9.52]]}},{"type":"Feature","properties":{"l":1},"geometry":{"type":"LineString","coordinates":[[-37.98,-9.52],[-37.42,-9.78],[-37.2,-9.88],[-37.02,-9.96],[-36.96,-10.02],[-36.94,-10.08],[-36.88,-10.16],[-36.78,-10.22],[-36.7,-10.26],[-36.64,-10.26],[-36.6,-10.3],[-36.58,-10.38],[-36.54,-10.42],[-36.48,-10.42],[-36.42,-10.5]]}},{"type":"Feature","properties":{"l":1},"geometry":{"type":"LineString","coordinates":[[-66.82,-9.84],[-66.74,-9.74],[-66.6,-9.66],[-66.5,-9.64],[-66.4,-9.52],[-66.4,-9.4],[-66.1,-9.42],[-66,-9.4],[-65.94,-9.42],[-65.76,-9.56],[-65.68,-9.54],[-65.64,-9.44],[-65.52,-9.42],[-65.44,-9.44],[-65.42,-9.4],[-65.22,-9.26],[-65.18,-9.38],[-65.1,-9.44],[-65.04,-9.4],[-64.9,-9.22],[-64.92,-9.12],[-64.88,-9.06],[-64.78,-8.98],[-64.7,-9.02],[-64.6,-9.02],[-64.48,-8.94],[-64.42,-8.98],[-64.22,-8.94],[-64.12,-8.94],[-64.12,-8.68],[-64.08,-8.72],[-64,-8.68],[-63.92,-8.54],[-64,-8.44],[-63.92,-8.34],[-63.76,-8.28],[-63.72,-8.2],[-63.6,-8.16],[-63.58,-8.08],[-63.54,-8],[-62.9,-8],[-62.82,-8.02],[-62.72,-8.06],[-62.68,-8.12],[-62.64,-8.22],[-62.56,-8.28],[-62.54,-8.36],[-62.46,-8.34],[-62.38,-8.38],[-62.3,-8.58],[-62.18,-8.62],[-62.14,-8.76],[-62,-8.82],[-61.92,-8.88],[-61.84,-8.74],[-61.76,-8.72],[-61.72,-8.68],[-61.6,-8.72],[-61.6,-8.76]]}},{"type":"Feature","properties":{"l":1},"geometry":{"type":"LineString","coordinates":[[-53.06,-18.02],[-53.12,-17.86],[-53.22,-17.4],[-53.2,-17.3],[-53.16,-17.2],[-53.08,-17.1],[-53.04,-17],[-53.02,-16.92],[-52.94,-16.82],[-52.78,-16.7],[-52.68,-16.58],[-52.62,-16.42],[-52.68,-16.36],[-52.66,-16.28],[-52.54,-16.22],[-52.54,-16.16],[-52.42,-16.08],[-52.36,-16.06],[-52.3,-16],[-52.26,-15.94],[-52.14,-15.88],[-51.96,-15.82],[-51.84,-15.74],[-51.8,-15.66],[-51.78,-15.6],[-51.78,-15.52],[-51.74,-15.5],[-51.7,-15.4],[-51.66,-15.26],[-51.58,-15.14],[-51.48,-15.04],[-51.28,-15],[-51.18,-14.98],[-51.12,-14.84],[-50.98,-14.46],[-50.94,-14.2],[-50.9,-14.1],[-50.86,-14],[-50.86,-13.8],[-50.8,-13.62],[-50.66,-13.4],[-50.6,-13.24],[-50.6,-13.14],[-50.56,-13.02],[-50.48,-12.84]]}},{"type":"Feature","properties":{"l":1},"geometry":{"type":"LineString","coordinates":[[80.32,35.5],[80.28,35.52],[80.24,35.48],[80.26,35.4],[80.2,35.32],[80.1,35.18],[80.02,35.1],[80.04,35.04],[80.04,34.98],[79.9,34.94],[79.88,34.9],[79.9,34.86],[79.94,34.76],[79.96,34.66],[79.9,34.58],[79.82,34.46],[79.76,34.42],[79.68,34.44],[79.56,34.48],[79.46,34.48],[79.34,34.44],[79.2,34.44],[79.04,34.38],[78.96,34.32]]}},{"type":"Feature","properties":{"l":1},"geometry":{"type":"LineString","coordinates":[[92.08,26.92],[92.2,26.92],[92.46,26.96],[92.62,27.04],[92.72,27.06],[92.9,27.04],[92.96,26.98],[93.1,26.96],[93.42,27],[93.5,26.98],[93.68,26.98],[93.84,27.1],[93.9,27.24],[94.12,27.46],[94.2,27.54],[94.24,27.62],[94.28,27.62],[94.42,27.58],[94.66,27.66],[94.96,27.78]]}},{"type":"Feature","properties":{"l":1},"geometry":{"type":"LineString","coordinates":[[116.88,39.68],[116.92,39.78],[116.78,39.88],[116.74,39.96],[116.82,40.04],[116.98,40.04],[117.24,40.1]]}},{"type":"Feature","properties":{"l":1},"geometry":{"type":"LineString","coordinates":[[116.8,39.6],[116.8,39.5],[116.86,39.34],[116.82,39.22],[116.9,39.1],[116.72,39.02],[116.68,38.92],[116.72,38.82],[116.88,38.7],[117.02,38.7],[117.1,38.62],[117.18,38.6],[117.28,38.56],[117.56,38.62]]}},{"type":"Feature","properties":{"l":1},"geometry":{"type":"LineString","coordinates":[[117.24,40.1],[117.14,39.94],[117.2,39.76],[117.16,39.62],[116.88,39.68]]}}]}